url,state,city,address_slug
https://locations.tacobell.com/ca/bakersfield/2605-hosking-ave.html,ca,bakersfield,2605-hosking-ave
https://locations.tacobell.com/mo/versailles/405-south-state-hwy-5.html,mo,versailles,405-south-state-hwy-5
https://locations.tacobell.com/ok/stigler/1305-east-main-street.html,ok,stigler,1305-east-main-street
https://locations.tacobell.com/sc/sumter/2036-mccrays-mill-rd.html,sc,sumter,2036-mccrays-mill-rd
https://locations.tacobell.com/oh/georgetown/4859-oh-125.html,oh,georgetown,4859-oh-125
https://locations.tacobell.com/ny/staten-island/245-page-age.html,ny,staten-island,245-page-age
https://locations.tacobell.com/mi/pontiac/458-e--walton-blvd.html,mi,pontiac,458-e--walton-blvd
https://locations.tacobell.com/pa/monroeville/3971-william-penn-hwy.html,pa,monroeville,3971-william-penn-hwy
https://locations.tacobell.com/tx/houston/12352-tidwell-rd.html,tx,houston,12352-tidwell-rd
https://locations.tacobell.com/in/lebanon/2427-n--lebanon-street.html,in,lebanon,2427-n--lebanon-street
https://locations.tacobell.com/tx/glen-rose/504-sw-big-bend-trail.html,tx,glen-rose,504-sw-big-bend-trail
https://locations.tacobell.com/az/sierra-vista/3466-canyon-de-flores.html,az,sierra-vista,3466-canyon-de-flores
https://locations.tacobell.com/mn/andover/14254-inca-street-nw.html,mn,andover,14254-inca-street-nw
https://locations.tacobell.com/oh/elyria/1551-w--river-rd-n.html,oh,elyria,1551-w--river-rd-n
https://locations.tacobell.com/mn/duluth/2031-london-rd.html,mn,duluth,2031-london-rd
https://locations.tacobell.com/fl/clermont/1606-hammock-ridge-road.html,fl,clermont,1606-hammock-ridge-road
https://locations.tacobell.com/ny/bronx/5625-broadway.html,ny,bronx,5625-broadway
https://locations.tacobell.com/ar/little-rock/10611-colonel-glenn-road.html,ar,little-rock,10611-colonel-glenn-road
https://locations.tacobell.com/co/windsor/101-12th-street.html,co,windsor,101-12th-street
https://locations.tacobell.com/al/auburn/1521-east-glenn-avenue.html,al,auburn,1521-east-glenn-avenue
https://locations.tacobell.com/oh/mayfield-heights/5855-mayfield-road.html,oh,mayfield-heights,5855-mayfield-road
https://locations.tacobell.com/tx/lavon/891-s-state-hwy-78.html,tx,lavon,891-s-state-hwy-78
https://locations.tacobell.com/ny/mohegan-lake/3571-mohegan-avenue.html,ny,mohegan-lake,3571-mohegan-avenue
https://locations.tacobell.com/in/attica/1201-east-main-street.html,in,attica,1201-east-main-street
https://locations.tacobell.com/sc/hardeeville/15976-whyte-hardee-blvd.html,sc,hardeeville,15976-whyte-hardee-blvd
https://locations.tacobell.com/nj/north-brunswick/2720-us-route-130.html,nj,north-brunswick,2720-us-route-130
https://locations.tacobell.com/ny/bronx/72-westchester-square.html,ny,bronx,72-westchester-square
https://locations.tacobell.com/ny/east-rochester/341-west-commercial-street.html,ny,east-rochester,341-west-commercial-street
https://locations.tacobell.com/mi/grandville/4625-wilson-avenue.html,mi,grandville,4625-wilson-avenue
https://locations.tacobell.com/tn/monteagle/360-dixie-lee-ave-.html,tn,monteagle,360-dixie-lee-ave-
https://locations.tacobell.com/mi/grosse-pointe/18550-east-warren-avenue.html,mi,grosse-pointe,18550-east-warren-avenue
https://locations.tacobell.com/nc/goldsboro/2821-us-70-e.html,nc,goldsboro,2821-us-70-e
https://locations.tacobell.com/ar/benton/2022-highway-5-n-.html,ar,benton,2022-highway-5-n-
https://locations.tacobell.com/pa/butler/125-pittsburgh-rd-.html,pa,butler,125-pittsburgh-rd-
https://locations.tacobell.com/ga/columbus/1445-veterans-parkway.html,ga,columbus,1445-veterans-parkway
https://locations.tacobell.com/ok/edmond/4555-e--waterloo-rd.html,ok,edmond,4555-e--waterloo-rd
https://locations.tacobell.com/co/colorado-springs/450-runway-point.html,co,colorado-springs,450-runway-point
https://locations.tacobell.com/nj/haskell/164-greenwood-ave.html,nj,haskell,164-greenwood-ave
https://locations.tacobell.com/ca/san-jose/925-blossom-hill-road.html,ca,san-jose,925-blossom-hill-road
https://locations.tacobell.com/ny/brentwood/500-suffolk-ave.html,ny,brentwood,500-suffolk-ave
https://locations.tacobell.com/al/oxford/41-commons-way.html,al,oxford,41-commons-way
https://locations.tacobell.com/ga/atlanta/6000-n--terminal-pkwy-atl-airport-pre-security-atrium.html,ga,atlanta,6000-n--terminal-pkwy-atl-airport-pre-security-atrium
https://locations.tacobell.com/mo/butler/201-fran-avenue.html,mo,butler,201-fran-avenue
https://locations.tacobell.com/pa/tamaqua/60-plaza-drive.html,pa,tamaqua,60-plaza-drive
https://locations.tacobell.com/az/quartzsite/1201-west-main-street.html,az,quartzsite,1201-west-main-street
https://locations.tacobell.com/mi/oxford/870-n-lapeer-rd-.html,mi,oxford,870-n-lapeer-rd-
https://locations.tacobell.com/mo/independence/16502-us40-highway.html,mo,independence,16502-us40-highway
https://locations.tacobell.com/oh/south-bloomfield/5040-corinne-drive.html,oh,south-bloomfield,5040-corinne-drive
https://locations.tacobell.com/ca/bakersfield/16132-stockdale-hwy.html,ca,bakersfield,16132-stockdale-hwy
https://locations.tacobell.com/tx/freeport/1102-n--brazosport-blvd.html,tx,freeport,1102-n--brazosport-blvd
https://locations.tacobell.com/ny/albion/122-west-ave.html,ny,albion,122-west-ave
https://locations.tacobell.com/tn/knoxville/6790-malone-creek-dr-.html,tn,knoxville,6790-malone-creek-dr-
https://locations.tacobell.com/il/belvidere/2056-gateway-center-dr.html,il,belvidere,2056-gateway-center-dr
https://locations.tacobell.com/id/kuna/985-n-meridian-road.html,id,kuna,985-n-meridian-road
https://locations.tacobell.com/va/wise/203-woodland-drive-sw.html,va,wise,203-woodland-drive-sw
https://locations.tacobell.com/ny/floral-park/90-jericho-turnpike.html,ny,floral-park,90-jericho-turnpike
https://locations.tacobell.com/va/strasburg/33586-old-valley-pike.html,va,strasburg,33586-old-valley-pike
https://locations.tacobell.com/wi/elkhorn/848-n-wisconsin-st.html,wi,elkhorn,848-n-wisconsin-st
https://locations.tacobell.com/ca/fresno/6939-golden-state-blvd-.html,ca,fresno,6939-golden-state-blvd-
https://locations.tacobell.com/ca/sacramento/1919-cosumnes-river-blvd-.html,ca,sacramento,1919-cosumnes-river-blvd-
https://locations.tacobell.com/al/auburn/1365-n-donahue-drive.html,al,auburn,1365-n-donahue-drive
https://locations.tacobell.com/ky/cave-city/800-mammouth-cave-st-.html,ky,cave-city,800-mammouth-cave-st-
https://locations.tacobell.com/ga/dacula/821-auburn-rd-.html,ga,dacula,821-auburn-rd-
https://locations.tacobell.com/tn/carthage/945-upper-ferry-road.html,tn,carthage,945-upper-ferry-road
https://locations.tacobell.com/ia/waverly/2801-4th-st-sw.html,ia,waverly,2801-4th-st-sw
https://locations.tacobell.com/co/colorado-springs/3521-blue-horizon-view.html,co,colorado-springs,3521-blue-horizon-view
https://locations.tacobell.com/mn/white-bear-lake/4600-centerville-road.html,mn,white-bear-lake,4600-centerville-road
https://locations.tacobell.com/ar/prairie-grove/1030-east-parks-street.html,ar,prairie-grove,1030-east-parks-street
https://locations.tacobell.com/mo/higginsville/2708-hwy-blvd-.html,mo,higginsville,2708-hwy-blvd-
https://locations.tacobell.com/mi/grand-blanc/7500-grand-pkwy.html,mi,grand-blanc,7500-grand-pkwy
https://locations.tacobell.com/mt/billings/1509-rehberg-lane.html,mt,billings,1509-rehberg-lane
https://locations.tacobell.com/in/carmel/15005-thatcher-ln.html,in,carmel,15005-thatcher-ln
https://locations.tacobell.com/nc/shelby/2005-east-dixon-blvd.html,nc,shelby,2005-east-dixon-blvd
https://locations.tacobell.com/pa/bridgeville/177-millers-run-rd.html,pa,bridgeville,177-millers-run-rd
https://locations.tacobell.com/ny/hamburg/4923-southwestern-blvd.html,ny,hamburg,4923-southwestern-blvd
https://locations.tacobell.com/wi/berlin/275-broadway-st-.html,wi,berlin,275-broadway-st-
https://locations.tacobell.com/ne/scottsbluff/806-w-27th-st.html,ne,scottsbluff,806-w-27th-st
https://locations.tacobell.com/oh/canton/3823-navarre-road.html,oh,canton,3823-navarre-road
https://locations.tacobell.com/nc/salisbury/2070-statesville-blvd-.html,nc,salisbury,2070-statesville-blvd-
https://locations.tacobell.com/oh/waterville/6521-hutchinson-drive.html,oh,waterville,6521-hutchinson-drive
https://locations.tacobell.com/co/sterling/1301-west-main-street.html,co,sterling,1301-west-main-street
https://locations.tacobell.com/al/dothan/3282-reeves-street.html,al,dothan,3282-reeves-street
https://locations.tacobell.com/mn/roseville/1741-country-rd-c.html,mn,roseville,1741-country-rd-c
https://locations.tacobell.com/va/portsmouth/800-london-boulevard.html,va,portsmouth,800-london-boulevard
https://locations.tacobell.com/me/newport/4-lunt-rd.html,me,newport,4-lunt-rd
https://locations.tacobell.com/pa/bentleyville/190-wilson-road.html,pa,bentleyville,190-wilson-road
https://locations.tacobell.com/ar/mountain-view/602-east-main-street.html,ar,mountain-view,602-east-main-street
https://locations.tacobell.com/tx/san-antonio/4242-dezavala-road.html,tx,san-antonio,4242-dezavala-road
https://locations.tacobell.com/ca/fresno/5244-n--jackson-ave.html,ca,fresno,5244-n--jackson-ave
https://locations.tacobell.com/ca/san-luis-obispo/1-grand-avenue.html,ca,san-luis-obispo,1-grand-avenue
https://locations.tacobell.com/il/lansing/17943-torrence-avenue.html,il,lansing,17943-torrence-avenue
https://locations.tacobell.com/ut/west-valley-city/1826-west-4100-south.html,ut,west-valley-city,1826-west-4100-south
https://locations.tacobell.com/ca/sunnyvale/485-north-mathilda-ave-.html,ca,sunnyvale,485-north-mathilda-ave-
https://locations.tacobell.com/oh/blanchester/211-w-main-st.html,oh,blanchester,211-w-main-st
https://locations.tacobell.com/in/cedar-lake/13313-wicker-avenue.html,in,cedar-lake,13313-wicker-avenue
https://locations.tacobell.com/md/fort-washington/9594-livingston-rd.html,md,fort-washington,9594-livingston-rd
https://locations.tacobell.com/ga/sandersville/734-s--harris-street.html,ga,sandersville,734-s--harris-street
https://locations.tacobell.com/ny/cheektowaga/1689-walden-ave.html,ny,cheektowaga,1689-walden-ave
https://locations.tacobell.com/ny/queensbury/355-dix-ave.html,ny,queensbury,355-dix-ave
https://locations.tacobell.com/ut/eagle-mountain/4265-n--pony-express-parkway.html,ut,eagle-mountain,4265-n--pony-express-parkway
https://locations.tacobell.com/co/highlands-ranch/3984-red-cedar-drive.html,co,highlands-ranch,3984-red-cedar-drive
https://locations.tacobell.com/ca/san-francisco/90-charter-oak-ave.html,ca,san-francisco,90-charter-oak-ave
https://locations.tacobell.com/ca/visalia/6620-betty-dr-.html,ca,visalia,6620-betty-dr-
https://locations.tacobell.com/ia/waterloo/2065-logan-ave.html,ia,waterloo,2065-logan-ave
https://locations.tacobell.com/oh/germantown/2321-beechwood-drive.html,oh,germantown,2321-beechwood-drive
https://locations.tacobell.com/tn/alcoa/1119-franck-street.html,tn,alcoa,1119-franck-street
https://locations.tacobell.com/al/sylacauga/38-mcs-boulevard.html,al,sylacauga,38-mcs-boulevard
https://locations.tacobell.com/fl/st-johns/335-harper-lane.html,fl,st-johns,335-harper-lane
https://locations.tacobell.com/ut/nephi/1542-s--main-st.html,ut,nephi,1542-s--main-st
https://locations.tacobell.com/ok/bristow/704-north-main-street.html,ok,bristow,704-north-main-street
https://locations.tacobell.com/ok/stilwell/43-clevenger-st-.html,ok,stilwell,43-clevenger-st-
https://locations.tacobell.com/nc/sherrills-ford/7932-bradley-long-drive.html,nc,sherrills-ford,7932-bradley-long-drive
https://locations.tacobell.com/mi/saginaw/2945-bay-rd-.html,mi,saginaw,2945-bay-rd-
https://locations.tacobell.com/tx/houston/10730-veterans-memorial-drive.html,tx,houston,10730-veterans-memorial-drive
https://locations.tacobell.com/ny/rochester/1737-mount-hope-avenue.html,ny,rochester,1737-mount-hope-avenue
https://locations.tacobell.com/wv/keyser/41-plaza-drive.html,wv,keyser,41-plaza-drive
https://locations.tacobell.com/oh/lorain/1390-colorado-avenue.html,oh,lorain,1390-colorado-avenue
https://locations.tacobell.com/tx/robinson/765-n--robinson-drive.html,tx,robinson,765-n--robinson-drive
https://locations.tacobell.com/ky/owingsville/18-miller-scenic-view-drive.html,ky,owingsville,18-miller-scenic-view-drive
https://locations.tacobell.com/ks/basehor/15498-state-avenue.html,ks,basehor,15498-state-avenue
https://locations.tacobell.com/tn/talbott/6000-w--andrew-johnson-highway.html,tn,talbott,6000-w--andrew-johnson-highway
https://locations.tacobell.com/tx/port-lavaca/1782-state-hwy-35-n.html,tx,port-lavaca,1782-state-hwy-35-n
https://locations.tacobell.com/tx/waxahachie/141-w--butcher-rd-.html,tx,waxahachie,141-w--butcher-rd-
https://locations.tacobell.com/tx/argyle/8125-gateway-dr.html,tx,argyle,8125-gateway-dr
https://locations.tacobell.com/nc/weaverville/11-bett-stroud-blvd.html,nc,weaverville,11-bett-stroud-blvd
https://locations.tacobell.com/ny/catskill/170-w-bridge-street.html,ny,catskill,170-w-bridge-street
https://locations.tacobell.com/ca/eastvale/14097-limonite-ave.html,ca,eastvale,14097-limonite-ave
https://locations.tacobell.com/ok/jay/1441-south-main-street.html,ok,jay,1441-south-main-street
https://locations.tacobell.com/mt/bozeman/35-n-star-lane.html,mt,bozeman,35-n-star-lane
https://locations.tacobell.com/ky/taylorsville/135-settlers-center-rd-.html,ky,taylorsville,135-settlers-center-rd-
https://locations.tacobell.com/fl/lake-placid/501-us-27.html,fl,lake-placid,501-us-27
https://locations.tacobell.com/in/indianapolis/24-west-washington-street.html,in,indianapolis,24-west-washington-street
https://locations.tacobell.com/ny/watertown/514-540-state-street.html,ny,watertown,514-540-state-street
https://locations.tacobell.com/il/vernon-hills/700-n--milwaukee-ave-.html,il,vernon-hills,700-n--milwaukee-ave-
https://locations.tacobell.com/pa/camp-hill/3506-capital-city-mall-drive.html,pa,camp-hill,3506-capital-city-mall-drive
https://locations.tacobell.com/ca/twentynine-palms/72180-twentynine-palms-highway.html,ca,twentynine-palms,72180-twentynine-palms-highway
https://locations.tacobell.com/ny/briarcliff-manor/233-south-highland-ave-.html,ny,briarcliff-manor,233-south-highland-ave-
https://locations.tacobell.com/pa/new-castle/2621-w-state-street.html,pa,new-castle,2621-w-state-street
https://locations.tacobell.com/fl/plant-city/371-n--county-line-rd.html,fl,plant-city,371-n--county-line-rd
https://locations.tacobell.com/or/baker-city/1375-campbell-st-.html,or,baker-city,1375-campbell-st-
https://locations.tacobell.com/in/hebron/631-n--main-st-.html,in,hebron,631-n--main-st-
https://locations.tacobell.com/ga/mcdonough/2244-jonesboro-rd.html,ga,mcdonough,2244-jonesboro-rd
https://locations.tacobell.com/nc/mount-airy/1076-n-andy-griffith.html,nc,mount-airy,1076-n-andy-griffith
https://locations.tacobell.com/nc/elizabeth-city/1239-n-road-st.html,nc,elizabeth-city,1239-n-road-st
https://locations.tacobell.com/nc/mooresville/349-east-plaza-drive.html,nc,mooresville,349-east-plaza-drive
https://locations.tacobell.com/mi/macomb/17699-23-mile-road.html,mi,macomb,17699-23-mile-road
https://locations.tacobell.com/ca/los-angeles/2722-s--figueroa-st-.html,ca,los-angeles,2722-s--figueroa-st-
https://locations.tacobell.com/mi/otisville/229-s-state-st.html,mi,otisville,229-s-state-st
https://locations.tacobell.com/ky/louisville/12609-taylorsville-rd.html,ky,louisville,12609-taylorsville-rd
https://locations.tacobell.com/nh/manchester/525-hooksett-road.html,nh,manchester,525-hooksett-road
https://locations.tacobell.com/al/calera/5005-highway-31.html,al,calera,5005-highway-31
https://locations.tacobell.com/wa/lynden/8169-guide-meridian-rd-.html,wa,lynden,8169-guide-meridian-rd-
https://locations.tacobell.com/mo/kansas-city/3030-van-brunt-blvd.html,mo,kansas-city,3030-van-brunt-blvd
https://locations.tacobell.com/de/dover/25-jerome-drive.html,de,dover,25-jerome-drive
https://locations.tacobell.com/md/brandywine/15815-robert-crain-highway-sw.html,md,brandywine,15815-robert-crain-highway-sw
https://locations.tacobell.com/mi/monroe/1925-north-telegraph-road.html,mi,monroe,1925-north-telegraph-road
https://locations.tacobell.com/az/surprise/10810-n--cotton-lane.html,az,surprise,10810-n--cotton-lane
https://locations.tacobell.com/in/lowell/2107-e-commercial-ave.html,in,lowell,2107-e-commercial-ave
https://locations.tacobell.com/me/bangor/740-hogan-rd.html,me,bangor,740-hogan-rd
https://locations.tacobell.com/or/woodburn/1520-n--pacific-hwy.html,or,woodburn,1520-n--pacific-hwy
https://locations.tacobell.com/az/phoenix/1919-w--baseline-road.html,az,phoenix,1919-w--baseline-road
https://locations.tacobell.com/mi/kalkaska/510-north-cedar-st-.html,mi,kalkaska,510-north-cedar-st-
https://locations.tacobell.com/ma/allston/1222-commonwealth-ave.html,ma,allston,1222-commonwealth-ave
https://locations.tacobell.com/oh/greenfield/1298-jefferson-st-.html,oh,greenfield,1298-jefferson-st-
https://locations.tacobell.com/il/champaign/2003-w--springfield.html,il,champaign,2003-w--springfield
https://locations.tacobell.com/ca/yucaipa/31522-yucaipa-blvd.html,ca,yucaipa,31522-yucaipa-blvd
https://locations.tacobell.com/mi/brooklyn/413-s-main-st.html,mi,brooklyn,413-s-main-st
https://locations.tacobell.com/mi/sebewaing/601-unionville-rd.html,mi,sebewaing,601-unionville-rd
https://locations.tacobell.com/pa/new-stanton/105-highland-ave.html,pa,new-stanton,105-highland-ave
https://locations.tacobell.com/mi/metamora/4106-s-lapeer-rd.html,mi,metamora,4106-s-lapeer-rd
https://locations.tacobell.com/fl/venice/19431-times-circle.html,fl,venice,19431-times-circle
https://locations.tacobell.com/nj/bridgeton/101-s--laurel-street.html,nj,bridgeton,101-s--laurel-street
https://locations.tacobell.com/mi/taylor/27330-eureka-road.html,mi,taylor,27330-eureka-road
https://locations.tacobell.com/nj/manville/100-north-main-street.html,nj,manville,100-north-main-street
https://locations.tacobell.com/oh/paulding/863-n-williams-st.html,oh,paulding,863-n-williams-st
https://locations.tacobell.com/mi/wyoming/5560-clyde-park-ave-sw.html,mi,wyoming,5560-clyde-park-ave-sw
https://locations.tacobell.com/fl/deltona/1519-saxon-blvd.html,fl,deltona,1519-saxon-blvd
https://locations.tacobell.com/mi/buchanan/708-east-front-st-.html,mi,buchanan,708-east-front-st-
https://locations.tacobell.com/oh/cincinnati/1810-e-seymour-ave.html,oh,cincinnati,1810-e-seymour-ave
https://locations.tacobell.com/al/phenix-city/3509-crosswinds-drive.html,al,phenix-city,3509-crosswinds-drive
https://locations.tacobell.com/il/chicago/4656-s-cicero-ave.html,il,chicago,4656-s-cicero-ave
https://locations.tacobell.com/fl/edgewater/1308-s-ridgewood-avenue.html,fl,edgewater,1308-s-ridgewood-avenue
https://locations.tacobell.com/il/hazel-crest/3300-w-183rd-st.html,il,hazel-crest,3300-w-183rd-st
https://locations.tacobell.com/ms/holly-springs/620-highway-7.html,ms,holly-springs,620-highway-7
https://locations.tacobell.com/ok/tulsa/4716-east-21st-street-south.html,ok,tulsa,4716-east-21st-street-south
https://locations.tacobell.com/ia/marshalltown/108-iowa-ave-w.html,ia,marshalltown,108-iowa-ave-w
https://locations.tacobell.com/tx/springtown/301-w-highway-199.html,tx,springtown,301-w-highway-199
https://locations.tacobell.com/or/corvallis/4825-sw-research-way.html,or,corvallis,4825-sw-research-way
https://locations.tacobell.com/ks/wichita/2707-west-53rd-street.html,ks,wichita,2707-west-53rd-street
https://locations.tacobell.com/id/idaho-falls/3242-south-fork-blvd-.html,id,idaho-falls,3242-south-fork-blvd-
https://locations.tacobell.com/al/centreville/702-walnut-street.html,al,centreville,702-walnut-street
https://locations.tacobell.com/mi/croswell/5311-e--peck-rd.html,mi,croswell,5311-e--peck-rd
https://locations.tacobell.com/ca/santa-maria/560-s--blosser-rd-.html,ca,santa-maria,560-s--blosser-rd-
https://locations.tacobell.com/md/silver-spring/8662-colesville-road.html,md,silver-spring,8662-colesville-road
https://locations.tacobell.com/mi/cass-city/6743-e-main-st-.html,mi,cass-city,6743-e-main-st-
https://locations.tacobell.com/ar/little-rock/2612-cantrell-road.html,ar,little-rock,2612-cantrell-road
https://locations.tacobell.com/ca/lancaster/1313-w-ave-k.html,ca,lancaster,1313-w-ave-k
https://locations.tacobell.com/il/romeoville/643-n-independence-blvd.html,il,romeoville,643-n-independence-blvd
https://locations.tacobell.com/il/genoa/720-e-main-st.html,il,genoa,720-e-main-st
https://locations.tacobell.com/oh/cincinnati/9188-reading-rd.html,oh,cincinnati,9188-reading-rd
https://locations.tacobell.com/nj/parsippany/285-route-46.html,nj,parsippany,285-route-46
https://locations.tacobell.com/tx/seguin/930-texas-46-n.html,tx,seguin,930-texas-46-n
https://locations.tacobell.com/mo/st--louis/6639-s--kingshighway-blvd.html,mo,st--louis,6639-s--kingshighway-blvd
https://locations.tacobell.com/ny/schenectady/2035-state-street.html,ny,schenectady,2035-state-street
https://locations.tacobell.com/il/chicago/5245-n--clark-st.html,il,chicago,5245-n--clark-st
https://locations.tacobell.com/md/centreville/104-stella-ln.html,md,centreville,104-stella-ln
https://locations.tacobell.com/mi/trenton/4480-fort-street.html,mi,trenton,4480-fort-street
https://locations.tacobell.com/ms/kosciusko/40-veterans-memorial-drive.html,ms,kosciusko,40-veterans-memorial-drive
https://locations.tacobell.com/tx/new-caney/22832-tx-242.html,tx,new-caney,22832-tx-242
https://locations.tacobell.com/fl/lake-alfred/130-north-lake-shore-way.html,fl,lake-alfred,130-north-lake-shore-way
https://locations.tacobell.com/mi/bay-city/2852-east-wilder-rd.html,mi,bay-city,2852-east-wilder-rd
https://locations.tacobell.com/il/oak-forest/5301-w-159th-st.html,il,oak-forest,5301-w-159th-st
https://locations.tacobell.com/ga/greensboro/1155-interstate-blvd.html,ga,greensboro,1155-interstate-blvd
https://locations.tacobell.com/ok/yukon/11300-sw-29th-street.html,ok,yukon,11300-sw-29th-street
https://locations.tacobell.com/oh/grafton/432-north-main-street.html,oh,grafton,432-north-main-street
https://locations.tacobell.com/nc/greenville/1635-e-fire-tower-rd.html,nc,greenville,1635-e-fire-tower-rd
https://locations.tacobell.com/oh/new-albany/8511-smiths-mill-rd-.html,oh,new-albany,8511-smiths-mill-rd-
https://locations.tacobell.com/wi/de-pere/1610-lawrence-drive.html,wi,de-pere,1610-lawrence-drive
https://locations.tacobell.com/pa/hazle-township/1072-state-route-940.html,pa,hazle-township,1072-state-route-940
https://locations.tacobell.com/mi/shelby-township/56331-van-dyke-avenue.html,mi,shelby-township,56331-van-dyke-avenue
https://locations.tacobell.com/al/grand-bay/9170-grand-bay-wilmer-rd-s.html,al,grand-bay,9170-grand-bay-wilmer-rd-s
https://locations.tacobell.com/az/glendale/4346-w--glendale-avenue.html,az,glendale,4346-w--glendale-avenue
https://locations.tacobell.com/pa/scranton/733-davis-st.html,pa,scranton,733-davis-st
https://locations.tacobell.com/mo/st-charles/3786-elm-st.html,mo,st-charles,3786-elm-st
https://locations.tacobell.com/va/stafford/1941-richmond-hwy.html,va,stafford,1941-richmond-hwy
https://locations.tacobell.com/tn/fayetteville/1300-huntsville-hwy.html,tn,fayetteville,1300-huntsville-hwy
https://locations.tacobell.com/ga/columbus/8142-veterans-parkway.html,ga,columbus,8142-veterans-parkway
https://locations.tacobell.com/ny/montgomery/2095-route-208.html,ny,montgomery,2095-route-208
https://locations.tacobell.com/tx/lubbock/4618-50th-st.html,tx,lubbock,4618-50th-st
https://locations.tacobell.com/or/creswell/255-melton-rd-.html,or,creswell,255-melton-rd-
https://locations.tacobell.com/az/maricopa/42080-w--maricopa-casa-grande-hwy.html,az,maricopa,42080-w--maricopa-casa-grande-hwy
https://locations.tacobell.com/il/chicago/2410-s-western-ave.html,il,chicago,2410-s-western-ave
https://locations.tacobell.com/pa/connellsville/1410-morrell-ave.html,pa,connellsville,1410-morrell-ave
https://locations.tacobell.com/fl/riverview/3824-us-301-s.html,fl,riverview,3824-us-301-s
https://locations.tacobell.com/pa/aliquippa/2624-brodhead-road.html,pa,aliquippa,2624-brodhead-road
https://locations.tacobell.com/in/indianapolis/8120-e--southport-road.html,in,indianapolis,8120-e--southport-road
https://locations.tacobell.com/ga/jefferson/172-old-farm-road.html,ga,jefferson,172-old-farm-road
https://locations.tacobell.com/ut/roy/2746-w-4000-s.html,ut,roy,2746-w-4000-s
https://locations.tacobell.com/md/elkton/312-east-pulaski-hwy-.html,md,elkton,312-east-pulaski-hwy-
https://locations.tacobell.com/oh/sunbury/117-state-route-3.html,oh,sunbury,117-state-route-3
https://locations.tacobell.com/nv/las-vegas/6345-n-lamb-blvd.html,nv,las-vegas,6345-n-lamb-blvd
https://locations.tacobell.com/fl/orlando/12101-university-blvd-.html,fl,orlando,12101-university-blvd-
https://locations.tacobell.com/il/chicago/6631-south-cicero.html,il,chicago,6631-south-cicero
https://locations.tacobell.com/al/alabaster/9187-highway-119.html,al,alabaster,9187-highway-119
https://locations.tacobell.com/ok/broken-arrow/1811-w--norfolk-drive.html,ok,broken-arrow,1811-w--norfolk-drive
https://locations.tacobell.com/ar/lowell/924-west-monroe-avenue.html,ar,lowell,924-west-monroe-avenue
https://locations.tacobell.com/va/haymarket/6635-watts-rd-.html,va,haymarket,6635-watts-rd-
https://locations.tacobell.com/ca/los-angeles/801-west-7th-street.html,ca,los-angeles,801-west-7th-street
https://locations.tacobell.com/fl/hialeah/3750-west-85th-street.html,fl,hialeah,3750-west-85th-street
https://locations.tacobell.com/mi/harrison/714-n-first-st.html,mi,harrison,714-n-first-st
https://locations.tacobell.com/nj/edison/2710-woodbridge-ave.html,nj,edison,2710-woodbridge-ave
https://locations.tacobell.com/il/chicago/4437-n-broadway-st.html,il,chicago,4437-n-broadway-st
https://locations.tacobell.com/in/muncie/6400-w-kilgore-avenue.html,in,muncie,6400-w-kilgore-avenue
https://locations.tacobell.com/az/tucson/9535-e-golf-links-road.html,az,tucson,9535-e-golf-links-road
https://locations.tacobell.com/ky/louisville/2009-brownsboro-rd.html,ky,louisville,2009-brownsboro-rd
https://locations.tacobell.com/fl/interlachen/1133-state-road-20.html,fl,interlachen,1133-state-road-20
https://locations.tacobell.com/mn/lakeville/20681-keokuk-ave.html,mn,lakeville,20681-keokuk-ave
https://locations.tacobell.com/mi/battle-creek/2169-w-columbia-ave.html,mi,battle-creek,2169-w-columbia-ave
https://locations.tacobell.com/in/syracuse/1206-s-huntington-st-.html,in,syracuse,1206-s-huntington-st-
https://locations.tacobell.com/ga/snellville/3511-centerville-highway.html,ga,snellville,3511-centerville-highway
https://locations.tacobell.com/ga/dawsonville/295-marketplace-blvd-.html,ga,dawsonville,295-marketplace-blvd-
https://locations.tacobell.com/la/rayne/1049-church-point-highway.html,la,rayne,1049-church-point-highway
https://locations.tacobell.com/fl/yulee/463163-state-road.html,fl,yulee,463163-state-road
https://locations.tacobell.com/tx/whitehouse/720-highway-110-n-.html,tx,whitehouse,720-highway-110-n-
https://locations.tacobell.com/tx/magnolia/13361-fm-1488.html,tx,magnolia,13361-fm-1488
https://locations.tacobell.com/tx/beeville/2302-n-st--marys-st-.html,tx,beeville,2302-n-st--marys-st-
https://locations.tacobell.com/ny/cortland/860-state-route-13.html,ny,cortland,860-state-route-13
https://locations.tacobell.com/tx/baytown/2206-north-alexander-dr-.html,tx,baytown,2206-north-alexander-dr-
https://locations.tacobell.com/va/gate-city/247-kane-street.html,va,gate-city,247-kane-street
https://locations.tacobell.com/ny/cobleskill/764-e--main-st-.html,ny,cobleskill,764-e--main-st-
https://locations.tacobell.com/ny/tonawanda/810-young-st.html,ny,tonawanda,810-young-st
https://locations.tacobell.com/nv/las-vegas/6898-n--hualapai-way.html,nv,las-vegas,6898-n--hualapai-way
https://locations.tacobell.com/nj/paterson/443-broadway.html,nj,paterson,443-broadway
https://locations.tacobell.com/dc/washington/808-7th-street-nw.html,dc,washington,808-7th-street-nw
https://locations.tacobell.com/ca/san-ysidro/2030-dairy-mart-road.html,ca,san-ysidro,2030-dairy-mart-road
https://locations.tacobell.com/tx/cypress/22318-fm-529.html,tx,cypress,22318-fm-529
https://locations.tacobell.com/az/surprise/16346-w-pat-tillman-blvd.html,az,surprise,16346-w-pat-tillman-blvd
https://locations.tacobell.com/mi/roseville/20779-east-13-mile-road.html,mi,roseville,20779-east-13-mile-road
https://locations.tacobell.com/il/plainfield/12441-s-route-59.html,il,plainfield,12441-s-route-59
https://locations.tacobell.com/ny/grand-island/1754-grand-island-blvd.html,ny,grand-island,1754-grand-island-blvd
https://locations.tacobell.com/nj/newark/350-broad-st-.html,nj,newark,350-broad-st-
https://locations.tacobell.com/tx/fort-worth/13149-n-beach-st-.html,tx,fort-worth,13149-n-beach-st-
https://locations.tacobell.com/mo/sedalia/655-east-broadway.html,mo,sedalia,655-east-broadway
https://locations.tacobell.com/ms/waynesboro/807-mississippi-dr.html,ms,waynesboro,807-mississippi-dr
https://locations.tacobell.com/al/tuscaloosa/4900-doris-pate-drive.html,al,tuscaloosa,4900-doris-pate-drive
https://locations.tacobell.com/sc/longs/70-winners-lane.html,sc,longs,70-winners-lane
https://locations.tacobell.com/ma/taunton/700-county-street.html,ma,taunton,700-county-street
https://locations.tacobell.com/nj/stirling/1031-valley-rd.html,nj,stirling,1031-valley-rd
https://locations.tacobell.com/pa/stroudsburg/121-plaza-611-lane.html,pa,stroudsburg,121-plaza-611-lane
https://locations.tacobell.com/va/suffolk/1523-holland-rd.html,va,suffolk,1523-holland-rd
https://locations.tacobell.com/al/ozark/1566-s--highway-231.html,al,ozark,1566-s--highway-231
https://locations.tacobell.com/fl/miami/10975-sw-40th-street-(bird-rd).html,fl,miami,10975-sw-40th-street-(bird-rd)
https://locations.tacobell.com/ny/glenville/128-freemans-bridge-road.html,ny,glenville,128-freemans-bridge-road
https://locations.tacobell.com/il/waterloo/773-north-pointe-drive.html,il,waterloo,773-north-pointe-drive
https://locations.tacobell.com/ny/yonkers/720-mclean-ave.html,ny,yonkers,720-mclean-ave
https://locations.tacobell.com/mi/ann-arbor/1655-plymouth-rd.html,mi,ann-arbor,1655-plymouth-rd
https://locations.tacobell.com/mn/north-saint-paul/2371-mcknight-rd-n.html,mn,north-saint-paul,2371-mcknight-rd-n
https://locations.tacobell.com/wi/greenville/w6291-greenville-dr-.html,wi,greenville,w6291-greenville-dr-
https://locations.tacobell.com/wi/bellevue/2248-costco-way.html,wi,bellevue,2248-costco-way
https://locations.tacobell.com/va/big-stone-gap/504-maxfield-rd-.html,va,big-stone-gap,504-maxfield-rd-
https://locations.tacobell.com/oh/mentor/9500-diamond-centre-dr.html,oh,mentor,9500-diamond-centre-dr
https://locations.tacobell.com/ca/fullerton/1889-west-malvern-ave-.html,ca,fullerton,1889-west-malvern-ave-
https://locations.tacobell.com/oh/lucasville/10817-us-23.html,oh,lucasville,10817-us-23
https://locations.tacobell.com/mi/spring-arbor/8030-spring-arbor-rd.html,mi,spring-arbor,8030-spring-arbor-rd
https://locations.tacobell.com/pa/mechanicsburg/151-gettysburg-pike.html,pa,mechanicsburg,151-gettysburg-pike
https://locations.tacobell.com/mi/hemlock/185-e-saginaw-st.html,mi,hemlock,185-e-saginaw-st
https://locations.tacobell.com/nv/n-las-vegas/7950-n-decatur.html,nv,n-las-vegas,7950-n-decatur
https://locations.tacobell.com/fl/westlake/4751-seminole-pratt-whitney-rd.html,fl,westlake,4751-seminole-pratt-whitney-rd
https://locations.tacobell.com/ny/lackawanna/1361-abbott-rd.html,ny,lackawanna,1361-abbott-rd
https://locations.tacobell.com/id/post-falls/6463-w-pointe-pkwy.html,id,post-falls,6463-w-pointe-pkwy
https://locations.tacobell.com/va/south-boston/101-pine-lane.html,va,south-boston,101-pine-lane
https://locations.tacobell.com/ga/newnan/1101-lower-fayetteville-road.html,ga,newnan,1101-lower-fayetteville-road
https://locations.tacobell.com/ok/chandler/1910-e--1st-street.html,ok,chandler,1910-e--1st-street
https://locations.tacobell.com/ks/gardner/18731-s-gardner-rd.html,ks,gardner,18731-s-gardner-rd
https://locations.tacobell.com/wi/chippewa-falls/1083-chippewa-crossing-blvd.html,wi,chippewa-falls,1083-chippewa-crossing-blvd
https://locations.tacobell.com/oh/newark/105-dayton-rd-ne.html,oh,newark,105-dayton-rd-ne
https://locations.tacobell.com/co/arvada/9105-howell-street.html,co,arvada,9105-howell-street
https://locations.tacobell.com/fl/palmetto/9410-buffalo-rd.html,fl,palmetto,9410-buffalo-rd
https://locations.tacobell.com/mi/walled-lake/800-n-pontiac-trail.html,mi,walled-lake,800-n-pontiac-trail
https://locations.tacobell.com/il/evanston/1737-sherman-ave.html,il,evanston,1737-sherman-ave
https://locations.tacobell.com/wv/chapmanville/811-main-street.html,wv,chapmanville,811-main-street
https://locations.tacobell.com/ny/newark/110-mason-street.html,ny,newark,110-mason-street
https://locations.tacobell.com/al/tuscumbia/5117-highway-43-s.html,al,tuscumbia,5117-highway-43-s
https://locations.tacobell.com/mn/virginia/1475-12th-avenue.html,mn,virginia,1475-12th-avenue
https://locations.tacobell.com/oh/zanesville/3943-gorsky-drive.html,oh,zanesville,3943-gorsky-drive
https://locations.tacobell.com/oh/medina/5827-wooster-pike.html,oh,medina,5827-wooster-pike
https://locations.tacobell.com/tx/elsa/404-south-broadway.html,tx,elsa,404-south-broadway
https://locations.tacobell.com/ks/olathe/14189-w-135th-st.html,ks,olathe,14189-w-135th-st
https://locations.tacobell.com/il/collinsville/379-north-bluff-rd-.html,il,collinsville,379-north-bluff-rd-
https://locations.tacobell.com/pa/mountain-top/28-n--mountain-blvd.html,pa,mountain-top,28-n--mountain-blvd
https://locations.tacobell.com/tn/joelton/7216-whites-creek-pike.html,tn,joelton,7216-whites-creek-pike
https://locations.tacobell.com/pa/berwick/2090-west-front-street.html,pa,berwick,2090-west-front-street
https://locations.tacobell.com/ca/los-angeles/7801-melrose-ave.html,ca,los-angeles,7801-melrose-ave
https://locations.tacobell.com/in/westville/600-n-flynn-road.html,in,westville,600-n-flynn-road
https://locations.tacobell.com/il/chicago/57-n--western-ave-.html,il,chicago,57-n--western-ave-
https://locations.tacobell.com/ny/yonkers/1217-nepperhan-avenue.html,ny,yonkers,1217-nepperhan-avenue
https://locations.tacobell.com/ok/sallisaw/520-south-kerr-blvd.html,ok,sallisaw,520-south-kerr-blvd
https://locations.tacobell.com/ky/falmouth/1321-w-shelby-st.html,ky,falmouth,1321-w-shelby-st
https://locations.tacobell.com/oh/columbus/1525-n-high-st.html,oh,columbus,1525-n-high-st
https://locations.tacobell.com/tx/forney/6610-fm-741.html,tx,forney,6610-fm-741
https://locations.tacobell.com/tx/donna/2301-fm-493.html,tx,donna,2301-fm-493
https://locations.tacobell.com/oh/new-carlisle/408-n-main-st.html,oh,new-carlisle,408-n-main-st
https://locations.tacobell.com/wi/saint-croix-falls/2184-e-highway-8.html,wi,saint-croix-falls,2184-e-highway-8
https://locations.tacobell.com/la/many/225-san-antonio-ave.html,la,many,225-san-antonio-ave
https://locations.tacobell.com/wv/point-pleasant/2302-jackson-ave.html,wv,point-pleasant,2302-jackson-ave
https://locations.tacobell.com/ar/brinkley/2007-n--main-street.html,ar,brinkley,2007-n--main-street
https://locations.tacobell.com/al/hope-hull/10-wasden-lane.html,al,hope-hull,10-wasden-lane
https://locations.tacobell.com/mo/trenton/1909-e-9th-st.html,mo,trenton,1909-e-9th-st
https://locations.tacobell.com/tx/porter/21883-fm-1314.html,tx,porter,21883-fm-1314
https://locations.tacobell.com/oh/clayton/7151-hoke-road.html,oh,clayton,7151-hoke-road
https://locations.tacobell.com/ma/hanover/1167-washington-street.html,ma,hanover,1167-washington-street
https://locations.tacobell.com/pa/meadville/16494-conneaut-lake-road.html,pa,meadville,16494-conneaut-lake-road
https://locations.tacobell.com/oh/aurora/7125-aurora-road.html,oh,aurora,7125-aurora-road
https://locations.tacobell.com/tx/joshua/113-s-broadway-st-.html,tx,joshua,113-s-broadway-st-
https://locations.tacobell.com/ny/new-york/1843-1st-ave.html,ny,new-york,1843-1st-ave
https://locations.tacobell.com/nv/reno/1664-north-virginia-street.html,nv,reno,1664-north-virginia-street
https://locations.tacobell.com/nc/burlington/1338-tiki-lane.html,nc,burlington,1338-tiki-lane
https://locations.tacobell.com/tx/alamo/720-n-alamo-rd.html,tx,alamo,720-n-alamo-rd
https://locations.tacobell.com/ca/tracy/1102-n-international-parkway.html,ca,tracy,1102-n-international-parkway
https://locations.tacobell.com/tx/bryan/2600-e--sh-21.html,tx,bryan,2600-e--sh-21
https://locations.tacobell.com/az/glendale/8211-w--glendale-avenue.html,az,glendale,8211-w--glendale-avenue
https://locations.tacobell.com/ny/ballston-spa/16-kendall-way.html,ny,ballston-spa,16-kendall-way
https://locations.tacobell.com/nv/las-vegas/333-w-st-louis-ave.html,nv,las-vegas,333-w-st-louis-ave
https://locations.tacobell.com/pa/parkesburg/830-octorara-trail.html,pa,parkesburg,830-octorara-trail
https://locations.tacobell.com/in/la-porte/1301-e-lincolnway.html,in,la-porte,1301-e-lincolnway
https://locations.tacobell.com/ma/boston/1084-boylston-street.html,ma,boston,1084-boylston-street
https://locations.tacobell.com/pa/harmony/244-perry-highway.html,pa,harmony,244-perry-highway
https://locations.tacobell.com/in/crown-point/549-e-109th-avenue.html,in,crown-point,549-e-109th-avenue
https://locations.tacobell.com/wi/prairie-du-chien/37496-u-s--18.html,wi,prairie-du-chien,37496-u-s--18
https://locations.tacobell.com/pa/mansfield/1289-south-main-street.html,pa,mansfield,1289-south-main-street
https://locations.tacobell.com/wv/wellsburg/138-22nd-st.html,wv,wellsburg,138-22nd-st
https://locations.tacobell.com/ar/little-rock/8819-baseline-road.html,ar,little-rock,8819-baseline-road
https://locations.tacobell.com/ne/elkhorn/6601-s--205th-street.html,ne,elkhorn,6601-s--205th-street
https://locations.tacobell.com/la/port-allen/3631-hwy-1-south.html,la,port-allen,3631-hwy-1-south
https://locations.tacobell.com/ny/bronx/54-e-170th-st.html,ny,bronx,54-e-170th-st
https://locations.tacobell.com/oh/conneaut/183-gateway-ave.html,oh,conneaut,183-gateway-ave
https://locations.tacobell.com/ny/wellsville/142-south-main-street.html,ny,wellsville,142-south-main-street
https://locations.tacobell.com/fl/winter-springs/295-e-state-road-434.html,fl,winter-springs,295-e-state-road-434
https://locations.tacobell.com/tx/houston/1210-w-orem-drive.html,tx,houston,1210-w-orem-drive
https://locations.tacobell.com/tx/college-station/1696-harvey-mitchell-pkwy-s.html,tx,college-station,1696-harvey-mitchell-pkwy-s
https://locations.tacobell.com/ny/long-island/40-09-21st-street.html,ny,long-island,40-09-21st-street
https://locations.tacobell.com/tx/houston/330-w--little-york-rd.html,tx,houston,330-w--little-york-rd
https://locations.tacobell.com/pa/lock-haven/559-high-street.html,pa,lock-haven,559-high-street
https://locations.tacobell.com/tx/seabrook/2164-bayport-blvd.html,tx,seabrook,2164-bayport-blvd
https://locations.tacobell.com/ky/somerset/3013-s--highway-27.html,ky,somerset,3013-s--highway-27
https://locations.tacobell.com/ne/lincoln/2760-n-83rd-st.html,ne,lincoln,2760-n-83rd-st
https://locations.tacobell.com/ga/dawson/480-rountree-drive-southwest.html,ga,dawson,480-rountree-drive-southwest
https://locations.tacobell.com/nc/raleigh/9221-fairbanks-dr.html,nc,raleigh,9221-fairbanks-dr
https://locations.tacobell.com/ga/covington/10161-carlin-drive.html,ga,covington,10161-carlin-drive
https://locations.tacobell.com/oh/painesville/7515-crile-road.html,oh,painesville,7515-crile-road
https://locations.tacobell.com/ny/jamaica/17551-hillside-ave.html,ny,jamaica,17551-hillside-ave
https://locations.tacobell.com/ny/lyons/9-forgham-st.html,ny,lyons,9-forgham-st
https://locations.tacobell.com/ny/jamaica/132-77-metropolitan-ave.html,ny,jamaica,132-77-metropolitan-ave
https://locations.tacobell.com/in/bloomington/2611-e--3rd-st.html,in,bloomington,2611-e--3rd-st
https://locations.tacobell.com/wv/winfield/13974-winfield-rd.html,wv,winfield,13974-winfield-rd
https://locations.tacobell.com/mi/sanford/2738-n-meridian-rd.html,mi,sanford,2738-n-meridian-rd
https://locations.tacobell.com/ny/ithaca/2301-n--triphammer-rd-.html,ny,ithaca,2301-n--triphammer-rd-
https://locations.tacobell.com/wv/kingwood/253-walmart-dr-.html,wv,kingwood,253-walmart-dr-
https://locations.tacobell.com/mi/cheboygan/215-mill-st-.html,mi,cheboygan,215-mill-st-
https://locations.tacobell.com/tx/el-paso/12367-pellicano-drive.html,tx,el-paso,12367-pellicano-drive
https://locations.tacobell.com/nj/jersey-city/3-path-plaza.html,nj,jersey-city,3-path-plaza
https://locations.tacobell.com/oh/warren/8100-east-market-st.html,oh,warren,8100-east-market-st
https://locations.tacobell.com/oh/ravenna/2608-oh-59.html,oh,ravenna,2608-oh-59
https://locations.tacobell.com/fl/tampa/12098-anderson-rd-.html,fl,tampa,12098-anderson-rd-
https://locations.tacobell.com/dc/washington/625-h-street-ne.html,dc,washington,625-h-street-ne
https://locations.tacobell.com/ar/hot-springs/2955-malvern-avenue.html,ar,hot-springs,2955-malvern-avenue
https://locations.tacobell.com/mi/capac/3283-capac-rd-.html,mi,capac,3283-capac-rd-
https://locations.tacobell.com/fl/auburndale/755-fl-559.html,fl,auburndale,755-fl-559
https://locations.tacobell.com/in/albany/1215-w-walnut-st.html,in,albany,1215-w-walnut-st
https://locations.tacobell.com/wa/federal-way/31533-pacific-hwy-s.html,wa,federal-way,31533-pacific-hwy-s
https://locations.tacobell.com/dc/washington/1412-u-street-nw.html,dc,washington,1412-u-street-nw
https://locations.tacobell.com/ga/athens/5253-jefferson-rd.html,ga,athens,5253-jefferson-rd
https://locations.tacobell.com/mi/new-hudson/57275-lyon-center-dr.html,mi,new-hudson,57275-lyon-center-dr
https://locations.tacobell.com/mi/sandusky/550-west-sanilac-rd.html,mi,sandusky,550-west-sanilac-rd
https://locations.tacobell.com/va/midlothian/12751-stone-village-way.html,va,midlothian,12751-stone-village-way
https://locations.tacobell.com/tx/killeen/1318-w-stan-schlueter-loop.html,tx,killeen,1318-w-stan-schlueter-loop
https://locations.tacobell.com/ok/cushing/1438-e--main-street.html,ok,cushing,1438-e--main-street
https://locations.tacobell.com/pa/ebensburg/4482-admiral-peary-hwy.html,pa,ebensburg,4482-admiral-peary-hwy
https://locations.tacobell.com/co/denver/3833-w--38th-ave.html,co,denver,3833-w--38th-ave
https://locations.tacobell.com/in/indianapolis/5002-east-56th-street.html,in,indianapolis,5002-east-56th-street
https://locations.tacobell.com/mo/cuba/405-n--franklin-street.html,mo,cuba,405-n--franklin-street
https://locations.tacobell.com/sc/bennettsville/200-us-15.html,sc,bennettsville,200-us-15
https://locations.tacobell.com/tx/houston/14329-e-sam-houston-parkway-n.html,tx,houston,14329-e-sam-houston-parkway-n
https://locations.tacobell.com/nv/las-vegas/103-s-rainbow-blvd.html,nv,las-vegas,103-s-rainbow-blvd
https://locations.tacobell.com/ok/idabel/1804-se-washington-street.html,ok,idabel,1804-se-washington-street
https://locations.tacobell.com/il/chicago/4523-w-north-ave-.html,il,chicago,4523-w-north-ave-
https://locations.tacobell.com/in/new-albany/100-daisy-summit.html,in,new-albany,100-daisy-summit
https://locations.tacobell.com/ny/brooklyn/1359-broadway.html,ny,brooklyn,1359-broadway
https://locations.tacobell.com/ny/brooklyn/1034-flatbush-ave.html,ny,brooklyn,1034-flatbush-ave
https://locations.tacobell.com/wv/inwood/4854-gerrardstown-rd.html,wv,inwood,4854-gerrardstown-rd
https://locations.tacobell.com/or/portland/11699-se-82nd-avenue.html,or,portland,11699-se-82nd-avenue
https://locations.tacobell.com/pa/philipsburg/1129-philipsburg-bigler-highway.html,pa,philipsburg,1129-philipsburg-bigler-highway
https://locations.tacobell.com/fl/lutz/17884-aprile-dr.html,fl,lutz,17884-aprile-dr
https://locations.tacobell.com/va/spotsylvania/10491-hilltop-plaza-way.html,va,spotsylvania,10491-hilltop-plaza-way
https://locations.tacobell.com/ca/oceanside/3845-plaza-drive.html,ca,oceanside,3845-plaza-drive
https://locations.tacobell.com/ca/desert-hot-springs/12975-palm-drive.html,ca,desert-hot-springs,12975-palm-drive
https://locations.tacobell.com/ca/hemet/2097-east-florida-ave-.html,ca,hemet,2097-east-florida-ave-
https://locations.tacobell.com/oh/tipp-city/1150-w-main-street.html,oh,tipp-city,1150-w-main-street
https://locations.tacobell.com/ma/springfield/464-breckwood-blvd.html,ma,springfield,464-breckwood-blvd
https://locations.tacobell.com/wv/sophia/901-robert-c-byrd-dr-.html,wv,sophia,901-robert-c-byrd-dr-
https://locations.tacobell.com/ga/athens/620n-us-29-highway.html,ga,athens,620n-us-29-highway
https://locations.tacobell.com/ny/hornell/39-main-street.html,ny,hornell,39-main-street
https://locations.tacobell.com/az/tempe/855-w--baseline.html,az,tempe,855-w--baseline
https://locations.tacobell.com/ga/cartersville/220-lakepoint-parkway.html,ga,cartersville,220-lakepoint-parkway
https://locations.tacobell.com/la/meraux/4212-east-judge-perez-drive.html,la,meraux,4212-east-judge-perez-drive
https://locations.tacobell.com/sc/north-augusta/411-east-martintown-road.html,sc,north-augusta,411-east-martintown-road
https://locations.tacobell.com/ky/crescent-springs/609-emily-drive.html,ky,crescent-springs,609-emily-drive
https://locations.tacobell.com/va/richmond/8991-staples-mill-rd.html,va,richmond,8991-staples-mill-rd
https://locations.tacobell.com/tn/white-pine/3670-roy-messer-hwy.html,tn,white-pine,3670-roy-messer-hwy
https://locations.tacobell.com/nm/tucumcari/2428-1st-st.html,nm,tucumcari,2428-1st-st
https://locations.tacobell.com/nc/warsaw/2694-w-nc-24-hwy.html,nc,warsaw,2694-w-nc-24-hwy
https://locations.tacobell.com/ca/arvin/330-bear-mountain-blvd-.html,ca,arvin,330-bear-mountain-blvd-
https://locations.tacobell.com/mt/livingston/2410-park-st-south.html,mt,livingston,2410-park-st-south
https://locations.tacobell.com/wa/spokane/6404-n--ash-st--.html,wa,spokane,6404-n--ash-st--
https://locations.tacobell.com/tn/oak-ridge/101-bus-terminal-road.html,tn,oak-ridge,101-bus-terminal-road
https://locations.tacobell.com/fl/naples/9000-sage-ave.html,fl,naples,9000-sage-ave
https://locations.tacobell.com/ny/new-york/840-8th-ave.html,ny,new-york,840-8th-ave
https://locations.tacobell.com/in/dyer/917-joliet-street.html,in,dyer,917-joliet-street
https://locations.tacobell.com/mo/maplewood/2750-s--big-bend-blvd-.html,mo,maplewood,2750-s--big-bend-blvd-
https://locations.tacobell.com/wa/bremerton/7150-state-route-303.html,wa,bremerton,7150-state-route-303
https://locations.tacobell.com/fl/pensacola/1201-e--cervantes-st-.html,fl,pensacola,1201-e--cervantes-st-
https://locations.tacobell.com/va/woodbridge/12400-cap-cod-ct.html,va,woodbridge,12400-cap-cod-ct
https://locations.tacobell.com/mo/farmington/1706-w--columbia-st-.html,mo,farmington,1706-w--columbia-st-
https://locations.tacobell.com/pa/carbondale/155-brooklyn-street.html,pa,carbondale,155-brooklyn-street
https://locations.tacobell.com/tx/waco/9520-china-springs-road.html,tx,waco,9520-china-springs-road
https://locations.tacobell.com/mn/blaine/11665-ulysses-lane.html,mn,blaine,11665-ulysses-lane
https://locations.tacobell.com/oh/bowling-green/1130-s-main-st.html,oh,bowling-green,1130-s-main-st
https://locations.tacobell.com/mi/clinton-township/15640-hall-rd-.html,mi,clinton-township,15640-hall-rd-
https://locations.tacobell.com/mi/frankenmuth/208-n-main-street.html,mi,frankenmuth,208-n-main-street
https://locations.tacobell.com/fl/north-port/4998-centerview-lane.html,fl,north-port,4998-centerview-lane
https://locations.tacobell.com/tx/flint/19901-highway-155.html,tx,flint,19901-highway-155
https://locations.tacobell.com/ny/new-york/224-7th-ave.html,ny,new-york,224-7th-ave
https://locations.tacobell.com/oh/mansfield/1423-lexington-ave.html,oh,mansfield,1423-lexington-ave
https://locations.tacobell.com/ga/hartwell/20-west-franklin-st-.html,ga,hartwell,20-west-franklin-st-
https://locations.tacobell.com/tn/lafayette/561-highway-52-bypass-w.html,tn,lafayette,561-highway-52-bypass-w
https://locations.tacobell.com/va/alexandria/417-king-st.html,va,alexandria,417-king-st
https://locations.tacobell.com/tx/el-paso/9620-montana-ave.html,tx,el-paso,9620-montana-ave
https://locations.tacobell.com/mi/southgate/19000-northline-road.html,mi,southgate,19000-northline-road
https://locations.tacobell.com/mi/white-lake/8100-cooley-lake-road.html,mi,white-lake,8100-cooley-lake-road
https://locations.tacobell.com/ny/new-york/500-8th-avenue.html,ny,new-york,500-8th-avenue
https://locations.tacobell.com/in/muncie/1001-e-mcgalliard-rd.html,in,muncie,1001-e-mcgalliard-rd
https://locations.tacobell.com/ca/fowler/105-s--10th-street.html,ca,fowler,105-s--10th-street
https://locations.tacobell.com/fl/miramar-beach/10859-us-highway-98-w.html,fl,miramar-beach,10859-us-highway-98-w
https://locations.tacobell.com/ar/nashville/1302-s--4th-street.html,ar,nashville,1302-s--4th-street
https://locations.tacobell.com/al/pinson/6726-deerfoot-parkway.html,al,pinson,6726-deerfoot-parkway
https://locations.tacobell.com/nc/morganton/401-carbon-city-road.html,nc,morganton,401-carbon-city-road
https://locations.tacobell.com/ky/louisa/100-falls-creek-drive.html,ky,louisa,100-falls-creek-drive
https://locations.tacobell.com/pa/scranton/2-olive-st.html,pa,scranton,2-olive-st
https://locations.tacobell.com/in/kokomo/204-markland-avenue.html,in,kokomo,204-markland-avenue
https://locations.tacobell.com/ny/farmington/1295-ny-332.html,ny,farmington,1295-ny-332
https://locations.tacobell.com/ga/rincon/459-south-columbia-ave-.html,ga,rincon,459-south-columbia-ave-
https://locations.tacobell.com/tn/hermitage/5765-old-hickory-boulevard.html,tn,hermitage,5765-old-hickory-boulevard
https://locations.tacobell.com/pa/state-college/397-benner-pike.html,pa,state-college,397-benner-pike
https://locations.tacobell.com/ar/springdale/1728-east-robinson-avenue.html,ar,springdale,1728-east-robinson-avenue
https://locations.tacobell.com/al/huntsville/2150-winchester-road.html,al,huntsville,2150-winchester-road
https://locations.tacobell.com/ny/fulton/505-s--second-street.html,ny,fulton,505-s--second-street
https://locations.tacobell.com/tx/fort-worth/5501-sycamore-school-rd.html,tx,fort-worth,5501-sycamore-school-rd
https://locations.tacobell.com/la/morgan-city/1079r-highway-90-e.html,la,morgan-city,1079r-highway-90-e
https://locations.tacobell.com/ok/midwest-city/150-brett-dr-.html,ok,midwest-city,150-brett-dr-
https://locations.tacobell.com/fl/bradenton/15215-garnet-trail.html,fl,bradenton,15215-garnet-trail
https://locations.tacobell.com/wa/ferndale/5720-barrett-rd.html,wa,ferndale,5720-barrett-rd
https://locations.tacobell.com/va/richmond/11240-patterson-ave.html,va,richmond,11240-patterson-ave
https://locations.tacobell.com/mi/westland/37500-ford-road.html,mi,westland,37500-ford-road
https://locations.tacobell.com/fl/kissimmee/4370-pleasant-hill-rd.html,fl,kissimmee,4370-pleasant-hill-rd
https://locations.tacobell.com/in/versailles/608-south-adams-street.html,in,versailles,608-south-adams-street
https://locations.tacobell.com/va/clintwood/5204-dickenson-highway.html,va,clintwood,5204-dickenson-highway
https://locations.tacobell.com/fl/davenport/7480-osceola-polk-line-rd-.html,fl,davenport,7480-osceola-polk-line-rd-
https://locations.tacobell.com/wi/oconomowoc/1750-summit-ave.html,wi,oconomowoc,1750-summit-ave
https://locations.tacobell.com/al/hanceville/702-main-st-ne.html,al,hanceville,702-main-st-ne
https://locations.tacobell.com/nv/las-vegas/warm-springs-and-gabriel.html,nv,las-vegas,warm-springs-and-gabriel
https://locations.tacobell.com/va/waynesboro/840-shenandoah-village-dr-.html,va,waynesboro,840-shenandoah-village-dr-
https://locations.tacobell.com/ga/clarkesville/255-washington-st-.html,ga,clarkesville,255-washington-st-
https://locations.tacobell.com/tn/knoxville/5322-millertown-pike.html,tn,knoxville,5322-millertown-pike
https://locations.tacobell.com/pa/danville/179-northumberland-st.html,pa,danville,179-northumberland-st
https://locations.tacobell.com/de/harrington/16680-s--dupont-hwy.html,de,harrington,16680-s--dupont-hwy
https://locations.tacobell.com/tx/richmond/26628-fm-1093.html,tx,richmond,26628-fm-1093
https://locations.tacobell.com/ny/flushing/31-22-farrington-street.html,ny,flushing,31-22-farrington-street
https://locations.tacobell.com/sc/mount-pleasant/3281-n--hwy-17.html,sc,mount-pleasant,3281-n--hwy-17
https://locations.tacobell.com/ny/bronx/2165a-white-plains-road.html,ny,bronx,2165a-white-plains-road
https://locations.tacobell.com/al/huntsville/1638-hwy-72-e.html,al,huntsville,1638-hwy-72-e
https://locations.tacobell.com/va/lynchburg/3351-candlers-mntn-rd.html,va,lynchburg,3351-candlers-mntn-rd
https://locations.tacobell.com/co/grand-junction/2897-north-avenue.html,co,grand-junction,2897-north-avenue
https://locations.tacobell.com/nj/manasquan/2407-route-35.html,nj,manasquan,2407-route-35
https://locations.tacobell.com/ky/crestwood/6521-veterans-memorial-pkwy.html,ky,crestwood,6521-veterans-memorial-pkwy
https://locations.tacobell.com/il/chicago/2407-n--clark-street.html,il,chicago,2407-n--clark-street
https://locations.tacobell.com/ga/cartersville/5-charley-harper-drive.html,ga,cartersville,5-charley-harper-drive
https://locations.tacobell.com/ky/hazard/105-black-gold-court.html,ky,hazard,105-black-gold-court
https://locations.tacobell.com/wv/saint-marys/1002-2nd-street.html,wv,saint-marys,1002-2nd-street
https://locations.tacobell.com/va/orange/507-n-madison-rd.html,va,orange,507-n-madison-rd
https://locations.tacobell.com/il/chicago/920-w-belmont-ave.html,il,chicago,920-w-belmont-ave
https://locations.tacobell.com/pa/duquesne/301-hoffman-blvd.html,pa,duquesne,301-hoffman-blvd
https://locations.tacobell.com/pa/pittsburgh/121-costco-drive.html,pa,pittsburgh,121-costco-drive
https://locations.tacobell.com/il/crete/23210-volbrecht-rd.html,il,crete,23210-volbrecht-rd
https://locations.tacobell.com/oh/bellefontaine/1500-s--main-street.html,oh,bellefontaine,1500-s--main-street
https://locations.tacobell.com/ny/brooklyn/208-mcguinness-boulevard.html,ny,brooklyn,208-mcguinness-boulevard
https://locations.tacobell.com/fl/kissimmee/1006-buenaventura-blvd.html,fl,kissimmee,1006-buenaventura-blvd
https://locations.tacobell.com/oh/rocky-river/21805-center-ridge-road.html,oh,rocky-river,21805-center-ridge-road
https://locations.tacobell.com/va/suffolk/2910-godwin-boulevard.html,va,suffolk,2910-godwin-boulevard
https://locations.tacobell.com/sc/beaufort/226-sea-island-pkwy.html,sc,beaufort,226-sea-island-pkwy
https://locations.tacobell.com/ga/ellijay/158-highland-xing-south.html,ga,ellijay,158-highland-xing-south
https://locations.tacobell.com/tx/el-paso/6450-north-desert-blvd-.html,tx,el-paso,6450-north-desert-blvd-
https://locations.tacobell.com/va/virginia-beach/2902-pacific-ave.html,va,virginia-beach,2902-pacific-ave
https://locations.tacobell.com/fl/casselberry/1265-state-rd-436.html,fl,casselberry,1265-state-rd-436
https://locations.tacobell.com/tx/mesquite/1931-military-parkway.html,tx,mesquite,1931-military-parkway
https://locations.tacobell.com/tx/fort-worth/4725-golden-triangle-blvd.html,tx,fort-worth,4725-golden-triangle-blvd
https://locations.tacobell.com/tx/san-antonio/3906-s-new-braunfels-ave.html,tx,san-antonio,3906-s-new-braunfels-ave
https://locations.tacobell.com/il/chicago/7906-s--western-avenue.html,il,chicago,7906-s--western-avenue
https://locations.tacobell.com/ny/bronx/2036-jerome-avenue.html,ny,bronx,2036-jerome-avenue
https://locations.tacobell.com/fl/miami/7900-nw-27th-ave.html,fl,miami,7900-nw-27th-ave
https://locations.tacobell.com/tx/houston/5425-aldine-mail-rte-.html,tx,houston,5425-aldine-mail-rte-
https://locations.tacobell.com/tn/smyrna/565-sam-ridley-pkwy-w.html,tn,smyrna,565-sam-ridley-pkwy-w
https://locations.tacobell.com/pa/philadelphia/7500-bustleton-avenue.html,pa,philadelphia,7500-bustleton-avenue
https://locations.tacobell.com/tx/san-antonio/12538-sw-loop-410.html,tx,san-antonio,12538-sw-loop-410
https://locations.tacobell.com/ct/meriden/467-w-main-st.html,ct,meriden,467-w-main-st
https://locations.tacobell.com/ma/athol/79-market-dr.html,ma,athol,79-market-dr
https://locations.tacobell.com/or/klamath-falls/3118-washburn-way.html,or,klamath-falls,3118-washburn-way
https://locations.tacobell.com/ca/san-diego/3195-market-st.html,ca,san-diego,3195-market-st
https://locations.tacobell.com/ca/mcfarland/51-west-sherwood-ave.html,ca,mcfarland,51-west-sherwood-ave
https://locations.tacobell.com/mo/seymour/132-loveland-street.html,mo,seymour,132-loveland-street
https://locations.tacobell.com/ny/new-york/1614-2nd-avenue.html,ny,new-york,1614-2nd-avenue
https://locations.tacobell.com/fl/stuart/6800-south-kanner-hwy.html,fl,stuart,6800-south-kanner-hwy
https://locations.tacobell.com/tn/cordova/1205-n--houston-levee-rd-.html,tn,cordova,1205-n--houston-levee-rd-
https://locations.tacobell.com/fl/kissimmee/2810-east-osceola-parkway.html,fl,kissimmee,2810-east-osceola-parkway
https://locations.tacobell.com/oh/newcomerstown/5275-east-state-road.html,oh,newcomerstown,5275-east-state-road
https://locations.tacobell.com/ar/beebe/1957-w-dewitt-henry-dr.html,ar,beebe,1957-w-dewitt-henry-dr
https://locations.tacobell.com/ky/salyersville/357-e-mountain-parkway.html,ky,salyersville,357-e-mountain-parkway
https://locations.tacobell.com/tx/burkburnett/1100-s--red-river-expressway.html,tx,burkburnett,1100-s--red-river-expressway
https://locations.tacobell.com/ny/new-york/175-dyckman-street.html,ny,new-york,175-dyckman-street
https://locations.tacobell.com/az/tempe/1336-w--university-drive.html,az,tempe,1336-w--university-drive
https://locations.tacobell.com/nc/stoneville/6650-nc-highway-135.html,nc,stoneville,6650-nc-highway-135
https://locations.tacobell.com/tx/san-antonio/9263-culebra-ave.html,tx,san-antonio,9263-culebra-ave
https://locations.tacobell.com/wv/triadelphia/35-mccormick-way.html,wv,triadelphia,35-mccormick-way
https://locations.tacobell.com/la/bossier-city/5500-airline-dr.html,la,bossier-city,5500-airline-dr
https://locations.tacobell.com/al/center-point/100-20th-ave-ne.html,al,center-point,100-20th-ave-ne
https://locations.tacobell.com/in/seymour/2017-outlet-blvd.html,in,seymour,2017-outlet-blvd
https://locations.tacobell.com/il/homer-glen/14348-s--bell-road.html,il,homer-glen,14348-s--bell-road
https://locations.tacobell.com/mo/pleasant-hill/2015-n-highway-7.html,mo,pleasant-hill,2015-n-highway-7
https://locations.tacobell.com/il/chicago/4614-s-damen-ave.html,il,chicago,4614-s-damen-ave
https://locations.tacobell.com/ca/riverside/5225-van-buren-blvd.html,ca,riverside,5225-van-buren-blvd
https://locations.tacobell.com/mo/poplar-bluff/450-highway-53.html,mo,poplar-bluff,450-highway-53
https://locations.tacobell.com/ny/bronx/8-w-fordham-rd.html,ny,bronx,8-w-fordham-rd
https://locations.tacobell.com/ny/far-rockaway/13-5-beach-channel-drive.html,ny,far-rockaway,13-5-beach-channel-drive
https://locations.tacobell.com/ca/anaheim/3270-w--lincoln-ave-.html,ca,anaheim,3270-w--lincoln-ave-
https://locations.tacobell.com/fl/delray-beach/5070-west-atlantic-ave.html,fl,delray-beach,5070-west-atlantic-ave
https://locations.tacobell.com/sc/goose-creek/787-st--james-avenue.html,sc,goose-creek,787-st--james-avenue
https://locations.tacobell.com/il/chicago/5350-s-pulaski.html,il,chicago,5350-s-pulaski
https://locations.tacobell.com/nc/mocksville/1260-yadkinville-rd.html,nc,mocksville,1260-yadkinville-rd
https://locations.tacobell.com/oh/cambridge/2343-e-wheeling-avenue.html,oh,cambridge,2343-e-wheeling-avenue
https://locations.tacobell.com/fl/chipley/1444-main-street.html,fl,chipley,1444-main-street
https://locations.tacobell.com/nj/wharton/321-route-15.html,nj,wharton,321-route-15
https://locations.tacobell.com/pa/wexford/10955-perry-highway.html,pa,wexford,10955-perry-highway
https://locations.tacobell.com/ca/diamond-bar/218-s-diamond-bar-blvd.html,ca,diamond-bar,218-s-diamond-bar-blvd
https://locations.tacobell.com/la/denham-springs/27750-juban-rd.html,la,denham-springs,27750-juban-rd
https://locations.tacobell.com/mo/springfield/2047-e--independence-st.html,mo,springfield,2047-e--independence-st
https://locations.tacobell.com/il/mattoon/105-swords-drive.html,il,mattoon,105-swords-drive
https://locations.tacobell.com/oh/maineville/6000-south-sr-48.html,oh,maineville,6000-south-sr-48
https://locations.tacobell.com/in/crawfordsville/2503-lafayette-avenue.html,in,crawfordsville,2503-lafayette-avenue
https://locations.tacobell.com/mo/ellisville/16100-manchester-road.html,mo,ellisville,16100-manchester-road
https://locations.tacobell.com/wa/enumclaw/727-roosevelt-avenue.html,wa,enumclaw,727-roosevelt-avenue
https://locations.tacobell.com/fl/panama-city/4315-n--hwy--231.html,fl,panama-city,4315-n--hwy--231
https://locations.tacobell.com/mn/crystal/5547-west-broadway.html,mn,crystal,5547-west-broadway
https://locations.tacobell.com/pa/elverson/905-heritage-drive.html,pa,elverson,905-heritage-drive
https://locations.tacobell.com/md/elkton/260-belle-hill-road.html,md,elkton,260-belle-hill-road
https://locations.tacobell.com/nc/charlotte/3923-corning-place.html,nc,charlotte,3923-corning-place
https://locations.tacobell.com/ca/barstow/1500-east-main-street.html,ca,barstow,1500-east-main-street
https://locations.tacobell.com/la/new-roads/2300-false-river-drive.html,la,new-roads,2300-false-river-drive
https://locations.tacobell.com/ca/cathedral-city/31300-bob-hope-dr-.html,ca,cathedral-city,31300-bob-hope-dr-
https://locations.tacobell.com/mi/tecumseh/1006-w--chicago.html,mi,tecumseh,1006-w--chicago
https://locations.tacobell.com/me/waterville/345-main-street.html,me,waterville,345-main-street
https://locations.tacobell.com/mo/lees-summit/3225-sw-3rd-street.html,mo,lees-summit,3225-sw-3rd-street
https://locations.tacobell.com/me/biddeford/460-alfred-street.html,me,biddeford,460-alfred-street
https://locations.tacobell.com/fl/port-orange/1748-dunlawton-ave.html,fl,port-orange,1748-dunlawton-ave
https://locations.tacobell.com/tn/mountain-city/465-s--shady-street.html,tn,mountain-city,465-s--shady-street
https://locations.tacobell.com/mn/rochester/2230-3rd--ave-se.html,mn,rochester,2230-3rd--ave-se
https://locations.tacobell.com/ga/canton/8021-cumming-hwy.html,ga,canton,8021-cumming-hwy
https://locations.tacobell.com/tx/brownsville/3801-international-blvd.html,tx,brownsville,3801-international-blvd
https://locations.tacobell.com/tx/conroe/1114-league-line-rd.html,tx,conroe,1114-league-line-rd
https://locations.tacobell.com/wi/green-bay/2491-babcock-road.html,wi,green-bay,2491-babcock-road
https://locations.tacobell.com/il/peoria/4115-w--partridge-way.html,il,peoria,4115-w--partridge-way
https://locations.tacobell.com/tx/temple/4331-n--general-bruce-dr-.html,tx,temple,4331-n--general-bruce-dr-
https://locations.tacobell.com/fl/fort-lauderdale/17-south-fort-lauderdale-beach-blvd-unit-r216.html,fl,fort-lauderdale,17-south-fort-lauderdale-beach-blvd-unit-r216
https://locations.tacobell.com/la/pineville/2399-hwy-28-east.html,la,pineville,2399-hwy-28-east
https://locations.tacobell.com/fl/lakeland/2045-w--memorial-blvd.html,fl,lakeland,2045-w--memorial-blvd
https://locations.tacobell.com/fl/wellington/13905-wellington-trace.html,fl,wellington,13905-wellington-trace
https://locations.tacobell.com/fl/vero-beach/1070-us-hwy-1.html,fl,vero-beach,1070-us-hwy-1
https://locations.tacobell.com/ca/san-jose/19-market-st-.html,ca,san-jose,19-market-st-
https://locations.tacobell.com/fl/pace/3860-highway-90.html,fl,pace,3860-highway-90
https://locations.tacobell.com/tx/arlington/5305-w--sublett-rd.html,tx,arlington,5305-w--sublett-rd
https://locations.tacobell.com/ca/brawley/120-w--main.html,ca,brawley,120-w--main
https://locations.tacobell.com/nc/raleigh/4004-capital-blvd.html,nc,raleigh,4004-capital-blvd
https://locations.tacobell.com/ga/villa-rica/2478-mirror-lake-blvd.html,ga,villa-rica,2478-mirror-lake-blvd
https://locations.tacobell.com/mo/waynesville/102-lowe-ave-.html,mo,waynesville,102-lowe-ave-
https://locations.tacobell.com/ky/pikeville/384-s-mayo-trail.html,ky,pikeville,384-s-mayo-trail
https://locations.tacobell.com/tx/bulverde/358-singing-oaks.html,tx,bulverde,358-singing-oaks
https://locations.tacobell.com/az/queen-creek/50-west-ocotillo-road.html,az,queen-creek,50-west-ocotillo-road
https://locations.tacobell.com/co/wellington/8050-6th-street.html,co,wellington,8050-6th-street
https://locations.tacobell.com/nj/bergenfield/415-s--washington-ave.html,nj,bergenfield,415-s--washington-ave
https://locations.tacobell.com/ok/blanchard/1223-ne-10th-street.html,ok,blanchard,1223-ne-10th-street
https://locations.tacobell.com/nj/bayonne/21-33-east-53rd-street.html,nj,bayonne,21-33-east-53rd-street
https://locations.tacobell.com/ma/boston/76-summer-street.html,ma,boston,76-summer-street
https://locations.tacobell.com/oh/proctorville/111-state-street.html,oh,proctorville,111-state-street
https://locations.tacobell.com/wv/weston/100-market-place-mall.html,wv,weston,100-market-place-mall
https://locations.tacobell.com/ga/savannah/4331-ogeechee-rd.html,ga,savannah,4331-ogeechee-rd
https://locations.tacobell.com/ca/san-luis-obispo/3810-broad-street.html,ca,san-luis-obispo,3810-broad-street
https://locations.tacobell.com/pa/pittsburgh/212-rodi-road.html,pa,pittsburgh,212-rodi-road
https://locations.tacobell.com/wv/danville/1962-smoot-ave.html,wv,danville,1962-smoot-ave
https://locations.tacobell.com/al/eufaula/3191-s--eufaula-ave-.html,al,eufaula,3191-s--eufaula-ave-
https://locations.tacobell.com/fl/longwood/126-s--ronald-reagan-blvd-.html,fl,longwood,126-s--ronald-reagan-blvd-
https://locations.tacobell.com/wi/brookfield/12405-w--lisbon-rd-.html,wi,brookfield,12405-w--lisbon-rd-
https://locations.tacobell.com/ok/tulsa/1722-w--51st--street.html,ok,tulsa,1722-w--51st--street
https://locations.tacobell.com/me/augusta/230-western-avenue.html,me,augusta,230-western-avenue
https://locations.tacobell.com/me/portland/1363-washington.html,me,portland,1363-washington
https://locations.tacobell.com/oh/brunswick/1794-pearl-rd-.html,oh,brunswick,1794-pearl-rd-
https://locations.tacobell.com/ny/new-york/58a-fulton-street.html,ny,new-york,58a-fulton-street
https://locations.tacobell.com/in/clinton/1885-east-state-road-163.html,in,clinton,1885-east-state-road-163
https://locations.tacobell.com/ks/derby/2127-north-rock-road.html,ks,derby,2127-north-rock-road
https://locations.tacobell.com/ok/weatherford/1237-east-main-street.html,ok,weatherford,1237-east-main-street
https://locations.tacobell.com/fl/east-palatka/169-us-hwy-17.html,fl,east-palatka,169-us-hwy-17
https://locations.tacobell.com/oh/caldwell/17005-mcconnelsville-road.html,oh,caldwell,17005-mcconnelsville-road
https://locations.tacobell.com/oh/wintersville/180-main-street.html,oh,wintersville,180-main-street
https://locations.tacobell.com/il/elburn/1075-n-main-street.html,il,elburn,1075-n-main-street
https://locations.tacobell.com/id/moscow/1429-s-blaine-st.html,id,moscow,1429-s-blaine-st
https://locations.tacobell.com/oh/carey/926-sheriden-dr-.html,oh,carey,926-sheriden-dr-
https://locations.tacobell.com/ca/santa-barbara/1840-cliff-dr.html,ca,santa-barbara,1840-cliff-dr
https://locations.tacobell.com/mo/springfield/3860-west-sunshine-street.html,mo,springfield,3860-west-sunshine-street
https://locations.tacobell.com/va/chesapeake/139-battlefield-blvd--s.html,va,chesapeake,139-battlefield-blvd--s
https://locations.tacobell.com/md/dunkirk/10090-dunkirk-way.html,md,dunkirk,10090-dunkirk-way
https://locations.tacobell.com/tn/maryville/2013-east-lamar-alexander-parkway.html,tn,maryville,2013-east-lamar-alexander-parkway
https://locations.tacobell.com/mi/durand/8831-e-lansing-rd.html,mi,durand,8831-e-lansing-rd
https://locations.tacobell.com/ms/ocean-springs/7402-washington-ave-.html,ms,ocean-springs,7402-washington-ave-
https://locations.tacobell.com/ca/fontana/7430-cherry-ave.html,ca,fontana,7430-cherry-ave
https://locations.tacobell.com/oh/harrison/10423-harrison-avenue.html,oh,harrison,10423-harrison-avenue
https://locations.tacobell.com/ny/fairport/6687-pittsford-palmyra-road.html,ny,fairport,6687-pittsford-palmyra-road
https://locations.tacobell.com/pa/gettysburg/1350-york-road.html,pa,gettysburg,1350-york-road
https://locations.tacobell.com/ut/springville/1680-w-400-s.html,ut,springville,1680-w-400-s
https://locations.tacobell.com/md/bel-air/2203-jack-lane.html,md,bel-air,2203-jack-lane
https://locations.tacobell.com/ok/tulsa/11108-east-41st-street.html,ok,tulsa,11108-east-41st-street
https://locations.tacobell.com/mn/oakdale/7049-10th-street-north.html,mn,oakdale,7049-10th-street-north
https://locations.tacobell.com/ny/oswego/147-george-street.html,ny,oswego,147-george-street
https://locations.tacobell.com/az/phoenix/201-e--washington.html,az,phoenix,201-e--washington
https://locations.tacobell.com/ma/fall-river/150-plymouth-ave.html,ma,fall-river,150-plymouth-ave
https://locations.tacobell.com/co/erie/2375-highway-7.html,co,erie,2375-highway-7
https://locations.tacobell.com/mn/duluth/201-north-44th-ave--w.html,mn,duluth,201-north-44th-ave--w
https://locations.tacobell.com/il/mount-vernon/1610-s--10th-st-.html,il,mount-vernon,1610-s--10th-st-
https://locations.tacobell.com/oh/mentor/8351-tyler-blvd-.html,oh,mentor,8351-tyler-blvd-
https://locations.tacobell.com/ak/north-pole/209-n--santa-claus-lane.html,ak,north-pole,209-n--santa-claus-lane
https://locations.tacobell.com/pa/philadelphia/4001-n-5th-st.html,pa,philadelphia,4001-n-5th-st
https://locations.tacobell.com/ca/dunnigan/30034-county-rd-8.html,ca,dunnigan,30034-county-rd-8
https://locations.tacobell.com/ny/astoria/22-24-31st-street.html,ny,astoria,22-24-31st-street
https://locations.tacobell.com/ny/new-york/545-6th-ave.html,ny,new-york,545-6th-ave
https://locations.tacobell.com/in/franklin/115-granville-drive.html,in,franklin,115-granville-drive
https://locations.tacobell.com/sc/chapin/650-columbia-avenue.html,sc,chapin,650-columbia-avenue
https://locations.tacobell.com/oh/canton/2304-tuscarawas-street-west.html,oh,canton,2304-tuscarawas-street-west
https://locations.tacobell.com/ar/conway/2195-dave-ward-drive.html,ar,conway,2195-dave-ward-drive
https://locations.tacobell.com/wv/huntington/100-kinetic-drive.html,wv,huntington,100-kinetic-drive
https://locations.tacobell.com/tn/seymour/11524-chapman-highway.html,tn,seymour,11524-chapman-highway
https://locations.tacobell.com/az/buckeye/1560-n--verrado-way.html,az,buckeye,1560-n--verrado-way
https://locations.tacobell.com/ks/olathe/10546-s-ridgeview.html,ks,olathe,10546-s-ridgeview
https://locations.tacobell.com/nv/henderson/3581-st-rose-parkway.html,nv,henderson,3581-st-rose-parkway
https://locations.tacobell.com/tx/hempstead/2150-fm-1488.html,tx,hempstead,2150-fm-1488
https://locations.tacobell.com/oh/defiance/1555-n--clinton-st-.html,oh,defiance,1555-n--clinton-st-
https://locations.tacobell.com/mi/auburn-hills/4249-interpark-dr-.html,mi,auburn-hills,4249-interpark-dr-
https://locations.tacobell.com/fl/wildwood/5821-7-mile-drive.html,fl,wildwood,5821-7-mile-drive
https://locations.tacobell.com/fl/freeport/16461-us-331-south.html,fl,freeport,16461-us-331-south
https://locations.tacobell.com/al/pell-city/511-martin-st-n.html,al,pell-city,511-martin-st-n
https://locations.tacobell.com/nc/beaufort/1798-live-oak-street.html,nc,beaufort,1798-live-oak-street
https://locations.tacobell.com/va/front-royal/35-riverton-commons-dr.html,va,front-royal,35-riverton-commons-dr
https://locations.tacobell.com/wv/elkview/103-crossings-mall-road.html,wv,elkview,103-crossings-mall-road
https://locations.tacobell.com/hi/waianae/89-102-farrington-hwy.html,hi,waianae,89-102-farrington-hwy
https://locations.tacobell.com/de/claymont/609-naamans-rd.html,de,claymont,609-naamans-rd
https://locations.tacobell.com/va/sterling/45960-denizen-plaza-road.html,va,sterling,45960-denizen-plaza-road
https://locations.tacobell.com/la/plaquemine/24529-highway-1.html,la,plaquemine,24529-highway-1
https://locations.tacobell.com/fl/miami/20925-s--dixie-hwy.html,fl,miami,20925-s--dixie-hwy
https://locations.tacobell.com/ga/tifton/1022-w-2nd-street.html,ga,tifton,1022-w-2nd-street
https://locations.tacobell.com/ia/council-bluffs/1114-woodbury-ave.html,ia,council-bluffs,1114-woodbury-ave
https://locations.tacobell.com/ar/de-queen/820-north-lakeside-drive.html,ar,de-queen,820-north-lakeside-drive
https://locations.tacobell.com/fl/new-port-richey/7575-state-road-54.html,fl,new-port-richey,7575-state-road-54
https://locations.tacobell.com/mn/fairmont/2235-state-st-n.html,mn,fairmont,2235-state-st-n
https://locations.tacobell.com/la/new-orleans/2169-robert-e--lee-boulevard.html,la,new-orleans,2169-robert-e--lee-boulevard
https://locations.tacobell.com/fl/spring-hill/10295-county-line-rd.html,fl,spring-hill,10295-county-line-rd
https://locations.tacobell.com/wa/ridgefield/50-s--48th-place.html,wa,ridgefield,50-s--48th-place
https://locations.tacobell.com/mi/caledonia/6445-cherry-meadow-drive-se.html,mi,caledonia,6445-cherry-meadow-drive-se
https://locations.tacobell.com/al/birmingham/6806-tattersall-way.html,al,birmingham,6806-tattersall-way
https://locations.tacobell.com/mi/warren/13495-east-10-mile-road.html,mi,warren,13495-east-10-mile-road
https://locations.tacobell.com/nj/monmouth-junction/4041-us-route-1-south.html,nj,monmouth-junction,4041-us-route-1-south
https://locations.tacobell.com/az/tempe/423-s-mill-ave.html,az,tempe,423-s-mill-ave
https://locations.tacobell.com/ga/dublin/2416-hwy-80-west.html,ga,dublin,2416-hwy-80-west
https://locations.tacobell.com/tn/clinton/2315-n-charles-g-seivers-blvd.html,tn,clinton,2315-n-charles-g-seivers-blvd
https://locations.tacobell.com/ny/new-york/230-varick-street.html,ny,new-york,230-varick-street
https://locations.tacobell.com/al/columbiana/218-w--college-street.html,al,columbiana,218-w--college-street
https://locations.tacobell.com/ar/huntsville/14211-highway-412.html,ar,huntsville,14211-highway-412
https://locations.tacobell.com/de/millsboro/26688-centerview-dr-.html,de,millsboro,26688-centerview-dr-
https://locations.tacobell.com/tn/monterey/450-east-stratton-ave.html,tn,monterey,450-east-stratton-ave
https://locations.tacobell.com/nm/santa-fe/64-cities-of-gold-road.html,nm,santa-fe,64-cities-of-gold-road
https://locations.tacobell.com/mi/davison/1232-south-irish-rd.html,mi,davison,1232-south-irish-rd
https://locations.tacobell.com/ga/calhoun/2234-north-highway-41.html,ga,calhoun,2234-north-highway-41
https://locations.tacobell.com/nj/edison/412-416-us-highway-1.html,nj,edison,412-416-us-highway-1
https://locations.tacobell.com/sc/indian-land/7734-u-s--521.html,sc,indian-land,7734-u-s--521
https://locations.tacobell.com/mi/midland/7340-eastman-ave.html,mi,midland,7340-eastman-ave
https://locations.tacobell.com/nv/las-vegas/825-north-rancho-dr-.html,nv,las-vegas,825-north-rancho-dr-
https://locations.tacobell.com/in/ft-wayne/7719-southtown-crossing.html,in,ft-wayne,7719-southtown-crossing
https://locations.tacobell.com/mi/plymouth/47673-five-mile-rd.html,mi,plymouth,47673-five-mile-rd
https://locations.tacobell.com/ny/lakewood/310-e-fairmount-ave.html,ny,lakewood,310-e-fairmount-ave
https://locations.tacobell.com/pa/girard/1017-e-main-street.html,pa,girard,1017-e-main-street
https://locations.tacobell.com/ca/bakersfield/5812-comanche-drive.html,ca,bakersfield,5812-comanche-drive
https://locations.tacobell.com/va/herndon/3019-centerville-rd-.html,va,herndon,3019-centerville-rd-
https://locations.tacobell.com/ca/garden-grove/10901-garden-grove-blvd.html,ca,garden-grove,10901-garden-grove-blvd
https://locations.tacobell.com/fl/orlando/7623-international-dr.html,fl,orlando,7623-international-dr
https://locations.tacobell.com/ny/jamaica/16001-jamaica-avenue.html,ny,jamaica,16001-jamaica-avenue
https://locations.tacobell.com/wv/chester/449-carolina-avenue.html,wv,chester,449-carolina-avenue
https://locations.tacobell.com/ri/pawtucket/675-beverage-hill-ave.html,ri,pawtucket,675-beverage-hill-ave
https://locations.tacobell.com/mo/kansas-city/4443-blue-parkway-rd.html,mo,kansas-city,4443-blue-parkway-rd
https://locations.tacobell.com/or/junction-city/94588-hwy-99e.html,or,junction-city,94588-hwy-99e
https://locations.tacobell.com/mn/shakopee/1530-vierling-drive-e.html,mn,shakopee,1530-vierling-drive-e
https://locations.tacobell.com/il/chicago/3001-n--broadway.html,il,chicago,3001-n--broadway
https://locations.tacobell.com/ca/sacramento/900-k-street.html,ca,sacramento,900-k-street
https://locations.tacobell.com/tn/hendersonville/1004-glenbrook-way.html,tn,hendersonville,1004-glenbrook-way
https://locations.tacobell.com/tx/amarillo/6255-hollywood-rd.html,tx,amarillo,6255-hollywood-rd
https://locations.tacobell.com/pa/kittanning/24-franklin-village-mall.html,pa,kittanning,24-franklin-village-mall
https://locations.tacobell.com/fl/miramar/6961-miramar-parkway.html,fl,miramar,6961-miramar-parkway
https://locations.tacobell.com/in/granger/13120-state-road-23.html,in,granger,13120-state-road-23
https://locations.tacobell.com/mi/shelby-township/50835-van-dyke-avenue.html,mi,shelby-township,50835-van-dyke-avenue
https://locations.tacobell.com/nj/hackensack/65-hackensack-ave-.html,nj,hackensack,65-hackensack-ave-
https://locations.tacobell.com/mo/smithville/15700-n--us-169-hwy.html,mo,smithville,15700-n--us-169-hwy
https://locations.tacobell.com/va/chesapeake/2212-s--military-hwy-.html,va,chesapeake,2212-s--military-hwy-
https://locations.tacobell.com/nc/siler-city/349-walmart-supercenter-dr-.html,nc,siler-city,349-walmart-supercenter-dr-
https://locations.tacobell.com/ok/edmond/2317-n--kelly-ave.html,ok,edmond,2317-n--kelly-ave
https://locations.tacobell.com/va/newport-news/12630-warwick-blvd-.html,va,newport-news,12630-warwick-blvd-
https://locations.tacobell.com/mo/rolla/120-highway-72-west.html,mo,rolla,120-highway-72-west
https://locations.tacobell.com/oh/kent/4098-maplecrest-parkway.html,oh,kent,4098-maplecrest-parkway
https://locations.tacobell.com/ny/new-york/976-6th-ave.html,ny,new-york,976-6th-ave
https://locations.tacobell.com/fl/palm-bay/1386-palm-bay-road-ne.html,fl,palm-bay,1386-palm-bay-road-ne
https://locations.tacobell.com/in/spencer/234-e-morgan-st.html,in,spencer,234-e-morgan-st
https://locations.tacobell.com/mn/waite-park/580-division-street.html,mn,waite-park,580-division-street
https://locations.tacobell.com/al/florence/3040-cloverdale-road.html,al,florence,3040-cloverdale-road
https://locations.tacobell.com/ut/cedar-hills/9826-n--4800-west.html,ut,cedar-hills,9826-n--4800-west
https://locations.tacobell.com/ny/rego-park/9506-63rd-drive.html,ny,rego-park,9506-63rd-drive
https://locations.tacobell.com/ca/riverside/17965-van-buren-blvd.html,ca,riverside,17965-van-buren-blvd
https://locations.tacobell.com/al/rogersville/16391-hwy-72.html,al,rogersville,16391-hwy-72
https://locations.tacobell.com/ma/worcester/418-park-ave.html,ma,worcester,418-park-ave
https://locations.tacobell.com/wi/waukesha/2707-n--grandview.html,wi,waukesha,2707-n--grandview
https://locations.tacobell.com/mo/lees-summit/851-ne-woods-chapel.html,mo,lees-summit,851-ne-woods-chapel
https://locations.tacobell.com/ky/louisville/7420-westport-road.html,ky,louisville,7420-westport-road
https://locations.tacobell.com/sc/rock-hill/1055-anderson-road-south.html,sc,rock-hill,1055-anderson-road-south
https://locations.tacobell.com/ny/troy/720-hoosick-road.html,ny,troy,720-hoosick-road
https://locations.tacobell.com/va/colonial-heights/425-charles-h-dimmock-pwky.html,va,colonial-heights,425-charles-h-dimmock-pwky
https://locations.tacobell.com/ks/overland-park/7100-w--119th-st.html,ks,overland-park,7100-w--119th-st
https://locations.tacobell.com/md/baltimore/6602-reisterstown-rd.html,md,baltimore,6602-reisterstown-rd
https://locations.tacobell.com/ny/rochester/1436-west-ridge-road.html,ny,rochester,1436-west-ridge-road
https://locations.tacobell.com/md/lavale/1262-national-highway.html,md,lavale,1262-national-highway
https://locations.tacobell.com/wi/kenosha/12120-75th-st.html,wi,kenosha,12120-75th-st
https://locations.tacobell.com/fl/dunnellon/11582-n-williams-st.html,fl,dunnellon,11582-n-williams-st
https://locations.tacobell.com/pa/slippery-rock/219-grove-city-road.html,pa,slippery-rock,219-grove-city-road
https://locations.tacobell.com/nc/edenton/232-virginia-rd.html,nc,edenton,232-virginia-rd
https://locations.tacobell.com/va/hampton/2136-w-mercury-blvd.html,va,hampton,2136-w-mercury-blvd
https://locations.tacobell.com/oh/north-randall/4660-northfield-rd.html,oh,north-randall,4660-northfield-rd
https://locations.tacobell.com/mo/grain-valley/1101-n--buckner-tarsney.html,mo,grain-valley,1101-n--buckner-tarsney
https://locations.tacobell.com/oh/lisbon/7680-state-route-45.html,oh,lisbon,7680-state-route-45
https://locations.tacobell.com/fl/umatilla/365-n-central-ave.html,fl,umatilla,365-n-central-ave
https://locations.tacobell.com/il/champaign/512-e--green-street.html,il,champaign,512-e--green-street
https://locations.tacobell.com/pa/avondale/764-gap-newport-pike.html,pa,avondale,764-gap-newport-pike
https://locations.tacobell.com/ny/macedon/337-pittsford-palmyra-rd-.html,ny,macedon,337-pittsford-palmyra-rd-
https://locations.tacobell.com/tx/lubbock/5010-milwaukee-ave.html,tx,lubbock,5010-milwaukee-ave
https://locations.tacobell.com/nc/greensboro/3810-n--church-st-.html,nc,greensboro,3810-n--church-st-
https://locations.tacobell.com/ca/fresno/4071-e--ventura-st-.html,ca,fresno,4071-e--ventura-st-
https://locations.tacobell.com/me/auburn/458-center-street.html,me,auburn,458-center-street
https://locations.tacobell.com/pa/douglassville/1136-benjamin-franklin-highway.html,pa,douglassville,1136-benjamin-franklin-highway
https://locations.tacobell.com/ny/bronx/361-e--fordham-road.html,ny,bronx,361-e--fordham-road
https://locations.tacobell.com/il/bartlett/960-s-state-route-59.html,il,bartlett,960-s-state-route-59
https://locations.tacobell.com/sc/north-myrtle-beach/201-hwy-17-north.html,sc,north-myrtle-beach,201-hwy-17-north
https://locations.tacobell.com/in/indianapolis/8820-e-21st-st-.html,in,indianapolis,8820-e-21st-st-
https://locations.tacobell.com/in/indianapolis/5662-georgetown-road.html,in,indianapolis,5662-georgetown-road
https://locations.tacobell.com/in/indianapolis/2401-n-meridian-st.html,in,indianapolis,2401-n-meridian-st
https://locations.tacobell.com/sc/aiken/2205-whiskey-road.html,sc,aiken,2205-whiskey-road
https://locations.tacobell.com/tx/highland-village/2170-fm-407.html,tx,highland-village,2170-fm-407
https://locations.tacobell.com/ky/russell-springs/305-s-hwy-127.html,ky,russell-springs,305-s-hwy-127
https://locations.tacobell.com/pa/philadelphia/2809-s--front-st.html,pa,philadelphia,2809-s--front-st
https://locations.tacobell.com/ca/monterey/321-alvarado-st.html,ca,monterey,321-alvarado-st
https://locations.tacobell.com/fl/bradenton/5298-33rd-st-.html,fl,bradenton,5298-33rd-st-
https://locations.tacobell.com/ar/arkadelphia/3126-pine-street.html,ar,arkadelphia,3126-pine-street
https://locations.tacobell.com/tx/orange/7243-i-10.html,tx,orange,7243-i-10
https://locations.tacobell.com/tx/iowa-park/301-southwest-access-roa.html,tx,iowa-park,301-southwest-access-roa
https://locations.tacobell.com/fl/orlando/13980-s-john-young-pkwy.html,fl,orlando,13980-s-john-young-pkwy
https://locations.tacobell.com/al/pinson/6650-highway-75.html,al,pinson,6650-highway-75
https://locations.tacobell.com/ny/long-beach/555-long-beach-boulevard.html,ny,long-beach,555-long-beach-boulevard
https://locations.tacobell.com/ny/greenvale/56-glen-cove-road.html,ny,greenvale,56-glen-cove-road
https://locations.tacobell.com/tx/lubbock/1905-50th-street.html,tx,lubbock,1905-50th-street
https://locations.tacobell.com/ca/brentwood/5941-lone-tree-way.html,ca,brentwood,5941-lone-tree-way
https://locations.tacobell.com/ne/omaha/4810-south-72nd-st-.html,ne,omaha,4810-south-72nd-st-
https://locations.tacobell.com/ny/brooklyn/1665-pitkin-avenue.html,ny,brooklyn,1665-pitkin-avenue
https://locations.tacobell.com/pa/dallas/2186-memorial-highway.html,pa,dallas,2186-memorial-highway
https://locations.tacobell.com/ca/norco/1448-sixth-street.html,ca,norco,1448-sixth-street
https://locations.tacobell.com/ky/smiths-grove/605-main-street.html,ky,smiths-grove,605-main-street
https://locations.tacobell.com/al/warrior/319-cane-creek-rd.html,al,warrior,319-cane-creek-rd
https://locations.tacobell.com/ny/freeport/215-w-merrick-rd.html,ny,freeport,215-w-merrick-rd
https://locations.tacobell.com/wa/puyallup/724-shaw-rd--east.html,wa,puyallup,724-shaw-rd--east
https://locations.tacobell.com/oh/garrettsville/8046-state-street.html,oh,garrettsville,8046-state-street
https://locations.tacobell.com/ca/la-verne/1401-foothill-blvd-.html,ca,la-verne,1401-foothill-blvd-
https://locations.tacobell.com/ca/valencia/24541-copper-hill-drive.html,ca,valencia,24541-copper-hill-drive
https://locations.tacobell.com/fl/wauchula/116-w-rea-rd.html,fl,wauchula,116-w-rea-rd
https://locations.tacobell.com/tx/houston/1216-barker-cypress.html,tx,houston,1216-barker-cypress
https://locations.tacobell.com/al/owens-cross-roads/6706-us-highway-431.html,al,owens-cross-roads,6706-us-highway-431
https://locations.tacobell.com/tx/lubbock/9832-slide-rd.html,tx,lubbock,9832-slide-rd
https://locations.tacobell.com/va/tappahannock/1658-tappahannock-blvd.html,va,tappahannock,1658-tappahannock-blvd
https://locations.tacobell.com/ct/farmington/5-westfarms-mall.html,ct,farmington,5-westfarms-mall
https://locations.tacobell.com/ct/manchester/194-buckland-hills-drive.html,ct,manchester,194-buckland-hills-drive
https://locations.tacobell.com/mi/traverse-city/3200-s--airport-road-w-.html,mi,traverse-city,3200-s--airport-road-w-
https://locations.tacobell.com/dc/washington/50-massachusetts-ave-ne.html,dc,washington,50-massachusetts-ave-ne
https://locations.tacobell.com/va/fairfax/11750-lee-jackson-memorial-highway.html,va,fairfax,11750-lee-jackson-memorial-highway
https://locations.tacobell.com/oh/toledo/5001-monroe-street.html,oh,toledo,5001-monroe-street
https://locations.tacobell.com/pa/york/2899-whiteford-road.html,pa,york,2899-whiteford-road
https://locations.tacobell.com/fl/boynton-beach/801-north-congress-avenue.html,fl,boynton-beach,801-north-congress-avenue
https://locations.tacobell.com/fl/sanford/254-town-center-circle.html,fl,sanford,254-town-center-circle
https://locations.tacobell.com/tn/knoxville/421-n--cedar-bluff-road.html,tn,knoxville,421-n--cedar-bluff-road
https://locations.tacobell.com/ny/jackson-heights/8301-37th-ave.html,ny,jackson-heights,8301-37th-ave
https://locations.tacobell.com/mi/east-lansing/601-e-grand-river-ave.html,mi,east-lansing,601-e-grand-river-ave
https://locations.tacobell.com/ca/anaheim/5626-e-santa-ana-canyon-rd.html,ca,anaheim,5626-e-santa-ana-canyon-rd
https://locations.tacobell.com/ca/ventura/7880-telegraph-road.html,ca,ventura,7880-telegraph-road
https://locations.tacobell.com/ny/new-york/173-e--116th-street.html,ny,new-york,173-e--116th-street
https://locations.tacobell.com/ny/yorktown-heights/359-downing-drive.html,ny,yorktown-heights,359-downing-drive
https://locations.tacobell.com/ca/sacramento/1580-w--el-camino-avenue.html,ca,sacramento,1580-w--el-camino-avenue
https://locations.tacobell.com/ny/new-york/390-8th-avenue.html,ny,new-york,390-8th-avenue
https://locations.tacobell.com/ca/los-angeles/10937-weyburn-ave-.html,ca,los-angeles,10937-weyburn-ave-
https://locations.tacobell.com/az/window-rock/state-highway-264-&-ir-12.html,az,window-rock,state-highway-264-&-ir-12
https://locations.tacobell.com/ca/penn-valley/16978-penn-valley-dr.html,ca,penn-valley,16978-penn-valley-dr
https://locations.tacobell.com/nj/oakland/347-ramapo-valley-road.html,nj,oakland,347-ramapo-valley-road
https://locations.tacobell.com/ca/calexico/2540-rockwood-avenue.html,ca,calexico,2540-rockwood-avenue
https://locations.tacobell.com/ut/ogden/1670-w-12th-st.html,ut,ogden,1670-w-12th-st
https://locations.tacobell.com/ms/winona/403-s-w--frontage-road.html,ms,winona,403-s-w--frontage-road
https://locations.tacobell.com/sc/florence/2015-w-lucas-st.html,sc,florence,2015-w-lucas-st
https://locations.tacobell.com/il/east-saint-louis/699-state-route-203.html,il,east-saint-louis,699-state-route-203
https://locations.tacobell.com/in/west-lafayette/5829-state-road-43-n.html,in,west-lafayette,5829-state-road-43-n
https://locations.tacobell.com/ca/pacific-palisades/17299-pacific-coast-hwy.html,ca,pacific-palisades,17299-pacific-coast-hwy
https://locations.tacobell.com/va/richlands/3121-cedar-valley-dr.html,va,richlands,3121-cedar-valley-dr
https://locations.tacobell.com/mi/monroe/1200-nadeau-road.html,mi,monroe,1200-nadeau-road
https://locations.tacobell.com/tx/big-lake/nwq-us-67-&-hwy-137.html,tx,big-lake,nwq-us-67-&-hwy-137
https://locations.tacobell.com/ok/tonkawa/16600-w-south-ave.html,ok,tonkawa,16600-w-south-ave
https://locations.tacobell.com/ca/buttonwillow/27769-lagoon-drive.html,ca,buttonwillow,27769-lagoon-drive
https://locations.tacobell.com/tx/schulenburg/22-n--kessler-ave-.html,tx,schulenburg,22-n--kessler-ave-
https://locations.tacobell.com/in/new-lisbon/5884-s--wilbur-wright-road.html,in,new-lisbon,5884-s--wilbur-wright-road
https://locations.tacobell.com/il/marshall/107-w-trefz.html,il,marshall,107-w-trefz
https://locations.tacobell.com/mn/albert-lea/820-happy-trails-lane.html,mn,albert-lea,820-happy-trails-lane
https://locations.tacobell.com/ca/cabazon/49030-seminole-dr.html,ca,cabazon,49030-seminole-dr
https://locations.tacobell.com/oh/findlay/11471-state-route-613.html,oh,findlay,11471-state-route-613
https://locations.tacobell.com/in/gary/2510-burr-street.html,in,gary,2510-burr-street
https://locations.tacobell.com/nj/columbia/2-simpson-road.html,nj,columbia,2-simpson-road
https://locations.tacobell.com/wy/burns/4000-i-80-service-rd-exit-377.html,wy,burns,4000-i-80-service-rd-exit-377
https://locations.tacobell.com/ky/walton/145-richwood-road.html,ky,walton,145-richwood-road
https://locations.tacobell.com/nv/imlay/6000-east-frontage-road.html,nv,imlay,6000-east-frontage-road
https://locations.tacobell.com/ut/parowan/1130-north-100.html,ut,parowan,1130-north-100
https://locations.tacobell.com/id/boise/4115-broadway-ave.html,id,boise,4115-broadway-ave
https://locations.tacobell.com/mo/strafford/225-east-evergreen.html,mo,strafford,225-east-evergreen
https://locations.tacobell.com/mi/sawyer/6100-sawyer-road.html,mi,sawyer,6100-sawyer-road
https://locations.tacobell.com/nm/las-cruces/202-n--motel-blvd.html,nm,las-cruces,202-n--motel-blvd
https://locations.tacobell.com/sc/manning/3014-paxville-highway.html,sc,manning,3014-paxville-highway
https://locations.tacobell.com/tx/laredo/1010-beltway-pkwy.html,tx,laredo,1010-beltway-pkwy
https://locations.tacobell.com/in/chesterton/1600-w-us-hwy-20.html,in,chesterton,1600-w-us-hwy-20
https://locations.tacobell.com/ct/milldale/1875-meriden-waterbury-turnpike.html,ct,milldale,1875-meriden-waterbury-turnpike
https://locations.tacobell.com/fl/marianna/2112-highway-71-south.html,fl,marianna,2112-highway-71-south
https://locations.tacobell.com/mo/foristell/3265-n-service-rd-e.html,mo,foristell,3265-n-service-rd-e
https://locations.tacobell.com/in/haubstadt/1042-e-warrenton-road.html,in,haubstadt,1042-e-warrenton-road
https://locations.tacobell.com/oh/north-baltimore/12906-deschler-road.html,oh,north-baltimore,12906-deschler-road
https://locations.tacobell.com/in/gary/3001-grant-street.html,in,gary,3001-grant-street
https://locations.tacobell.com/al/cottondale/3501-buttermilk-road.html,al,cottondale,3501-buttermilk-road
https://locations.tacobell.com/sc/columbia/7400-wilson-blvd.html,sc,columbia,7400-wilson-blvd
https://locations.tacobell.com/az/eloy/2949-north-toltec.html,az,eloy,2949-north-toltec
https://locations.tacobell.com/ks/tecumseh/e-topeka-service-area-2-8000.html,ks,tecumseh,e-topeka-service-area-2-8000
https://locations.tacobell.com/ga/tallapoosa/882-georgia-highway-100-s.html,ga,tallapoosa,882-georgia-highway-100-s
https://locations.tacobell.com/pa/philadelphia/1500-jfk-boulevard.html,pa,philadelphia,1500-jfk-boulevard
https://locations.tacobell.com/pa/philadelphia/2951-market-street.html,pa,philadelphia,2951-market-street
https://locations.tacobell.com/il/lake-forest/13783-west-oasis-service-road.html,il,lake-forest,13783-west-oasis-service-road
https://locations.tacobell.com/ga/buford/3333-buford-drive.html,ga,buford,3333-buford-drive
https://locations.tacobell.com/fl/orlando/8001-s-orange-blossom-trl.html,fl,orlando,8001-s-orange-blossom-trl
https://locations.tacobell.com/tx/houston/1178-willowbrook-mall.html,tx,houston,1178-willowbrook-mall
https://locations.tacobell.com/va/arlington/1100-s-hayes-street.html,va,arlington,1100-s-hayes-street
https://locations.tacobell.com/ok/oklahoma-city/1901-nw-expressway-street.html,ok,oklahoma-city,1901-nw-expressway-street
https://locations.tacobell.com/il/vernon-hills/906-hawthorn-center.html,il,vernon-hills,906-hawthorn-center
https://locations.tacobell.com/in/merrillville/2109-southlake-mall.html,in,merrillville,2109-southlake-mall
https://locations.tacobell.com/il/rockford/7200-harrison-ave.html,il,rockford,7200-harrison-ave
https://locations.tacobell.com/il/joliet/3340-mall-loop-dr.html,il,joliet,3340-mall-loop-dr
https://locations.tacobell.com/fl/lake-wales/813-eagle-ridge-dr-.html,fl,lake-wales,813-eagle-ridge-dr-
https://locations.tacobell.com/ok/tulsa/6105-s--mingo-road.html,ok,tulsa,6105-s--mingo-road
https://locations.tacobell.com/pa/cresco/6172-paradise-valley-road.html,pa,cresco,6172-paradise-valley-road
https://locations.tacobell.com/ny/brooklyn/785-flushing-avenue.html,ny,brooklyn,785-flushing-avenue
https://locations.tacobell.com/tn/camden/138-highway-641-n.html,tn,camden,138-highway-641-n
https://locations.tacobell.com/ny/new-york/18-e--14th-street.html,ny,new-york,18-e--14th-street
https://locations.tacobell.com/ca/coronado/100-b-ave.html,ca,coronado,100-b-ave
https://locations.tacobell.com/ar/berryville/1000-w-trimble-avenue.html,ar,berryville,1000-w-trimble-avenue
https://locations.tacobell.com/or/salem/4220-brooklake-rd-ne.html,or,salem,4220-brooklake-rd-ne
https://locations.tacobell.com/or/central-point/1600-e-pine-st.html,or,central-point,1600-e-pine-st
https://locations.tacobell.com/wi/beloit/3001-milwaukee-road.html,wi,beloit,3001-milwaukee-road
https://locations.tacobell.com/tx/hockley/32150-hempstead-highway.html,tx,hockley,32150-hempstead-highway
https://locations.tacobell.com/mo/kearney/600-west-sr-92.html,mo,kearney,600-west-sr-92
https://locations.tacobell.com/az/tucson/5570-east-travel-plaza-way.html,az,tucson,5570-east-travel-plaza-way
https://locations.tacobell.com/az/gila-bend/820-west-pima.html,az,gila-bend,820-west-pima
https://locations.tacobell.com/tx/buffalo/2605-west-commerce.html,tx,buffalo,2605-west-commerce
https://locations.tacobell.com/in/remington/4154-west-us-highway-24.html,in,remington,4154-west-us-highway-24
https://locations.tacobell.com/va/wytheville/1025-peppers-ferry-rd.html,va,wytheville,1025-peppers-ferry-rd
https://locations.tacobell.com/mo/matthews/854-state-highway-80.html,mo,matthews,854-state-highway-80
https://locations.tacobell.com/pa/brookville/245-allegheny-blvd.html,pa,brookville,245-allegheny-blvd
https://locations.tacobell.com/ca/coachella/46155-dillion-road.html,ca,coachella,46155-dillion-road
https://locations.tacobell.com/ut/tooele/8836-highway-40.html,ut,tooele,8836-highway-40
https://locations.tacobell.com/ar/earle/408-state-highway-149-north.html,ar,earle,408-state-highway-149-north
https://locations.tacobell.com/wy/fort-bridger/i-80-at-bigelow-rd.html,wy,fort-bridger,i-80-at-bigelow-rd
https://locations.tacobell.com/oh/perrysburg/3483-libbey-rd.html,oh,perrysburg,3483-libbey-rd
https://locations.tacobell.com/ok/sayre/11603-n-1900-rd.html,ok,sayre,11603-n-1900-rd
https://locations.tacobell.com/ca/ontario/4265-east-guasti-road.html,ca,ontario,4265-east-guasti-road
https://locations.tacobell.com/tx/dallas/7751-bonnie-view-road.html,tx,dallas,7751-bonnie-view-road
https://locations.tacobell.com/oh/ashland/715-u-s--highway-250-east.html,oh,ashland,715-u-s--highway-250-east
https://locations.tacobell.com/id/emmett/1340-s--washington-avenue.html,id,emmett,1340-s--washington-avenue
https://locations.tacobell.com/az/tonopah/1010-n--339th-avenue.html,az,tonopah,1010-n--339th-avenue
https://locations.tacobell.com/ar/prescott/1806-us-highway-371-w.html,ar,prescott,1806-us-highway-371-w
https://locations.tacobell.com/ca/arvin/5552-s--wheeler-ridge-road.html,ca,arvin,5552-s--wheeler-ridge-road
https://locations.tacobell.com/mo/joplin/4240-highway-43.html,mo,joplin,4240-highway-43
https://locations.tacobell.com/nc/kenly/923-johnston-pkwy.html,nc,kenly,923-johnston-pkwy
https://locations.tacobell.com/ia/walcott/755-w--iowa-80-road.html,ia,walcott,755-w--iowa-80-road
https://locations.tacobell.com/ga/cartersville/981-cassville-white-road.html,ga,cartersville,981-cassville-white-road
https://locations.tacobell.com/il/hinsdale/i-294-milepost-25.html,il,hinsdale,i-294-milepost-25
https://locations.tacobell.com/wv/charleston/1625-washington-st-east.html,wv,charleston,1625-washington-st-east
https://locations.tacobell.com/ar/el-dorado/1600-west-hillsboro-street.html,ar,el-dorado,1600-west-hillsboro-street
https://locations.tacobell.com/tx/melissa/2641-sam-rayburn-hwy.html,tx,melissa,2641-sam-rayburn-hwy
https://locations.tacobell.com/nc/southern-shores/5415-n-croatan-hwy.html,nc,southern-shores,5415-n-croatan-hwy
https://locations.tacobell.com/md/burtonsville/15670-columbia-pike.html,md,burtonsville,15670-columbia-pike
https://locations.tacobell.com/tn/ashland-city/154-monroe-place.html,tn,ashland-city,154-monroe-place
https://locations.tacobell.com/al/millbrook/1235-al-14.html,al,millbrook,1235-al-14
https://locations.tacobell.com/va/manassas/11017-nokesville-road.html,va,manassas,11017-nokesville-road
https://locations.tacobell.com/sc/north-charleston/6606-dorchester-road.html,sc,north-charleston,6606-dorchester-road
https://locations.tacobell.com/mi/hillsdale/3011-w-carleton-road.html,mi,hillsdale,3011-w-carleton-road
https://locations.tacobell.com/ne/gretna/16116-stevens-pointe-circle.html,ne,gretna,16116-stevens-pointe-circle
https://locations.tacobell.com/ny/brooklyn/1047-surf-ave.html,ny,brooklyn,1047-surf-ave
https://locations.tacobell.com/tn/wartburg/1114-knoxville-highway.html,tn,wartburg,1114-knoxville-highway
https://locations.tacobell.com/ga/perry/1500-sam-nunn-blvd.html,ga,perry,1500-sam-nunn-blvd
https://locations.tacobell.com/tn/dunlap/15253-rankin-ave.html,tn,dunlap,15253-rankin-ave
https://locations.tacobell.com/tn/gallatin/2057-nashville-pike.html,tn,gallatin,2057-nashville-pike
https://locations.tacobell.com/tn/athens/690-s--white-street.html,tn,athens,690-s--white-street
https://locations.tacobell.com/ca/maywood/3701-slauson-avenue.html,ca,maywood,3701-slauson-avenue
https://locations.tacobell.com/al/cullman/1746-2nd-avenue-sw.html,al,cullman,1746-2nd-avenue-sw
https://locations.tacobell.com/ca/williams/288-vann-street.html,ca,williams,288-vann-street
https://locations.tacobell.com/wv/beaver/855-ritter-drive.html,wv,beaver,855-ritter-drive
https://locations.tacobell.com/al/montgomery/8020-vaughn-road.html,al,montgomery,8020-vaughn-road
https://locations.tacobell.com/ga/albany/1700-e-oglethorpe.html,ga,albany,1700-e-oglethorpe
https://locations.tacobell.com/oh/milford/220-chamber-drive.html,oh,milford,220-chamber-drive
https://locations.tacobell.com/pa/allentown/5374-hamilton-blvd.html,pa,allentown,5374-hamilton-blvd
https://locations.tacobell.com/ky/hodgenville/300-lincoln-parkway.html,ky,hodgenville,300-lincoln-parkway
https://locations.tacobell.com/ky/liberty/705-n-wallace-wilkinson-blvd.html,ky,liberty,705-n-wallace-wilkinson-blvd
https://locations.tacobell.com/pa/aston/5012-pennell-road.html,pa,aston,5012-pennell-road
https://locations.tacobell.com/wi/rice-lake/11-e--burton-street.html,wi,rice-lake,11-e--burton-street
https://locations.tacobell.com/ny/new-york/707-lexington-ave.html,ny,new-york,707-lexington-ave
https://locations.tacobell.com/ny/brooklyn/1902-ralph-avenue.html,ny,brooklyn,1902-ralph-avenue
https://locations.tacobell.com/al/hartselle/1409-hwy-31-nw.html,al,hartselle,1409-hwy-31-nw
https://locations.tacobell.com/oh/powell/10600-sawmill-parkway.html,oh,powell,10600-sawmill-parkway
https://locations.tacobell.com/ma/brookline/872-commonwealth-avenue.html,ma,brookline,872-commonwealth-avenue
https://locations.tacobell.com/in/demotte/1222-s-halleck-street.html,in,demotte,1222-s-halleck-street
https://locations.tacobell.com/tx/houston/13470-east-freeway.html,tx,houston,13470-east-freeway
https://locations.tacobell.com/oh/plain-city/7490-oh-161.html,oh,plain-city,7490-oh-161
https://locations.tacobell.com/pa/sewickley/25-ohio-river-blvd.html,pa,sewickley,25-ohio-river-blvd
https://locations.tacobell.com/pa/state-college/1909-north-atherton-street.html,pa,state-college,1909-north-atherton-street
https://locations.tacobell.com/nj/hoboken/38-hudson-place.html,nj,hoboken,38-hudson-place
https://locations.tacobell.com/ky/corbin/955-w-cumberland-gap-parkway.html,ky,corbin,955-w-cumberland-gap-parkway
https://locations.tacobell.com/ny/east-elmhurst/83-10-astoria-blvd.html,ny,east-elmhurst,83-10-astoria-blvd
https://locations.tacobell.com/il/chicago/1363-east-53rd-street.html,il,chicago,1363-east-53rd-street
https://locations.tacobell.com/mn/maple-grove/9816-hospital-drive-n-.html,mn,maple-grove,9816-hospital-drive-n-
https://locations.tacobell.com/mi/reed-city/4861-s--220th-ave-.html,mi,reed-city,4861-s--220th-ave-
https://locations.tacobell.com/mo/bethany/4132-miller-st.html,mo,bethany,4132-miller-st
https://locations.tacobell.com/mi/portland/1433-e--grand-river.html,mi,portland,1433-e--grand-river
https://locations.tacobell.com/ca/vacaville/977-merchant-street.html,ca,vacaville,977-merchant-street
https://locations.tacobell.com/ny/rochester/3234-chili-ave.html,ny,rochester,3234-chili-ave
https://locations.tacobell.com/mo/kansas-city/1420-prospect-ave.html,mo,kansas-city,1420-prospect-ave
https://locations.tacobell.com/co/brighton/4765-e--bridge-st-.html,co,brighton,4765-e--bridge-st-
https://locations.tacobell.com/tx/lewisville/1025-w--round-grove-rd-.html,tx,lewisville,1025-w--round-grove-rd-
https://locations.tacobell.com/va/locust-grove/4332-germanna-highway.html,va,locust-grove,4332-germanna-highway
https://locations.tacobell.com/va/dublin/4692-cleburne-blvd.html,va,dublin,4692-cleburne-blvd
https://locations.tacobell.com/il/naperville/1019-east-ogden.html,il,naperville,1019-east-ogden
https://locations.tacobell.com/ny/albany/581-central-ave.html,ny,albany,581-central-ave
https://locations.tacobell.com/ma/cambridge/95-1st-st.html,ma,cambridge,95-1st-st
https://locations.tacobell.com/tx/highlands/303-n-main.html,tx,highlands,303-n-main
https://locations.tacobell.com/ar/cabot/3095-bill-foster-memorial-hwy-w-.html,ar,cabot,3095-bill-foster-memorial-hwy-w-
https://locations.tacobell.com/tn/murfreesboro/1634-joe-b-jackson.html,tn,murfreesboro,1634-joe-b-jackson
https://locations.tacobell.com/ga/barnesville/323-college-drive.html,ga,barnesville,323-college-drive
https://locations.tacobell.com/tn/murfreesboro/5257-veterans-parkway.html,tn,murfreesboro,5257-veterans-parkway
https://locations.tacobell.com/ma/boston/10-maverick-square.html,ma,boston,10-maverick-square
https://locations.tacobell.com/az/benson/453-w--4th-st-.html,az,benson,453-w--4th-st-
https://locations.tacobell.com/ny/carmel/1081-stoneleigh-avenue.html,ny,carmel,1081-stoneleigh-avenue
https://locations.tacobell.com/nj/pennsauken/7377-n-crescent-blvd-.html,nj,pennsauken,7377-n-crescent-blvd-
https://locations.tacobell.com/az/scottsdale/7901-e--mcdowell-rd.html,az,scottsdale,7901-e--mcdowell-rd
https://locations.tacobell.com/ks/wichita/3216-e--harry-st-.html,ks,wichita,3216-e--harry-st-
https://locations.tacobell.com/tn/newbern/101-east-highway-77.html,tn,newbern,101-east-highway-77
https://locations.tacobell.com/ri/warwick/510-quaker-lane.html,ri,warwick,510-quaker-lane
https://locations.tacobell.com/mi/evart/202-e--7th-street.html,mi,evart,202-e--7th-street
https://locations.tacobell.com/oh/norton/4111-s--cleveland-massillon-road.html,oh,norton,4111-s--cleveland-massillon-road
https://locations.tacobell.com/va/kilmarnock/466-n--main-street.html,va,kilmarnock,466-n--main-street
https://locations.tacobell.com/ut/west-jordan/5786-w-7800-s.html,ut,west-jordan,5786-w-7800-s
https://locations.tacobell.com/tn/ooltewah/6013-mountain-view-rd-.html,tn,ooltewah,6013-mountain-view-rd-
https://locations.tacobell.com/oh/washington-court-house/1391-leesburg-avenu.html,oh,washington-court-house,1391-leesburg-avenu
https://locations.tacobell.com/al/prattville/2313-cobbs-ford-road.html,al,prattville,2313-cobbs-ford-road
https://locations.tacobell.com/sc/union/445-n-duncan-bypass.html,sc,union,445-n-duncan-bypass
https://locations.tacobell.com/az/white-hills/20375-us-93.html,az,white-hills,20375-us-93
https://locations.tacobell.com/fl/land-o-lakes/7645-land-o-lakes-blvd.html,fl,land-o-lakes,7645-land-o-lakes-blvd
https://locations.tacobell.com/tx/grand-prairie/5284-s-state-highway-360.html,tx,grand-prairie,5284-s-state-highway-360
https://locations.tacobell.com/ga/rossville/16-w--crest-road.html,ga,rossville,16-w--crest-road
https://locations.tacobell.com/al/madison/7200-wall-triana-hwy.html,al,madison,7200-wall-triana-hwy
https://locations.tacobell.com/ny/new-york/1868-3rd-ave.html,ny,new-york,1868-3rd-ave
https://locations.tacobell.com/pa/coal-township/9343-pa-61.html,pa,coal-township,9343-pa-61
https://locations.tacobell.com/nj/jersey-city/231-12th-street-i-78.html,nj,jersey-city,231-12th-street-i-78
https://locations.tacobell.com/in/whitestown/4178-s-state-road-267.html,in,whitestown,4178-s-state-road-267
https://locations.tacobell.com/ri/warwick/1717-post-rd.html,ri,warwick,1717-post-rd
https://locations.tacobell.com/oh/columbus/480-ackerman-rd.html,oh,columbus,480-ackerman-rd
https://locations.tacobell.com/tx/splendora/14447-us-highway-59.html,tx,splendora,14447-us-highway-59
https://locations.tacobell.com/pa/bethlehem/1620-east-fourth-street.html,pa,bethlehem,1620-east-fourth-street
https://locations.tacobell.com/tx/pearland/7103-broadway-st.html,tx,pearland,7103-broadway-st
https://locations.tacobell.com/tx/conroe/1535-s-loop-336-w.html,tx,conroe,1535-s-loop-336-w
https://locations.tacobell.com/fl/miami-beach/1624-washington-ave.html,fl,miami-beach,1624-washington-ave
https://locations.tacobell.com/in/valparaiso/793-mccool-rd-.html,in,valparaiso,793-mccool-rd-
https://locations.tacobell.com/nc/wesley-chapel/112-waxhaw-indian-trail-road-s.html,nc,wesley-chapel,112-waxhaw-indian-trail-road-s
https://locations.tacobell.com/il/chicago/1429-w-taylor-st.html,il,chicago,1429-w-taylor-st
https://locations.tacobell.com/ca/perris/3909-ramona-expressway.html,ca,perris,3909-ramona-expressway
https://locations.tacobell.com/ma/brockton/715-crescent-street.html,ma,brockton,715-crescent-street
https://locations.tacobell.com/ca/murrieta/36615-briggs-rd.html,ca,murrieta,36615-briggs-rd
https://locations.tacobell.com/va/virginia-beach/5273-princess-anne-road.html,va,virginia-beach,5273-princess-anne-road
https://locations.tacobell.com/ar/vilonia/1126-north-main-street.html,ar,vilonia,1126-north-main-street
https://locations.tacobell.com/wi/milwaukee/230-east-capitol-drive.html,wi,milwaukee,230-east-capitol-drive
https://locations.tacobell.com/ky/nicholasville/150-hope-court.html,ky,nicholasville,150-hope-court
https://locations.tacobell.com/mi/stanton/340-s--state-st-.html,mi,stanton,340-s--state-st-
https://locations.tacobell.com/nc/hudson/3086-hickory-blvd.html,nc,hudson,3086-hickory-blvd
https://locations.tacobell.com/al/chelsea/16634-highway-280.html,al,chelsea,16634-highway-280
https://locations.tacobell.com/ia/davenport/1736-west-kimberly-road.html,ia,davenport,1736-west-kimberly-road
https://locations.tacobell.com/ky/louisville/3459-taylor-blvd.html,ky,louisville,3459-taylor-blvd
https://locations.tacobell.com/pa/philadelphia/1614-chestnut-st.html,pa,philadelphia,1614-chestnut-st
https://locations.tacobell.com/oh/north-royalton/9301-west-sprague-road.html,oh,north-royalton,9301-west-sprague-road
https://locations.tacobell.com/al/jasper/420-highway-78.html,al,jasper,420-highway-78
https://locations.tacobell.com/in/indianapolis/2316-southport-commons-drive.html,in,indianapolis,2316-southport-commons-drive
https://locations.tacobell.com/tn/mckenzie/15895-highland-drive.html,tn,mckenzie,15895-highland-drive
https://locations.tacobell.com/nd/williston/3016-3rd-ave-west.html,nd,williston,3016-3rd-ave-west
https://locations.tacobell.com/il/chicago/5224-n-northwest-hwy.html,il,chicago,5224-n-northwest-hwy
https://locations.tacobell.com/mi/stevensville/4604-red-arrow-hwy.html,mi,stevensville,4604-red-arrow-hwy
https://locations.tacobell.com/wv/welch/658-stewart-st-.html,wv,welch,658-stewart-st-
https://locations.tacobell.com/co/lone-tree/9802-yosemite-street.html,co,lone-tree,9802-yosemite-street
https://locations.tacobell.com/ny/binghamton/1243-upper-front-st.html,ny,binghamton,1243-upper-front-st
https://locations.tacobell.com/tn/cookeville/1000-n--dixie-ave.html,tn,cookeville,1000-n--dixie-ave
https://locations.tacobell.com/sd/sioux-falls/8340-w-41st-street.html,sd,sioux-falls,8340-w-41st-street
https://locations.tacobell.com/al/huntsville/2859-memorial-pkwy-nw.html,al,huntsville,2859-memorial-pkwy-nw
https://locations.tacobell.com/la/broussard/1106-e-main-st-.html,la,broussard,1106-e-main-st-
https://locations.tacobell.com/ca/fairfield/2061-walters-rd-.html,ca,fairfield,2061-walters-rd-
https://locations.tacobell.com/ga/carrollton/1127-n-park-st.html,ga,carrollton,1127-n-park-st
https://locations.tacobell.com/tx/caldwell/200-w-state-hwy-21.html,tx,caldwell,200-w-state-hwy-21
https://locations.tacobell.com/tx/conroe/17693-tx-105.html,tx,conroe,17693-tx-105
https://locations.tacobell.com/nj/watchung/1701-route-22.html,nj,watchung,1701-route-22
https://locations.tacobell.com/ga/dalton/3945-cleveland-hwy-.html,ga,dalton,3945-cleveland-hwy-
https://locations.tacobell.com/ar/southside/830-batesville-blvd.html,ar,southside,830-batesville-blvd
https://locations.tacobell.com/al/decatur/2142-6th-ave-se.html,al,decatur,2142-6th-ave-se
https://locations.tacobell.com/in/mccordsville/5835-w-broadway.html,in,mccordsville,5835-w-broadway
https://locations.tacobell.com/nc/asheville/1320-tunnel-rd-.html,nc,asheville,1320-tunnel-rd-
https://locations.tacobell.com/mi/carson-city/10723-e-carson-city-rd.html,mi,carson-city,10723-e-carson-city-rd
https://locations.tacobell.com/ga/cumming/567-atlanta-road.html,ga,cumming,567-atlanta-road
https://locations.tacobell.com/wi/kaukauna/1800-crooks-avenue.html,wi,kaukauna,1800-crooks-avenue
https://locations.tacobell.com/al/mccalla/22176-highway-216.html,al,mccalla,22176-highway-216
https://locations.tacobell.com/oh/canton/2233-faircrest-street-sw.html,oh,canton,2233-faircrest-street-sw
https://locations.tacobell.com/mi/petoskey/2129-us-131.html,mi,petoskey,2129-us-131
https://locations.tacobell.com/az/sun-lakes/25500-s-arizona-avenue.html,az,sun-lakes,25500-s-arizona-avenue
https://locations.tacobell.com/tx/krum/1651-e--mccart.html,tx,krum,1651-e--mccart
https://locations.tacobell.com/mi/hudsonville/4029-32nd-ave.html,mi,hudsonville,4029-32nd-ave
https://locations.tacobell.com/in/burns-harbor/250-melton-rd-.html,in,burns-harbor,250-melton-rd-
https://locations.tacobell.com/hi/honolulu/2500-campus-rd.html,hi,honolulu,2500-campus-rd
https://locations.tacobell.com/tx/katy/3130-fm-1463.html,tx,katy,3130-fm-1463
https://locations.tacobell.com/in/mitchell/1504-wilkens-way.html,in,mitchell,1504-wilkens-way
https://locations.tacobell.com/ny/owego/1054-state-route-17c.html,ny,owego,1054-state-route-17c
https://locations.tacobell.com/tx/mission/408-w--griffin-pkwy.html,tx,mission,408-w--griffin-pkwy
https://locations.tacobell.com/ny/brooklyn/52-court-street.html,ny,brooklyn,52-court-street
https://locations.tacobell.com/tx/salado/10375-lark-trail.html,tx,salado,10375-lark-trail
https://locations.tacobell.com/tn/gallatin/1006-westgate-drive.html,tn,gallatin,1006-westgate-drive
https://locations.tacobell.com/tx/pecos/5102-s-cedar-street.html,tx,pecos,5102-s-cedar-street
https://locations.tacobell.com/ca/half-moon-bay/120-san-mateo-rd.html,ca,half-moon-bay,120-san-mateo-rd
https://locations.tacobell.com/ny/franklin-square/598-franklin-ave.html,ny,franklin-square,598-franklin-ave
https://locations.tacobell.com/tx/hutto/2320-fm-685.html,tx,hutto,2320-fm-685
https://locations.tacobell.com/fl/saint-cloud/1375-n-narcoossee-rd-.html,fl,saint-cloud,1375-n-narcoossee-rd-
https://locations.tacobell.com/ks/wichita/11155-e-29th-st-n.html,ks,wichita,11155-e-29th-st-n
https://locations.tacobell.com/ma/easton/482-foundry-street.html,ma,easton,482-foundry-street
https://locations.tacobell.com/ky/louisville/6701-beulah-church-rd.html,ky,louisville,6701-beulah-church-rd
https://locations.tacobell.com/nm/clovis/3920-mabry-drive.html,nm,clovis,3920-mabry-drive
https://locations.tacobell.com/il/mahomet/2004-patton-drive.html,il,mahomet,2004-patton-drive
https://locations.tacobell.com/tn/knoxville/2904-chapman-highway.html,tn,knoxville,2904-chapman-highway
https://locations.tacobell.com/mo/eldon/1501-south-business-54.html,mo,eldon,1501-south-business-54
https://locations.tacobell.com/tx/dripping-springs/230-e-us-290.html,tx,dripping-springs,230-e-us-290
https://locations.tacobell.com/ok/perkins/250-w--highway-33.html,ok,perkins,250-w--highway-33
https://locations.tacobell.com/tn/kingsport/1224-stewball-circle.html,tn,kingsport,1224-stewball-circle
https://locations.tacobell.com/ny/manlius/4-stickley-drive.html,ny,manlius,4-stickley-drive
https://locations.tacobell.com/mn/ramsey/14571-armstrong-blvd-nw.html,mn,ramsey,14571-armstrong-blvd-nw
https://locations.tacobell.com/pa/reading/2257-lancaster-pike.html,pa,reading,2257-lancaster-pike
https://locations.tacobell.com/tx/corpus-christi/5722-yorktown-blvd.html,tx,corpus-christi,5722-yorktown-blvd
https://locations.tacobell.com/sc/murrells-inlet/11840-hwy-707.html,sc,murrells-inlet,11840-hwy-707
https://locations.tacobell.com/mi/yale/203-n--main-street.html,mi,yale,203-n--main-street
https://locations.tacobell.com/mi/howard-city/713-w-shaw.html,mi,howard-city,713-w-shaw
https://locations.tacobell.com/tn/chattanooga/2801-rossville-blvd.html,tn,chattanooga,2801-rossville-blvd
https://locations.tacobell.com/mi/brighton/9370-lee-rd.html,mi,brighton,9370-lee-rd
https://locations.tacobell.com/oh/batavia/2234-bauer-rd.html,oh,batavia,2234-bauer-rd
https://locations.tacobell.com/nc/apex/1101-moncure-place.html,nc,apex,1101-moncure-place
https://locations.tacobell.com/tx/houston/6360-n-elridge-pkwy.html,tx,houston,6360-n-elridge-pkwy
https://locations.tacobell.com/ma/middleborough/18-w--grove-street.html,ma,middleborough,18-w--grove-street
https://locations.tacobell.com/ky/pineville/14429-robert-l-madon-bypass.html,ky,pineville,14429-robert-l-madon-bypass
https://locations.tacobell.com/nv/battle-mountain/100-lemaire-road.html,nv,battle-mountain,100-lemaire-road
https://locations.tacobell.com/ca/la-jolla/3135-matthews-lane.html,ca,la-jolla,3135-matthews-lane
https://locations.tacobell.com/sc/roebuck/141-felt-dr-.html,sc,roebuck,141-felt-dr-
https://locations.tacobell.com/tx/spring/1833-spring-stuebner-road.html,tx,spring,1833-spring-stuebner-road
https://locations.tacobell.com/mi/auburn/4907-garfield-road.html,mi,auburn,4907-garfield-road
https://locations.tacobell.com/fl/clermont/4733-collina-terrace.html,fl,clermont,4733-collina-terrace
https://locations.tacobell.com/wa/redmond/16989-redmond-way.html,wa,redmond,16989-redmond-way
https://locations.tacobell.com/il/lincolnshire/425-milwaukee-ave.html,il,lincolnshire,425-milwaukee-ave
https://locations.tacobell.com/in/evansville/3251-n-green-river-rd.html,in,evansville,3251-n-green-river-rd
https://locations.tacobell.com/in/fort-wayne/405-west-jefferson-blvd.html,in,fort-wayne,405-west-jefferson-blvd
https://locations.tacobell.com/or/portland/2309-ne-181st-ave.html,or,portland,2309-ne-181st-ave
https://locations.tacobell.com/mi/wyandotte/3460-biddle-avenue.html,mi,wyandotte,3460-biddle-avenue
https://locations.tacobell.com/ok/newcastle/4451-kendrick-court.html,ok,newcastle,4451-kendrick-court
https://locations.tacobell.com/al/evergreen/840-liberty-hill-drive.html,al,evergreen,840-liberty-hill-drive
https://locations.tacobell.com/mo/joplin/3210-e-32nd-st.html,mo,joplin,3210-e-32nd-st
https://locations.tacobell.com/nc/old-fort/573-bat-cave-rd-.html,nc,old-fort,573-bat-cave-rd-
https://locations.tacobell.com/tx/winnie/46002-i-10.html,tx,winnie,46002-i-10
https://locations.tacobell.com/mo/brookfield/645-s-main-st.html,mo,brookfield,645-s-main-st
https://locations.tacobell.com/ny/arcade/197-sawmill-dr-.html,ny,arcade,197-sawmill-dr-
https://locations.tacobell.com/ma/brighton/288-washington-street.html,ma,brighton,288-washington-street
https://locations.tacobell.com/mi/lakeview/9151-howard-city-edmore-rd.html,mi,lakeview,9151-howard-city-edmore-rd
https://locations.tacobell.com/ny/elmira/370-south-main-st-.html,ny,elmira,370-south-main-st-
https://locations.tacobell.com/wa/richland/2293-gateway-avenue.html,wa,richland,2293-gateway-avenue
https://locations.tacobell.com/wa/graham/10010-224th-street-east.html,wa,graham,10010-224th-street-east
https://locations.tacobell.com/oh/rossford/1101-interstate-court.html,oh,rossford,1101-interstate-court
https://locations.tacobell.com/tn/hixson/5525-hixson-pike.html,tn,hixson,5525-hixson-pike
https://locations.tacobell.com/in/batesville/1047-sr-229.html,in,batesville,1047-sr-229
https://locations.tacobell.com/pa/red-lion/610-lombard-road.html,pa,red-lion,610-lombard-road
https://locations.tacobell.com/pa/philadlephia/3901-chestnut-st-.html,pa,philadlephia,3901-chestnut-st-
https://locations.tacobell.com/tn/selmer/628-mulberry-avenue.html,tn,selmer,628-mulberry-avenue
https://locations.tacobell.com/ca/san-diego/4545-el-cajon-blvd.html,ca,san-diego,4545-el-cajon-blvd
https://locations.tacobell.com/tx/houston/10255-east-fwy.html,tx,houston,10255-east-fwy
https://locations.tacobell.com/dc/washington/411-8th-street-se.html,dc,washington,411-8th-street-se
https://locations.tacobell.com/tx/monahans/1200-s-stockton-ave.html,tx,monahans,1200-s-stockton-ave
https://locations.tacobell.com/va/chesapeake/3448-s-military-highway.html,va,chesapeake,3448-s-military-highway
https://locations.tacobell.com/mi/edmore/1102-industrial-park-dr-.html,mi,edmore,1102-industrial-park-dr-
https://locations.tacobell.com/ga/cumming/3530-canton-hwy-outparcel.html,ga,cumming,3530-canton-hwy-outparcel
https://locations.tacobell.com/wi/two-rivers/1803-washington-street.html,wi,two-rivers,1803-washington-street
https://locations.tacobell.com/or/phoenix/604-n-main-st-.html,or,phoenix,604-n-main-st-
https://locations.tacobell.com/md/salisbury/2400-n-salisbury-blvd.html,md,salisbury,2400-n-salisbury-blvd
https://locations.tacobell.com/ca/morgan-hill/18585-skipper-lane.html,ca,morgan-hill,18585-skipper-lane
https://locations.tacobell.com/ga/calhoun/1105-red-bud-road-ne.html,ga,calhoun,1105-red-bud-road-ne
https://locations.tacobell.com/wv/morgantown/1959-hunters-way.html,wv,morgantown,1959-hunters-way
https://locations.tacobell.com/az/peoria/11675-w--lone-mountain-parkway.html,az,peoria,11675-w--lone-mountain-parkway
https://locations.tacobell.com/in/jeffersonville/911-gateway-drive.html,in,jeffersonville,911-gateway-drive
https://locations.tacobell.com/ga/springfield/1262-hwy-21-s.html,ga,springfield,1262-hwy-21-s
https://locations.tacobell.com/in/indianapolis/4896-kentucky-ave.html,in,indianapolis,4896-kentucky-ave
https://locations.tacobell.com/il/lincoln/1009-woodlawn-road.html,il,lincoln,1009-woodlawn-road
https://locations.tacobell.com/ny/new-york/2090-adam-clayton-powell-jr-blvd-.html,ny,new-york,2090-adam-clayton-powell-jr-blvd-
https://locations.tacobell.com/tx/needville/15621-hwy-36.html,tx,needville,15621-hwy-36
https://locations.tacobell.com/az/willcox/1101-n-virginia-ave.html,az,willcox,1101-n-virginia-ave
https://locations.tacobell.com/nj/randolph/201-s-salem-st.html,nj,randolph,201-s-salem-st
https://locations.tacobell.com/co/parker/13177-south-parker-road.html,co,parker,13177-south-parker-road
https://locations.tacobell.com/fl/land-o-lakes/17077-state-road-52.html,fl,land-o-lakes,17077-state-road-52
https://locations.tacobell.com/id/star/41-s-moyle-ave.html,id,star,41-s-moyle-ave
https://locations.tacobell.com/ks/louisburg/1401-w-amity-st-.html,ks,louisburg,1401-w-amity-st-
https://locations.tacobell.com/ca/san-francisco/333-jefferson-street.html,ca,san-francisco,333-jefferson-street
https://locations.tacobell.com/ca/san-diego/8309-otay-mesa-road.html,ca,san-diego,8309-otay-mesa-road
https://locations.tacobell.com/nj/bloomfield/1243-broad-street.html,nj,bloomfield,1243-broad-street
https://locations.tacobell.com/sc/boiling-springs/3124-boiling-springs-road.html,sc,boiling-springs,3124-boiling-springs-road
https://locations.tacobell.com/il/ofallon/1141-central-park-dr-.html,il,ofallon,1141-central-park-dr-
https://locations.tacobell.com/mo/aurora/2026-south-elliott.html,mo,aurora,2026-south-elliott
https://locations.tacobell.com/va/saint-paul/16417-wise-street.html,va,saint-paul,16417-wise-street
https://locations.tacobell.com/nc/statesville/111-beechnut-lane.html,nc,statesville,111-beechnut-lane
https://locations.tacobell.com/tx/el-paso/6850-state-highway-spur-16.html,tx,el-paso,6850-state-highway-spur-16
https://locations.tacobell.com/fl/orlando/1-south-orange-avenue.html,fl,orlando,1-south-orange-avenue
https://locations.tacobell.com/tx/navasota/9101-state-hwy-6.html,tx,navasota,9101-state-hwy-6
https://locations.tacobell.com/fl/hollywood/2640-n-state-road-7.html,fl,hollywood,2640-n-state-road-7
https://locations.tacobell.com/ca/danville/444-front-street.html,ca,danville,444-front-street
https://locations.tacobell.com/tx/benbrook/8636-benbrook-blvd.html,tx,benbrook,8636-benbrook-blvd
https://locations.tacobell.com/mi/sparta/43-applewood-dr-nw.html,mi,sparta,43-applewood-dr-nw
https://locations.tacobell.com/il/chicago/777-n--lasalle-dr.html,il,chicago,777-n--lasalle-dr
https://locations.tacobell.com/tx/san-antonio/2316-w--loop-1604-s-.html,tx,san-antonio,2316-w--loop-1604-s-
https://locations.tacobell.com/ky/ashland/461-river-hill-drive.html,ky,ashland,461-river-hill-drive
https://locations.tacobell.com/al/jackson/3625-n-college-ave.html,al,jackson,3625-n-college-ave
https://locations.tacobell.com/or/wasco/91444-biggs-rufus-hwy.html,or,wasco,91444-biggs-rufus-hwy
https://locations.tacobell.com/ny/east-amherst/6599-transit-rd.html,ny,east-amherst,6599-transit-rd
https://locations.tacobell.com/wi/cedarburg/w62n230-washington-avenue.html,wi,cedarburg,w62n230-washington-avenue
https://locations.tacobell.com/oh/stow/1590-norton-rd-stow.html,oh,stow,1590-norton-rd-stow
https://locations.tacobell.com/ca/el-cerrito/11575-san-pablo-avenue.html,ca,el-cerrito,11575-san-pablo-avenue
https://locations.tacobell.com/fl/san-antonio/30171-sr-52.html,fl,san-antonio,30171-sr-52
https://locations.tacobell.com/nc/cherry-point/bldg-4472-woodside-drive.html,nc,cherry-point,bldg-4472-woodside-drive
https://locations.tacobell.com/pa/bloomsburg/211-columbia-mall-dr-.html,pa,bloomsburg,211-columbia-mall-dr-
https://locations.tacobell.com/ny/new-paltz/238-main-st.html,ny,new-paltz,238-main-st
https://locations.tacobell.com/in/indianapolis/5935-w-86th-street.html,in,indianapolis,5935-w-86th-street
https://locations.tacobell.com/ok/stillwater/607-w--6th-avenue.html,ok,stillwater,607-w--6th-avenue
https://locations.tacobell.com/va/wytheville/1300-e-main-st.html,va,wytheville,1300-e-main-st
https://locations.tacobell.com/il/chicago/6502-w-north-ave.html,il,chicago,6502-w-north-ave
https://locations.tacobell.com/tx/midland/2300-west-indiana-ave.html,tx,midland,2300-west-indiana-ave
https://locations.tacobell.com/la/rayville/1903-s-louisa.html,la,rayville,1903-s-louisa
https://locations.tacobell.com/wv/charleston/6411-sissonville-dr.html,wv,charleston,6411-sissonville-dr
https://locations.tacobell.com/ma/wareham/2424-cranberry-highway.html,ma,wareham,2424-cranberry-highway
https://locations.tacobell.com/ky/london/177-s--laurel-road.html,ky,london,177-s--laurel-road
https://locations.tacobell.com/co/denver/8500-pena-blvd.html,co,denver,8500-pena-blvd
https://locations.tacobell.com/co/thornton/12985-quebec-st.html,co,thornton,12985-quebec-st
https://locations.tacobell.com/oh/etna/9051-hazelton-etna-rd-sw.html,oh,etna,9051-hazelton-etna-rd-sw
https://locations.tacobell.com/ca/tulare/1051-s--mooney-blvd-.html,ca,tulare,1051-s--mooney-blvd-
https://locations.tacobell.com/ga/unadilla/675-pine-st.html,ga,unadilla,675-pine-st
https://locations.tacobell.com/ga/alpharetta/5465-atlanta-hwy.html,ga,alpharetta,5465-atlanta-hwy
https://locations.tacobell.com/tx/odessa/8005-e-56th-st-a.html,tx,odessa,8005-e-56th-st-a
https://locations.tacobell.com/ca/redding/86-lake-blvd.html,ca,redding,86-lake-blvd
https://locations.tacobell.com/tx/san-antonio/14243-portranco-rd.html,tx,san-antonio,14243-portranco-rd
https://locations.tacobell.com/mo/odessa/101-w--us-hwy-40.html,mo,odessa,101-w--us-hwy-40
https://locations.tacobell.com/ny/brooklyn/536-myrtle-avenue.html,ny,brooklyn,536-myrtle-avenue
https://locations.tacobell.com/al/cullman/1662-co-rd-437.html,al,cullman,1662-co-rd-437
https://locations.tacobell.com/tx/bowie/841-e--hwy-287-n-.html,tx,bowie,841-e--hwy-287-n-
https://locations.tacobell.com/il/rantoul/629-champaign-avenue.html,il,rantoul,629-champaign-avenue
https://locations.tacobell.com/mi/fraser/34701-utica-road.html,mi,fraser,34701-utica-road
https://locations.tacobell.com/tn/cleveland/964-paul-huff-parkway-nw.html,tn,cleveland,964-paul-huff-parkway-nw
https://locations.tacobell.com/mo/ozark/5564-n-21st-st.html,mo,ozark,5564-n-21st-st
https://locations.tacobell.com/fl/apopka/3002-e-sr-436-suite-1020.html,fl,apopka,3002-e-sr-436-suite-1020
https://locations.tacobell.com/oh/ashland/738-b-u-s--highway-250-east.html,oh,ashland,738-b-u-s--highway-250-east
https://locations.tacobell.com/az/tucson/1054-e-tucson-marketplace-blvd.html,az,tucson,1054-e-tucson-marketplace-blvd
https://locations.tacobell.com/ga/ellenwood/3032-anvil-block-road.html,ga,ellenwood,3032-anvil-block-road
https://locations.tacobell.com/al/bessemer/1004-academy-drive.html,al,bessemer,1004-academy-drive
https://locations.tacobell.com/ky/stanford/378-vincent-drive.html,ky,stanford,378-vincent-drive
https://locations.tacobell.com/md/germantown/19650-gunners-branch-road.html,md,germantown,19650-gunners-branch-road
https://locations.tacobell.com/ny/brooklyn/5118-5th-avenue.html,ny,brooklyn,5118-5th-avenue
https://locations.tacobell.com/wi/west-bend/2356-w-washington.html,wi,west-bend,2356-w-washington
https://locations.tacobell.com/ar/tontitown/1119-east-henri-de-tonti-blvd.html,ar,tontitown,1119-east-henri-de-tonti-blvd
https://locations.tacobell.com/nc/greenville/116-w--10th-st-.html,nc,greenville,116-w--10th-st-
https://locations.tacobell.com/pa/king-of-prussia/253-henderson-rd.html,pa,king-of-prussia,253-henderson-rd
https://locations.tacobell.com/pa/mckees-rocks/230-langer-way.html,pa,mckees-rocks,230-langer-way
https://locations.tacobell.com/nj/barnegat/770-light-house-drive-pad-b.html,nj,barnegat,770-light-house-drive-pad-b
https://locations.tacobell.com/tn/lebanon/6705-eastgate-boulevard.html,tn,lebanon,6705-eastgate-boulevard
https://locations.tacobell.com/de/smyrna/134-n-dupont-blvd.html,de,smyrna,134-n-dupont-blvd
https://locations.tacobell.com/ny/syracuse/6463-thompson-road.html,ny,syracuse,6463-thompson-road
https://locations.tacobell.com/fl/boynton-beach/2319-s-federal-hwy.html,fl,boynton-beach,2319-s-federal-hwy
https://locations.tacobell.com/az/phoenix/3445-w-van-buren-st.html,az,phoenix,3445-w-van-buren-st
https://locations.tacobell.com/co/windsor/6465-crossroads-blvd.html,co,windsor,6465-crossroads-blvd
https://locations.tacobell.com/ny/new-york/1266-1st-ave.html,ny,new-york,1266-1st-ave
https://locations.tacobell.com/fl/leesburg/27443-us-hwy-27.html,fl,leesburg,27443-us-hwy-27
https://locations.tacobell.com/ky/nicholasville/116-hendren-way.html,ky,nicholasville,116-hendren-way
https://locations.tacobell.com/tn/mount-juliet/10989-lebanon-road.html,tn,mount-juliet,10989-lebanon-road
https://locations.tacobell.com/pa/downingtown/50-rock-raymond-rd.html,pa,downingtown,50-rock-raymond-rd
https://locations.tacobell.com/ga/douglasville/4848-ridge-rd-.html,ga,douglasville,4848-ridge-rd-
https://locations.tacobell.com/ny/new-york/1501-broadway.html,ny,new-york,1501-broadway
https://locations.tacobell.com/wa/lacey/8306-quinault-drive-ne.html,wa,lacey,8306-quinault-drive-ne
https://locations.tacobell.com/ca/sacramento/1689-arden-way.html,ca,sacramento,1689-arden-way
https://locations.tacobell.com/ny/syracuse/9090-carousel-center-drive.html,ny,syracuse,9090-carousel-center-drive
https://locations.tacobell.com/id/mountain-home-a-f-b/625-gunfighter-avenue.html,id,mountain-home-a-f-b,625-gunfighter-avenue
https://locations.tacobell.com/nj/freehold/3710-route-9-freehold-raceway-mall.html,nj,freehold,3710-route-9-freehold-raceway-mall
https://locations.tacobell.com/va/hampton/1101-w--pembroke-ave-.html,va,hampton,1101-w--pembroke-ave-
https://locations.tacobell.com/ny/poughkeepsie/2001-south-road-f103.html,ny,poughkeepsie,2001-south-road-f103
https://locations.tacobell.com/ca/highland/7347-boulder-avenue.html,ca,highland,7347-boulder-avenue
https://locations.tacobell.com/fl/winter-garden/3300-daniels-road.html,fl,winter-garden,3300-daniels-road
https://locations.tacobell.com/ca/los-angeles/8515-s--central-ave-.html,ca,los-angeles,8515-s--central-ave-
https://locations.tacobell.com/ma/saugus/1201-broadway.html,ma,saugus,1201-broadway
https://locations.tacobell.com/tx/houston/303-memorial-city-way-760-memorial-city-mall.html,tx,houston,303-memorial-city-way-760-memorial-city-mall
https://locations.tacobell.com/ct/milford/1201-boston-post-rd.html,ct,milford,1201-boston-post-rd
https://locations.tacobell.com/md/frederick/5583-spectrum-dr.html,md,frederick,5583-spectrum-dr
https://locations.tacobell.com/tx/grapevine/3000-grapevine-mills-pkwy-(suite-fc-4).html,tx,grapevine,3000-grapevine-mills-pkwy-(suite-fc-4)
https://locations.tacobell.com/tx/el-paso/1611-marshall-road.html,tx,el-paso,1611-marshall-road
https://locations.tacobell.com/ga/douglasville/6700-douglas-blvd.html,ga,douglasville,6700-douglas-blvd
https://locations.tacobell.com/tn/nashville/2200-childrens-way.html,tn,nashville,2200-childrens-way
https://locations.tacobell.com/fl/saint-cloud/2200-old-canoe-creek-rd.html,fl,saint-cloud,2200-old-canoe-creek-rd
https://locations.tacobell.com/nj/wayne/3109-willowbrook-mall.html,nj,wayne,3109-willowbrook-mall
https://locations.tacobell.com/nc/durham/6910-fayetteville-rd.html,nc,durham,6910-fayetteville-rd
https://locations.tacobell.com/nj/east-rutherford/1-american-dream-way.html,nj,east-rutherford,1-american-dream-way
https://locations.tacobell.com/fl/orlando/3009-w-colonial-drive.html,fl,orlando,3009-w-colonial-drive
https://locations.tacobell.com/in/notre-dame/315-lafortune-student-center.html,in,notre-dame,315-lafortune-student-center
https://locations.tacobell.com/ky/louisville/one-arena-plaza-307696.html,ky,louisville,one-arena-plaza-307696
https://locations.tacobell.com/ga/lawrenceville/5900-sugarloaf-pkwy.html,ga,lawrenceville,5900-sugarloaf-pkwy
https://locations.tacobell.com/nm/holloman-afb/new-mexico-&-4th-street.html,nm,holloman-afb,new-mexico-&-4th-street
https://locations.tacobell.com/wi/milwaukee/2200-e--kenwood-blvd-.html,wi,milwaukee,2200-e--kenwood-blvd-
https://locations.tacobell.com/md/college-park/1150-south-campus-dining-hall.html,md,college-park,1150-south-campus-dining-hall
https://locations.tacobell.com/ca/universal-city/100-universal-city-plaza.html,ca,universal-city,100-universal-city-plaza
https://locations.tacobell.com/pa/philadelphia/177-w-allegheny-ave.html,pa,philadelphia,177-w-allegheny-ave
https://locations.tacobell.com/pa/west-chester/519-e-market-st.html,pa,west-chester,519-e-market-st
https://locations.tacobell.com/ok/fort-sill/macomb-road-&-craig-road.html,ok,fort-sill,macomb-road-&-craig-road
https://locations.tacobell.com/ky/louisville/1441-gardiner-lane.html,ky,louisville,1441-gardiner-lane
https://locations.tacobell.com/ga/fort-gordon/3rd-ave-&-10th-st-.html,ga,fort-gordon,3rd-ave-&-10th-st-
https://locations.tacobell.com/de/camden/344-walmart-drive.html,de,camden,344-walmart-drive
https://locations.tacobell.com/ca/hawthorne/11523-hawthorne-blvd-.html,ca,hawthorne,11523-hawthorne-blvd-
https://locations.tacobell.com/pa/harrisburg/11-n--3rd-street.html,pa,harrisburg,11-n--3rd-street
https://locations.tacobell.com/mi/novi/27288-novi-rd.html,mi,novi,27288-novi-rd
https://locations.tacobell.com/il/great-lakes/540-cluverius-avenue.html,il,great-lakes,540-cluverius-avenue
https://locations.tacobell.com/md/mount-airy/1613-ridgeside-dr.html,md,mount-airy,1613-ridgeside-dr
https://locations.tacobell.com/va/dulles/21100-dulles-town-circle.html,va,dulles,21100-dulles-town-circle
https://locations.tacobell.com/pa/royersford/947-s--township-line-road.html,pa,royersford,947-s--township-line-road
https://locations.tacobell.com/az/phoenix/3300-w-camelback-rd.html,az,phoenix,3300-w-camelback-rd
https://locations.tacobell.com/nc/fort-bragg/ardennes-street.html,nc,fort-bragg,ardennes-street
https://locations.tacobell.com/ky/louisville/5012-s-3rd-st.html,ky,louisville,5012-s-3rd-st
https://locations.tacobell.com/ut/cedar-city/1330-s--providence-center-drive-walmart.html,ut,cedar-city,1330-s--providence-center-drive-walmart
https://locations.tacobell.com/ca/ontario/4371-ontario-mills-parkway.html,ca,ontario,4371-ontario-mills-parkway
https://locations.tacobell.com/ok/tinker-afb/3360-n-avenue.html,ok,tinker-afb,3360-n-avenue
https://locations.tacobell.com/mo/whiteman-afb/711-vandenberg-avenue.html,mo,whiteman-afb,711-vandenberg-avenue
https://locations.tacobell.com/tn/knoxville/7600-kingston-pike.html,tn,knoxville,7600-kingston-pike
https://locations.tacobell.com/nd/minot-afb/362-missile-ave.html,nd,minot-afb,362-missile-ave
https://locations.tacobell.com/ky/fort-knox/bldg-127-gold-vault-ave.html,ky,fort-knox,bldg-127-gold-vault-ave
https://locations.tacobell.com/ca/madera/28577-avenue-12.html,ca,madera,28577-avenue-12
https://locations.tacobell.com/ca/los-angeles/320-north-soto.html,ca,los-angeles,320-north-soto
https://locations.tacobell.com/il/north-riverside/7501-w-cermak-road.html,il,north-riverside,7501-w-cermak-road
https://locations.tacobell.com/md/silver-spring/7720-blair-road.html,md,silver-spring,7720-blair-road
https://locations.tacobell.com/il/chicago-ridge/444-chicago-ridge-mall.html,il,chicago-ridge,444-chicago-ridge-mall
https://locations.tacobell.com/mn/mankato/7-centennial-student-union.html,mn,mankato,7-centennial-student-union
https://locations.tacobell.com/ca/corona/1300-e--ontario-avenue.html,ca,corona,1300-e--ontario-avenue
https://locations.tacobell.com/ma/natick/1245-worchester-street.html,ma,natick,1245-worchester-street
https://locations.tacobell.com/co/colorado-springs/1030-e--stewart-avenue.html,co,colorado-springs,1030-e--stewart-avenue
https://locations.tacobell.com/ct/trumbull/5065-main-street.html,ct,trumbull,5065-main-street
https://locations.tacobell.com/co/fort-collins/1101-central-avenue-mall.html,co,fort-collins,1101-central-avenue-mall
https://locations.tacobell.com/fl/kissimmee/1924-e-irlo-bronson-memorial-hwy-.html,fl,kissimmee,1924-e-irlo-bronson-memorial-hwy-
https://locations.tacobell.com/mi/detroit/5221-gullen-mall.html,mi,detroit,5221-gullen-mall
https://locations.tacobell.com/ct/norwalk/315-westport-ave.html,ct,norwalk,315-westport-ave
https://locations.tacobell.com/in/terre-haute/401-chestnut-street.html,in,terre-haute,401-chestnut-street
https://locations.tacobell.com/tx/fort-bliss/20752-gulf-victory-way.html,tx,fort-bliss,20752-gulf-victory-way
https://locations.tacobell.com/pa/philadelphia/6417-harbison-ave-.html,pa,philadelphia,6417-harbison-ave-
https://locations.tacobell.com/in/muncie/2000-w--university-avenue.html,in,muncie,2000-w--university-avenue
https://locations.tacobell.com/tx/plano/7100-corporate-drive.html,tx,plano,7100-corporate-drive
https://locations.tacobell.com/tx/richardson/2828-rutford-ave.html,tx,richardson,2828-rutford-ave
https://locations.tacobell.com/ny/west-nyack/1000-palisades-center-drive.html,ny,west-nyack,1000-palisades-center-drive
https://locations.tacobell.com/fl/kissimmee/1130-w--osceola-pkwy-.html,fl,kissimmee,1130-w--osceola-pkwy-
https://locations.tacobell.com/md/wheaton/11160-veirs-mill-road.html,md,wheaton,11160-veirs-mill-road
https://locations.tacobell.com/ky/louisville/one-arena-plaza-307695.html,ky,louisville,one-arena-plaza-307695
https://locations.tacobell.com/ut/orem/800-west-university-parkway.html,ut,orem,800-west-university-parkway
https://locations.tacobell.com/mi/auburn-hills/great-lakes-crossing-mall.html,mi,auburn-hills,great-lakes-crossing-mall
https://locations.tacobell.com/ca/los-angeles/308-westwood-plaza.html,ca,los-angeles,308-westwood-plaza
https://locations.tacobell.com/fl/kissimmee/3185-s--john-young-parkway.html,fl,kissimmee,3185-s--john-young-parkway
https://locations.tacobell.com/ca/lebec/5941-dennis-mccarthy-drive.html,ca,lebec,5941-dennis-mccarthy-drive
https://locations.tacobell.com/nj/newark/150-bleeker-street.html,nj,newark,150-bleeker-street
https://locations.tacobell.com/mi/dearborn/18900-michigan-ave.html,mi,dearborn,18900-michigan-ave
https://locations.tacobell.com/ca/inglewood/2941-west-imperial-hwy-.html,ca,inglewood,2941-west-imperial-hwy-
https://locations.tacobell.com/ny/albany/1-crossgates-mall-rd.html,ny,albany,1-crossgates-mall-rd
https://locations.tacobell.com/ny/elmsford/350-saw-mill-river-road.html,ny,elmsford,350-saw-mill-river-road
https://locations.tacobell.com/il/orland-park/364-orland-square-drive.html,il,orland-park,364-orland-square-drive
https://locations.tacobell.com/ga/conyers/427-sigman-rd--nw.html,ga,conyers,427-sigman-rd--nw
https://locations.tacobell.com/co/denver/5620-n-beeler-st.html,co,denver,5620-n-beeler-st
https://locations.tacobell.com/ne/elkhorn/700-north-204th-ave--circle.html,ne,elkhorn,700-north-204th-ave--circle
https://locations.tacobell.com/sc/johns-island/1828-bohicket-road.html,sc,johns-island,1828-bohicket-road
https://locations.tacobell.com/al/huntsville/7208-bailey-cove-rd-se.html,al,huntsville,7208-bailey-cove-rd-se
https://locations.tacobell.com/pa/wind-gap/6695-sullivan-trail.html,pa,wind-gap,6695-sullivan-trail
https://locations.tacobell.com/wi/paddock-lake/25020-75th-street.html,wi,paddock-lake,25020-75th-street
https://locations.tacobell.com/ok/sulphur/1711-west-broadway.html,ok,sulphur,1711-west-broadway
https://locations.tacobell.com/ca/thermal/2084-s-marina-drive.html,ca,thermal,2084-s-marina-drive
https://locations.tacobell.com/az/gilbert/4133-e--williams-field-road.html,az,gilbert,4133-e--williams-field-road
https://locations.tacobell.com/sc/hardeeville/55-brooks-willis-dr-.html,sc,hardeeville,55-brooks-willis-dr-
https://locations.tacobell.com/ca/parlier/801-e-manning-ave.html,ca,parlier,801-e-manning-ave
https://locations.tacobell.com/ny/staten-island/1281-forest-ave.html,ny,staten-island,1281-forest-ave
https://locations.tacobell.com/nj/gibbstown/361-harmony-rd.html,nj,gibbstown,361-harmony-rd
https://locations.tacobell.com/ny/jamaica/119-16-liberty-ave.html,ny,jamaica,119-16-liberty-ave
https://locations.tacobell.com/oh/grove-city/3340-broadway.html,oh,grove-city,3340-broadway
https://locations.tacobell.com/fl/minneola/320-us-highway-27.html,fl,minneola,320-us-highway-27
https://locations.tacobell.com/co/thornton/144th-and-washington.html,co,thornton,144th-and-washington
https://locations.tacobell.com/tn/knoxville/1982-town-center-blvd.html,tn,knoxville,1982-town-center-blvd
https://locations.tacobell.com/al/sumiton/610-highway-78-e.html,al,sumiton,610-highway-78-e
https://locations.tacobell.com/tn/bristol/2582-w-state-st.html,tn,bristol,2582-w-state-st
https://locations.tacobell.com/ga/columbus/2932-macon-road.html,ga,columbus,2932-macon-road
https://locations.tacobell.com/tn/kingsport/4200-w-stone-drive.html,tn,kingsport,4200-w-stone-drive
https://locations.tacobell.com/al/russellville/13831-u-s--43.html,al,russellville,13831-u-s--43
https://locations.tacobell.com/tx/corpus-christi/6506-weber-road.html,tx,corpus-christi,6506-weber-road
https://locations.tacobell.com/al/hoover/5622-grove-blvd.html,al,hoover,5622-grove-blvd
https://locations.tacobell.com/ga/vidalia/1707-e-1st-street.html,ga,vidalia,1707-e-1st-street
https://locations.tacobell.com/pa/beaver-falls/900-chippewa-town-center.html,pa,beaver-falls,900-chippewa-town-center
https://locations.tacobell.com/al/huntsville/11300-memorial-pkwy-sw.html,al,huntsville,11300-memorial-pkwy-sw
https://locations.tacobell.com/wv/dunbar/919-dunbar-ave.html,wv,dunbar,919-dunbar-ave
https://locations.tacobell.com/tn/jamestown/461-n--main-st-.html,tn,jamestown,461-n--main-st-
https://locations.tacobell.com/tx/aledo/bailey-ranch-road-and-fm-1187.html,tx,aledo,bailey-ranch-road-and-fm-1187
https://locations.tacobell.com/oh/toledo/815-philips-avenue.html,oh,toledo,815-philips-avenue
https://locations.tacobell.com/nc/winston-salem/12199-n--nc-highway-150.html,nc,winston-salem,12199-n--nc-highway-150
https://locations.tacobell.com/mi/montrose/250-e-state-st.html,mi,montrose,250-e-state-st
https://locations.tacobell.com/al/talladega/206-haynes-st-.html,al,talladega,206-haynes-st-
https://locations.tacobell.com/al/trussville/5950-valley-rd.html,al,trussville,5950-valley-rd
https://locations.tacobell.com/wa/rochester/19704-old-hwy-99-sw.html,wa,rochester,19704-old-hwy-99-sw
https://locations.tacobell.com/ky/munfordville/103-old-main-street.html,ky,munfordville,103-old-main-street
https://locations.tacobell.com/nm/carlsbad/713-s-canal-street.html,nm,carlsbad,713-s-canal-street
https://locations.tacobell.com/oh/clyde/1096-w--mcpherson-highway.html,oh,clyde,1096-w--mcpherson-highway
https://locations.tacobell.com/wi/columbus/109-dix-street.html,wi,columbus,109-dix-street
https://locations.tacobell.com/tx/grand-prairie/3192-state-highway-161.html,tx,grand-prairie,3192-state-highway-161
https://locations.tacobell.com/md/lexington-park/21583-great-mills-road.html,md,lexington-park,21583-great-mills-road
https://locations.tacobell.com/ny/staten-island/2655-richmond-ave.html,ny,staten-island,2655-richmond-ave
https://locations.tacobell.com/tn/nashville/131-2nd-avenue-north.html,tn,nashville,131-2nd-avenue-north
https://locations.tacobell.com/ks/mission/6350-johnson-dr.html,ks,mission,6350-johnson-dr
https://locations.tacobell.com/nm/albuquerque/8651-golf-course-road-northwest.html,nm,albuquerque,8651-golf-course-road-northwest
https://locations.tacobell.com/il/chicago/255-w-garfield-blvd.html,il,chicago,255-w-garfield-blvd
https://locations.tacobell.com/ok/pauls-valley/100-ballard-rd.html,ok,pauls-valley,100-ballard-rd
https://locations.tacobell.com/ca/san-jose/211-s-9th-street.html,ca,san-jose,211-s-9th-street
https://locations.tacobell.com/fl/keystone-heights/810-greenway.html,fl,keystone-heights,810-greenway
https://locations.tacobell.com/ca/costa-mesa/1476-bristol-street.html,ca,costa-mesa,1476-bristol-street
https://locations.tacobell.com/nj/pennsville/460-n--broadway.html,nj,pennsville,460-n--broadway
https://locations.tacobell.com/mt/missoula/8500-truck-stop-rd-.html,mt,missoula,8500-truck-stop-rd-
https://locations.tacobell.com/in/hammond/954-indianapolis-blvd.html,in,hammond,954-indianapolis-blvd
https://locations.tacobell.com/tx/silsbee/620-south-highway-96.html,tx,silsbee,620-south-highway-96
https://locations.tacobell.com/il/chicago/948-w-armitage.html,il,chicago,948-w-armitage
https://locations.tacobell.com/nj/linden/1010-w-edgar-rd.html,nj,linden,1010-w-edgar-rd
https://locations.tacobell.com/wi/sturtevant/717-s--sylvania-ave.html,wi,sturtevant,717-s--sylvania-ave
https://locations.tacobell.com/mo/kansas-city/5700-e-bannister-rd.html,mo,kansas-city,5700-e-bannister-rd
https://locations.tacobell.com/ca/san-jose/609-horning-street.html,ca,san-jose,609-horning-street
https://locations.tacobell.com/va/vinton/1918-washington-avenue.html,va,vinton,1918-washington-avenue
https://locations.tacobell.com/ms/carthage/306-hwy-16-west.html,ms,carthage,306-hwy-16-west
https://locations.tacobell.com/ok/vinita/260-south-7th-street.html,ok,vinita,260-south-7th-street
https://locations.tacobell.com/ca/greenfield/780-walnut-ave.html,ca,greenfield,780-walnut-ave
https://locations.tacobell.com/wa/walla-walla/622-w-alder.html,wa,walla-walla,622-w-alder
https://locations.tacobell.com/dc/washington/3100-14th-street-nw.html,dc,washington,3100-14th-street-nw
https://locations.tacobell.com/il/chicago/941-w-randolph-st.html,il,chicago,941-w-randolph-st
https://locations.tacobell.com/al/phenix-city/101-compromise-court.html,al,phenix-city,101-compromise-court
https://locations.tacobell.com/ma/new-bedford/129-rockdale-ave.html,ma,new-bedford,129-rockdale-ave
https://locations.tacobell.com/ny/brooklyn/1977-86th-street.html,ny,brooklyn,1977-86th-street
https://locations.tacobell.com/fl/hobe-sound/11535-s-e--federal-hwy.html,fl,hobe-sound,11535-s-e--federal-hwy
https://locations.tacobell.com/fl/hialeah/2915-w-16th-ave.html,fl,hialeah,2915-w-16th-ave
https://locations.tacobell.com/al/dothan/3927-montgomery-hwy.html,al,dothan,3927-montgomery-hwy
https://locations.tacobell.com/ny/new-windsor/376-windsor-highway.html,ny,new-windsor,376-windsor-highway
https://locations.tacobell.com/ga/midland/7150-beaver-run-road.html,ga,midland,7150-beaver-run-road
https://locations.tacobell.com/ny/ridgewood/57-17-myrtle-ave.html,ny,ridgewood,57-17-myrtle-ave
https://locations.tacobell.com/ny/brooklyn/809-grand-street.html,ny,brooklyn,809-grand-street
https://locations.tacobell.com/tx/houston/10251-clay-rd.html,tx,houston,10251-clay-rd
https://locations.tacobell.com/nj/somers-point/331-new-road.html,nj,somers-point,331-new-road
https://locations.tacobell.com/wa/poulsbo/21289-olhava-way.html,wa,poulsbo,21289-olhava-way
https://locations.tacobell.com/ny/coram/348-middle-country-road.html,ny,coram,348-middle-country-road
https://locations.tacobell.com/ga/lagrange/1506-lafayette-parkway.html,ga,lagrange,1506-lafayette-parkway
https://locations.tacobell.com/nc/cherryville/1105-east-church-street.html,nc,cherryville,1105-east-church-street
https://locations.tacobell.com/ga/atlanta/976-camp-fulton-way.html,ga,atlanta,976-camp-fulton-way
https://locations.tacobell.com/ga/buford/4104-hamilton-mill-road.html,ga,buford,4104-hamilton-mill-road
https://locations.tacobell.com/ca/visalia/815-s--akers-drive.html,ca,visalia,815-s--akers-drive
https://locations.tacobell.com/ca/grand-terrace/22172-barton-road.html,ca,grand-terrace,22172-barton-road
https://locations.tacobell.com/tn/huntingdon/210-veterans-drive.html,tn,huntingdon,210-veterans-drive
https://locations.tacobell.com/il/chicago/1107-w--addison.html,il,chicago,1107-w--addison
https://locations.tacobell.com/az/mesa/1125-s-signal-butte-rd.html,az,mesa,1125-s-signal-butte-rd
https://locations.tacobell.com/ks/leavenworth/601-metropolitan-ave.html,ks,leavenworth,601-metropolitan-ave
https://locations.tacobell.com/al/northport/1250-mitt-lary-rd-.html,al,northport,1250-mitt-lary-rd-
https://locations.tacobell.com/va/toms-brook/1014-mt--olive-road.html,va,toms-brook,1014-mt--olive-road
https://locations.tacobell.com/nc/indian-trail/3021-wesley-chapel-stouts-rd-.html,nc,indian-trail,3021-wesley-chapel-stouts-rd-
https://locations.tacobell.com/in/avon/6851-east-u-s--highway-36.html,in,avon,6851-east-u-s--highway-36
https://locations.tacobell.com/az/vail/13440-e-mary-ann-cleveland-way.html,az,vail,13440-e-mary-ann-cleveland-way
https://locations.tacobell.com/wv/parkersburg/1921-7th-street.html,wv,parkersburg,1921-7th-street
https://locations.tacobell.com/oh/new-lebanon/364-w-main-street.html,oh,new-lebanon,364-w-main-street
https://locations.tacobell.com/in/martinsville/1305-morton-ave.html,in,martinsville,1305-morton-ave
https://locations.tacobell.com/ar/gravette/604-1st-avenue-se.html,ar,gravette,604-1st-avenue-se
https://locations.tacobell.com/wa/vancouver/11606-ne-119th-street.html,wa,vancouver,11606-ne-119th-street
https://locations.tacobell.com/nv/reno/11775-veterans-parkway.html,nv,reno,11775-veterans-parkway
https://locations.tacobell.com/ky/louisville/5868-new-cut-road.html,ky,louisville,5868-new-cut-road
https://locations.tacobell.com/az/marana/13924-n-sandario-rd.html,az,marana,13924-n-sandario-rd
https://locations.tacobell.com/oh/new-boston/4618-gallia-street.html,oh,new-boston,4618-gallia-street
https://locations.tacobell.com/fl/daytona-beach/2077-lpga-blvd.html,fl,daytona-beach,2077-lpga-blvd
https://locations.tacobell.com/in/mishawaka/3615-bremen-hwy.html,in,mishawaka,3615-bremen-hwy
https://locations.tacobell.com/al/harvest/5809-highway-53.html,al,harvest,5809-highway-53
https://locations.tacobell.com/ar/sheridan/704-west-center-street.html,ar,sheridan,704-west-center-street
https://locations.tacobell.com/al/tuscaloosa/1211-university-blvd.html,al,tuscaloosa,1211-university-blvd
https://locations.tacobell.com/tx/conroe/10280-hwy-242.html,tx,conroe,10280-hwy-242
https://locations.tacobell.com/pa/lititz/2-trolley-run-rd-.html,pa,lititz,2-trolley-run-rd-
https://locations.tacobell.com/ok/ardmore/806-holiday-drive.html,ok,ardmore,806-holiday-drive
https://locations.tacobell.com/ga/kennesaw/400-ernest-w-barrett-pkwy-kennesaw-mall.html,ga,kennesaw,400-ernest-w-barrett-pkwy-kennesaw-mall
https://locations.tacobell.com/or/stayton/1855-shaff-rd.html,or,stayton,1855-shaff-rd
https://locations.tacobell.com/nj/mount-laurel/3220-route-38.html,nj,mount-laurel,3220-route-38
https://locations.tacobell.com/nc/elizabeth-city/3865-conlon-way.html,nc,elizabeth-city,3865-conlon-way
https://locations.tacobell.com/ny/bronx/450-east-149-st-.html,ny,bronx,450-east-149-st-
https://locations.tacobell.com/wv/nitro/2207-1st-ave.html,wv,nitro,2207-1st-ave
https://locations.tacobell.com/al/haleyville/42462-al-195.html,al,haleyville,42462-al-195
https://locations.tacobell.com/in/indianapolis/9885-fall-creek-rd-.html,in,indianapolis,9885-fall-creek-rd-
https://locations.tacobell.com/la/port-barre/17621-hwy-190.html,la,port-barre,17621-hwy-190
https://locations.tacobell.com/hi/kapolei/91-5431-kapolei-pkwy.html,hi,kapolei,91-5431-kapolei-pkwy
https://locations.tacobell.com/or/eugene/4550-w-11th.html,or,eugene,4550-w-11th
https://locations.tacobell.com/tx/gun-barrel-city/215-west-main-st-.html,tx,gun-barrel-city,215-west-main-st-
https://locations.tacobell.com/ny/staten-island/2475-hylan-blvd.html,ny,staten-island,2475-hylan-blvd
https://locations.tacobell.com/mi/ishpeming/848-us-highway-41-w.html,mi,ishpeming,848-us-highway-41-w
https://locations.tacobell.com/pa/mount-pocono/3196-route-940.html,pa,mount-pocono,3196-route-940
https://locations.tacobell.com/va/chantilly/43311-defender-drive.html,va,chantilly,43311-defender-drive
https://locations.tacobell.com/tx/center/1315-tenaha-st-.html,tx,center,1315-tenaha-st-
https://locations.tacobell.com/al/fayette/1525-temple-avenue-n.html,al,fayette,1525-temple-avenue-n
https://locations.tacobell.com/pa/somerset/1530-north-center-ave.html,pa,somerset,1530-north-center-ave
https://locations.tacobell.com/tx/emory/218-e-lennon-dr.html,tx,emory,218-e-lennon-dr
https://locations.tacobell.com/ny/staten-island/2259-richmond-avenue.html,ny,staten-island,2259-richmond-avenue
https://locations.tacobell.com/ne/lincoln/7355-willowbrook-lane.html,ne,lincoln,7355-willowbrook-lane
https://locations.tacobell.com/ms/forest/1309-ms-hwy-35.html,ms,forest,1309-ms-hwy-35
https://locations.tacobell.com/wa/olympia/2725-93rd-ave--sw.html,wa,olympia,2725-93rd-ave--sw
https://locations.tacobell.com/ny/rochester/1008-lehigh-station-road.html,ny,rochester,1008-lehigh-station-road
https://locations.tacobell.com/ma/norwood/958-providence-highway.html,ma,norwood,958-providence-highway
https://locations.tacobell.com/ms/fulton/402-interchange-dr-.html,ms,fulton,402-interchange-dr-
https://locations.tacobell.com/ca/menifee/27721-scott-rd-.html,ca,menifee,27721-scott-rd-
https://locations.tacobell.com/hi/kaneohe/45-1130-kamehameha-hwy.html,hi,kaneohe,45-1130-kamehameha-hwy
https://locations.tacobell.com/ny/middle-village/61-22h-fresh-pond-road.html,ny,middle-village,61-22h-fresh-pond-road
https://locations.tacobell.com/wa/spanaway/20527-mountain-highway-e.html,wa,spanaway,20527-mountain-highway-e
https://locations.tacobell.com/fl/zephyrhills/34140-sr-54.html,fl,zephyrhills,34140-sr-54
https://locations.tacobell.com/ar/berryville/940-w-trimble-avenue.html,ar,berryville,940-w-trimble-avenue
https://locations.tacobell.com/in/jeffersonville/5031-watertower-rd-.html,in,jeffersonville,5031-watertower-rd-
https://locations.tacobell.com/ny/new-york/161-east-125th-st.html,ny,new-york,161-east-125th-st
https://locations.tacobell.com/oh/canal-fulton/2217-s--locust-street.html,oh,canal-fulton,2217-s--locust-street
https://locations.tacobell.com/md/baltimore/5371-campbell-boulevard.html,md,baltimore,5371-campbell-boulevard
https://locations.tacobell.com/nj/cherry-hill/2005-route-70-east.html,nj,cherry-hill,2005-route-70-east
https://locations.tacobell.com/mo/warsaw/1830-commercial-street.html,mo,warsaw,1830-commercial-street
https://locations.tacobell.com/ga/macon/5571-thomaston-rd.html,ga,macon,5571-thomaston-rd
https://locations.tacobell.com/oh/uniontown/3532-massillon-road.html,oh,uniontown,3532-massillon-road
https://locations.tacobell.com/mt/helena/1485-vandelay-ave-.html,mt,helena,1485-vandelay-ave-
https://locations.tacobell.com/mn/stewartville/100-schumann-dr-nw.html,mn,stewartville,100-schumann-dr-nw
https://locations.tacobell.com/il/chicago/5312-w-belmont-ave.html,il,chicago,5312-w-belmont-ave
https://locations.tacobell.com/ny/bronx/1058-southern-blvd.html,ny,bronx,1058-southern-blvd
https://locations.tacobell.com/mo/faucett/1303-se-grand-hwy.html,mo,faucett,1303-se-grand-hwy
https://locations.tacobell.com/md/hagerstown/10425-sharpsburg-pike.html,md,hagerstown,10425-sharpsburg-pike
https://locations.tacobell.com/fl/miami/2440-nw-119th-street.html,fl,miami,2440-nw-119th-street
https://locations.tacobell.com/ga/waycross/1909-memorial-drive.html,ga,waycross,1909-memorial-drive
https://locations.tacobell.com/nc/raleigh/6300-battle-bridge-rd-.html,nc,raleigh,6300-battle-bridge-rd-
https://locations.tacobell.com/al/demopolis/100-us-highway-80-east.html,al,demopolis,100-us-highway-80-east
https://locations.tacobell.com/mi/zeeland/8387-westpark-way.html,mi,zeeland,8387-westpark-way
https://locations.tacobell.com/mo/sugar-creek/11120-us-24.html,mo,sugar-creek,11120-us-24
https://locations.tacobell.com/ca/bakersfield/17047-zachary-ave.html,ca,bakersfield,17047-zachary-ave
https://locations.tacobell.com/ct/rocky-hill/1780-silas-deane-highway.html,ct,rocky-hill,1780-silas-deane-highway
https://locations.tacobell.com/in/loogootee/704-w-broadway-st-.html,in,loogootee,704-w-broadway-st-
https://locations.tacobell.com/mi/gladwin/1179-e--cedar-ave-.html,mi,gladwin,1179-e--cedar-ave-
https://locations.tacobell.com/mo/owensville/503-e-lincoln-avenue.html,mo,owensville,503-e-lincoln-avenue
https://locations.tacobell.com/il/forest-park/161-s-harlem-ave.html,il,forest-park,161-s-harlem-ave
https://locations.tacobell.com/mn/minnetonka/12320-wayzata-blvd-.html,mn,minnetonka,12320-wayzata-blvd-
https://locations.tacobell.com/pa/harleysville/211-main-street.html,pa,harleysville,211-main-street
https://locations.tacobell.com/ca/sacramento/3291-truxel-rd.html,ca,sacramento,3291-truxel-rd
https://locations.tacobell.com/fl/kissimmee/8910-west-irlo-bronson-memorial-pky.html,fl,kissimmee,8910-west-irlo-bronson-memorial-pky
https://locations.tacobell.com/al/irondale/4623-grantswood-road.html,al,irondale,4623-grantswood-road
https://locations.tacobell.com/ky/henderson/132-green-street.html,ky,henderson,132-green-street
https://locations.tacobell.com/ny/buffalo/1893-elmwood-ave.html,ny,buffalo,1893-elmwood-ave
https://locations.tacobell.com/in/shelbyville/1810-n--riley.html,in,shelbyville,1810-n--riley
https://locations.tacobell.com/co/broomfield/60-w--flatiron-crossing-dr-.html,co,broomfield,60-w--flatiron-crossing-dr-
https://locations.tacobell.com/ky/brandenburg/316-bypass-road.html,ky,brandenburg,316-bypass-road
https://locations.tacobell.com/ky/whitley-city/1155-n-hwy-27.html,ky,whitley-city,1155-n-hwy-27
https://locations.tacobell.com/nc/columbus/202-west-mill-street.html,nc,columbus,202-west-mill-street
https://locations.tacobell.com/ca/lake-elsinore/29230-central-ave.html,ca,lake-elsinore,29230-central-ave
https://locations.tacobell.com/ny/howard-beach/135-25-79-th-street.html,ny,howard-beach,135-25-79-th-street
https://locations.tacobell.com/al/hoover/1553-montgomery-highway.html,al,hoover,1553-montgomery-highway
https://locations.tacobell.com/mi/tawas-city/709-e--lake-st-.html,mi,tawas-city,709-e--lake-st-
https://locations.tacobell.com/fl/tavares/2078-state-rd-19.html,fl,tavares,2078-state-rd-19
https://locations.tacobell.com/oh/lima/1707-north-west-street.html,oh,lima,1707-north-west-street
https://locations.tacobell.com/mo/ofallon/4231-state-highway-k.html,mo,ofallon,4231-state-highway-k
https://locations.tacobell.com/nj/jackson/515-monmouth-road.html,nj,jackson,515-monmouth-road
https://locations.tacobell.com/mi/vassar/936-w-huron-rd.html,mi,vassar,936-w-huron-rd
https://locations.tacobell.com/mo/nevada/2300-austin-blvd.html,mo,nevada,2300-austin-blvd
https://locations.tacobell.com/mn/waconia/640-marketplace-drive.html,mn,waconia,640-marketplace-drive
https://locations.tacobell.com/in/carmel/9853-n-michigan-rd-.html,in,carmel,9853-n-michigan-rd-
https://locations.tacobell.com/tx/houston/9145-w-sam-houston-pkwy.html,tx,houston,9145-w-sam-houston-pkwy
https://locations.tacobell.com/tn/arlington/5228-airline-road.html,tn,arlington,5228-airline-road
https://locations.tacobell.com/or/milton-freewater/125-s--columbia-street.html,or,milton-freewater,125-s--columbia-street
https://locations.tacobell.com/mo/west-plains/1464-gibson-avenue.html,mo,west-plains,1464-gibson-avenue
https://locations.tacobell.com/tx/van/1100-s-oak-st.html,tx,van,1100-s-oak-st
https://locations.tacobell.com/nj/freehold/3321-route-9.html,nj,freehold,3321-route-9
https://locations.tacobell.com/fl/brooksville/7201-broad-street.html,fl,brooksville,7201-broad-street
https://locations.tacobell.com/ny/baldwinsville/2220-downer-street-road.html,ny,baldwinsville,2220-downer-street-road
https://locations.tacobell.com/oh/new-richmond/1052-old-us-52.html,oh,new-richmond,1052-old-us-52
https://locations.tacobell.com/ct/waterbury/224-kukas-lane.html,ct,waterbury,224-kukas-lane
https://locations.tacobell.com/ut/st--george/2156-e--riverside-drive.html,ut,st--george,2156-e--riverside-drive
https://locations.tacobell.com/mt/kalispell/2254-highway-93-north.html,mt,kalispell,2254-highway-93-north
https://locations.tacobell.com/pa/erie/2007-e-38th-street.html,pa,erie,2007-e-38th-street
https://locations.tacobell.com/il/marion/928-w--main-street.html,il,marion,928-w--main-street
https://locations.tacobell.com/il/morton-grove/8840-waukegan-rd.html,il,morton-grove,8840-waukegan-rd
https://locations.tacobell.com/ok/anadarko/1133-w-petree-road.html,ok,anadarko,1133-w-petree-road
https://locations.tacobell.com/mi/brownstown/21121-gibraltar-road.html,mi,brownstown,21121-gibraltar-road
https://locations.tacobell.com/ca/calexico/217-w--birch-street.html,ca,calexico,217-w--birch-street
https://locations.tacobell.com/az/litchfield-park/4955-n--dysart-road.html,az,litchfield-park,4955-n--dysart-road
https://locations.tacobell.com/fl/pensacola/6-east-nine-mile-rd.html,fl,pensacola,6-east-nine-mile-rd
https://locations.tacobell.com/al/foley/1255-s-mckenzie-street.html,al,foley,1255-s-mckenzie-street
https://locations.tacobell.com/ok/glenpool/15045-south-dogwood-street.html,ok,glenpool,15045-south-dogwood-street
https://locations.tacobell.com/ma/pittsfield/1011-dalton-avenue.html,ma,pittsfield,1011-dalton-avenue
https://locations.tacobell.com/tn/pikeville/1349-us-127-bypass.html,tn,pikeville,1349-us-127-bypass
https://locations.tacobell.com/in/richmond/3029-east-main-st-.html,in,richmond,3029-east-main-st-
https://locations.tacobell.com/oh/medina/1061-north-court-street.html,oh,medina,1061-north-court-street
https://locations.tacobell.com/ga/richmond-hill/40-oleander-street.html,ga,richmond-hill,40-oleander-street
https://locations.tacobell.com/tx/denton/3971-n--loop-288.html,tx,denton,3971-n--loop-288
https://locations.tacobell.com/ky/louisville/5414-bardstown-road.html,ky,louisville,5414-bardstown-road
https://locations.tacobell.com/in/plainfield/702-west-main-street.html,in,plainfield,702-west-main-street
https://locations.tacobell.com/ny/new-hartford/8561-seneca-turnpike.html,ny,new-hartford,8561-seneca-turnpike
https://locations.tacobell.com/tx/montgomery/19560-tx-105.html,tx,montgomery,19560-tx-105
https://locations.tacobell.com/az/phoenix/1640-s--7th-street.html,az,phoenix,1640-s--7th-street
https://locations.tacobell.com/mi/chesaning/12958-w--brady.html,mi,chesaning,12958-w--brady
https://locations.tacobell.com/mo/kansas-city/4101-broadway-blvd-.html,mo,kansas-city,4101-broadway-blvd-
https://locations.tacobell.com/tn/rockwood/1112-n--gateway-ave-.html,tn,rockwood,1112-n--gateway-ave-
https://locations.tacobell.com/il/chicago/1160-n--clark.html,il,chicago,1160-n--clark
https://locations.tacobell.com/ny/fultonville/128-riverside-drive.html,ny,fultonville,128-riverside-drive
https://locations.tacobell.com/fl/port-st-joe/115-ave-b.html,fl,port-st-joe,115-ave-b
https://locations.tacobell.com/wi/kenosha/3667-market-lanesomers.html,wi,kenosha,3667-market-lanesomers
https://locations.tacobell.com/nj/washington/41-w-washington-ave.html,nj,washington,41-w-washington-ave
https://locations.tacobell.com/ar/lowell/207-south-bloomington-street.html,ar,lowell,207-south-bloomington-street
https://locations.tacobell.com/mn/eagan/3015-holiday-lane.html,mn,eagan,3015-holiday-lane
https://locations.tacobell.com/ca/buena-park/8450-la-palma-ave.html,ca,buena-park,8450-la-palma-ave
https://locations.tacobell.com/fl/orlando/11850-glasshouse-lane.html,fl,orlando,11850-glasshouse-lane
https://locations.tacobell.com/pa/leechburg/502-hyde-park-road.html,pa,leechburg,502-hyde-park-road
https://locations.tacobell.com/fl/homosassa/9357-s--suncoast-blvd-.html,fl,homosassa,9357-s--suncoast-blvd-
https://locations.tacobell.com/ca/la-habra/751-e-imperial-hwy.html,ca,la-habra,751-e-imperial-hwy
https://locations.tacobell.com/tx/cypress/12727-telge-rd-.html,tx,cypress,12727-telge-rd-
https://locations.tacobell.com/oh/hamilton/3777-hamilton-cleves.html,oh,hamilton,3777-hamilton-cleves
https://locations.tacobell.com/ar/springdale/4183-elm-springs-road.html,ar,springdale,4183-elm-springs-road
https://locations.tacobell.com/ny/ogdensburg/2979-ford-street-extension.html,ny,ogdensburg,2979-ford-street-extension
https://locations.tacobell.com/mi/lincoln-park/1519-southfield-road.html,mi,lincoln-park,1519-southfield-road
https://locations.tacobell.com/nc/wake-forest/951-gateway-commons-circle.html,nc,wake-forest,951-gateway-commons-circle
https://locations.tacobell.com/il/aurora/1504-mesa-lane.html,il,aurora,1504-mesa-lane
https://locations.tacobell.com/or/troutdale/1480-nw-frontage-road.html,or,troutdale,1480-nw-frontage-road
https://locations.tacobell.com/nc/fuquay-varina/8255-fayetteville-rd-.html,nc,fuquay-varina,8255-fayetteville-rd-
https://locations.tacobell.com/nv/sparks/460-usa-parkway.html,nv,sparks,460-usa-parkway
https://locations.tacobell.com/ny/poughkeepsie/2277-south-rd-(route-9).html,ny,poughkeepsie,2277-south-rd-(route-9)
https://locations.tacobell.com/nc/wilkesboro/110-two-rivers-drive.html,nc,wilkesboro,110-two-rivers-drive
https://locations.tacobell.com/mi/flint/2479-hill-rd-.html,mi,flint,2479-hill-rd-
https://locations.tacobell.com/hi/kahului/1070-hookele-st-.html,hi,kahului,1070-hookele-st-
https://locations.tacobell.com/tx/liberty-hill/11730-w--hwy-29.html,tx,liberty-hill,11730-w--hwy-29
https://locations.tacobell.com/nj/passaic/15-prospect-st.html,nj,passaic,15-prospect-st
https://locations.tacobell.com/mo/crestwood/9805-watson-rd-.html,mo,crestwood,9805-watson-rd-
https://locations.tacobell.com/tx/houston/10-e-crosstimbers-st-.html,tx,houston,10-e-crosstimbers-st-
https://locations.tacobell.com/oh/painesville/100-richmond-st-.html,oh,painesville,100-richmond-st-
https://locations.tacobell.com/oh/sandusky/1000-fun-drive.html,oh,sandusky,1000-fun-drive
https://locations.tacobell.com/tx/houston/10006-cypresswood-drive.html,tx,houston,10006-cypresswood-drive
https://locations.tacobell.com/tx/humble/10019-fm-1960-bypass.html,tx,humble,10019-fm-1960-bypass
https://locations.tacobell.com/mi/taylor/10060-telegraph-rd-.html,mi,taylor,10060-telegraph-rd-
https://locations.tacobell.com/al/pelham/101-cahaba-valley-pkwy.html,al,pelham,101-cahaba-valley-pkwy
https://locations.tacobell.com/nc/mooresville/101-norman-station-blvd.html,nc,mooresville,101-norman-station-blvd
https://locations.tacobell.com/nc/statesville/102-signal-hill-dr.html,nc,statesville,102-signal-hill-dr
https://locations.tacobell.com/oh/jackson/1021-e-main-street.html,oh,jackson,1021-e-main-street
https://locations.tacobell.com/mi/mount-clemens/103-n-groesbeck-hwy.html,mi,mount-clemens,103-n-groesbeck-hwy
https://locations.tacobell.com/mi/howell/1031-south-michigan-ave-.html,mi,howell,1031-south-michigan-ave-
https://locations.tacobell.com/oh/uhrichsville/104-east-mccauley-drive.html,oh,uhrichsville,104-east-mccauley-drive
https://locations.tacobell.com/tx/dickinson/104-fm-517-rd-w.html,tx,dickinson,104-fm-517-rd-w
https://locations.tacobell.com/sc/cheraw/1044-chesterfield-hwy.html,sc,cheraw,1044-chesterfield-hwy
https://locations.tacobell.com/mi/ferndale/1045-w-9-mile-road.html,mi,ferndale,1045-w-9-mile-road
https://locations.tacobell.com/mi/taylor/10484-pelham-rd-.html,mi,taylor,10484-pelham-rd-
https://locations.tacobell.com/tx/houston/10535-bissonnet.html,tx,houston,10535-bissonnet
https://locations.tacobell.com/mi/hartland/10558-hartland-square-dr-.html,mi,hartland,10558-hartland-square-dr-
https://locations.tacobell.com/nc/huntersville/14300-statesville-rd.html,nc,huntersville,14300-statesville-rd
https://locations.tacobell.com/tx/houston/10615-westheimer-rd-.html,tx,houston,10615-westheimer-rd-
https://locations.tacobell.com/mi/belleville/10640-belleville-rd-.html,mi,belleville,10640-belleville-rd-
https://locations.tacobell.com/oh/ironton/1065-ironton-hill-drive.html,oh,ironton,1065-ironton-hill-drive
https://locations.tacobell.com/ga/chatsworth/1073-n-3rd-st.html,ga,chatsworth,1073-n-3rd-st
https://locations.tacobell.com/oh/parma/1075-west-pleasant-valley-rd.html,oh,parma,1075-west-pleasant-valley-rd
https://locations.tacobell.com/oh/cleveland/10800-lorain-ave.html,oh,cleveland,10800-lorain-ave
https://locations.tacobell.com/tx/humble/10811-will-clayton-parkway.html,tx,humble,10811-will-clayton-parkway
https://locations.tacobell.com/tx/houston/1082-edgebrook-dr.html,tx,houston,1082-edgebrook-dr
https://locations.tacobell.com/mi/ypsilanti/1085-e-michigan-ave.html,mi,ypsilanti,1085-e-michigan-ave
https://locations.tacobell.com/tx/houston/10906-scarsdale-blvd.html,tx,houston,10906-scarsdale-blvd
https://locations.tacobell.com/nc/pineville/10917-carolina-place-pkwy.html,nc,pineville,10917-carolina-place-pkwy
https://locations.tacobell.com/nc/boone/1093-blowing-rock-rd.html,nc,boone,1093-blowing-rock-rd
https://locations.tacobell.com/nc/concord/1094-concord-parkway-n-.html,nc,concord,1094-concord-parkway-n-
https://locations.tacobell.com/ca/tehachapi/1098-valley-blvd.html,ca,tehachapi,1098-valley-blvd
https://locations.tacobell.com/oh/alliance/110-w-state-street.html,oh,alliance,110-w-state-street
https://locations.tacobell.com/al/birmingham/1101-forestdale-blvd.html,al,birmingham,1101-forestdale-blvd
https://locations.tacobell.com/oh/massillon/1108-lincoln-way-east.html,oh,massillon,1108-lincoln-way-east
https://locations.tacobell.com/nc/gastonia/1110-e--hudson-blvd-.html,nc,gastonia,1110-e--hudson-blvd-
https://locations.tacobell.com/ca/bakersfield/11108-olive-drive.html,ca,bakersfield,11108-olive-drive
https://locations.tacobell.com/wv/kenova/1111-rt-75.html,wv,kenova,1111-rt-75
https://locations.tacobell.com/tx/houston/11110-fuqua-st.html,tx,houston,11110-fuqua-st
https://locations.tacobell.com/nc/kannapolis/1112-s-cannon-blvd.html,nc,kannapolis,1112-s-cannon-blvd
https://locations.tacobell.com/tn/madison/1117-gallatin-pike-s-.html,tn,madison,1117-gallatin-pike-s-
https://locations.tacobell.com/tn/paris/1120-mineral-wells-ave.html,tn,paris,1120-mineral-wells-ave
https://locations.tacobell.com/ca/taft/1121-kern-st-.html,ca,taft,1121-kern-st-
https://locations.tacobell.com/tx/conroe/1123-n-frazier.html,tx,conroe,1123-n-frazier
https://locations.tacobell.com/ga/summerville/11317-highway-27.html,ga,summerville,11317-highway-27
https://locations.tacobell.com/tn/lawrenceburg/1135-n-locust-avenue.html,tn,lawrenceburg,1135-n-locust-avenue
https://locations.tacobell.com/tn/dickson/114-mathis-drive.html,tn,dickson,114-mathis-drive
https://locations.tacobell.com/nc/shelby/115-e--dixon-blvd.html,nc,shelby,115-e--dixon-blvd
https://locations.tacobell.com/tx/pearland/11623-shadowcreek-parkway.html,tx,pearland,11623-shadowcreek-parkway
https://locations.tacobell.com/oh/elyria/117-west-ave.html,oh,elyria,117-west-ave
https://locations.tacobell.com/mi/livonia/11707-merriman-rd-.html,mi,livonia,11707-merriman-rd-
https://locations.tacobell.com/tx/sugar-land/11719-hwy-6-south.html,tx,sugar-land,11719-hwy-6-south
https://locations.tacobell.com/mi/warren/11799-13-miles-road.html,mi,warren,11799-13-miles-road
https://locations.tacobell.com/mi/waterford/119-north-telegraph-road.html,mi,waterford,119-north-telegraph-road
https://locations.tacobell.com/oh/mansfield/1194-park-ave-w.html,oh,mansfield,1194-park-ave-w
https://locations.tacobell.com/tx/pasadena/120-pasadena-blvd.html,tx,pasadena,120-pasadena-blvd
https://locations.tacobell.com/mi/pontiac/1200-s--opdyke-road.html,mi,pontiac,1200-s--opdyke-road
https://locations.tacobell.com/tx/houston/12025-greenspoint-dr.html,tx,houston,12025-greenspoint-dr
https://locations.tacobell.com/tn/franklin/1208-murfreesboro-rd.html,tn,franklin,1208-murfreesboro-rd
https://locations.tacobell.com/nc/hickory/1210-hwy-321-nw.html,nc,hickory,1210-hwy-321-nw
https://locations.tacobell.com/nc/rockingham/1221-e-broad-st.html,nc,rockingham,1221-e-broad-st
https://locations.tacobell.com/mi/hazel-park/1221-e--9-mile-rd-.html,mi,hazel-park,1221-e--9-mile-rd-
https://locations.tacobell.com/tx/houston/1223-gessner-drive.html,tx,houston,1223-gessner-drive
https://locations.tacobell.com/oh/wellston/1223-s-pennsylvania-ave.html,oh,wellston,1223-s-pennsylvania-ave
https://locations.tacobell.com/nc/morganton/1225-burkemont-ave.html,nc,morganton,1225-burkemont-ave
https://locations.tacobell.com/oh/ashtabula/1226-w-prospect.html,oh,ashtabula,1226-w-prospect
https://locations.tacobell.com/mi/southgate/12260-fort-st.html,mi,southgate,12260-fort-st
https://locations.tacobell.com/tx/houston/12351-fm-1960-west.html,tx,houston,12351-fm-1960-west
https://locations.tacobell.com/tn/columbia/1237-trotwood-ave.html,tn,columbia,1237-trotwood-ave
https://locations.tacobell.com/ga/dalton/1242-cleveland-hwy.html,ga,dalton,1242-cleveland-hwy
https://locations.tacobell.com/tx/houston/12543-westheimer.html,tx,houston,12543-westheimer
https://locations.tacobell.com/tx/stafford/12560-southwest-freeway.html,tx,stafford,12560-southwest-freeway
https://locations.tacobell.com/tn/columbia/127-bear-creek-pike.html,tn,columbia,127-bear-creek-pike
https://locations.tacobell.com/mi/pinckney/1278-east-mi-36.html,mi,pinckney,1278-east-mi-36
https://locations.tacobell.com/mi/rochester-hills/1281-walton-blvd-.html,mi,rochester-hills,1281-walton-blvd-
https://locations.tacobell.com/tx/huntsville/129-ih-45-south.html,tx,huntsville,129-ih-45-south
https://locations.tacobell.com/oh/akron/1299-canton-rd.html,oh,akron,1299-canton-rd
https://locations.tacobell.com/mi/monroe/1300-north-dixie-hwy.html,mi,monroe,1300-north-dixie-hwy
https://locations.tacobell.com/tx/houston/13002-cutten-road.html,tx,houston,13002-cutten-road
https://locations.tacobell.com/tn/murfreesboro/1301-nw-broad-st.html,tn,murfreesboro,1301-nw-broad-st
https://locations.tacobell.com/oh/orrville/1305-north-main-street.html,oh,orrville,1305-north-main-street
https://locations.tacobell.com/mi/clawson/131-s--crooks-rd-.html,mi,clawson,131-s--crooks-rd-
https://locations.tacobell.com/tx/pearland/1310-broadway-st-.html,tx,pearland,1310-broadway-st-
https://locations.tacobell.com/nc/charlotte/13121-south-tryon-st-.html,nc,charlotte,13121-south-tryon-st-
https://locations.tacobell.com/tx/cypress/13230-grant-road.html,tx,cypress,13230-grant-road
https://locations.tacobell.com/nc/gastonia/1329-e--franklin-blvd-.html,nc,gastonia,1329-e--franklin-blvd-
https://locations.tacobell.com/tx/sugar-land/13325-university-blvd-.html,tx,sugar-land,13325-university-blvd-
https://locations.tacobell.com/mi/auburn-hills/1341-n--opdyke-rd-.html,mi,auburn-hills,1341-n--opdyke-rd-
https://locations.tacobell.com/oh/westlake/1345-columbia-rd-.html,oh,westlake,1345-columbia-rd-
https://locations.tacobell.com/oh/bellevue/1365-e-main-st.html,oh,bellevue,1365-e-main-st
https://locations.tacobell.com/oh/east-cleveland/13660-euclid-avenue.html,oh,east-cleveland,13660-euclid-avenue
https://locations.tacobell.com/nc/indian-trail/13710-independence-blvd.html,nc,indian-trail,13710-independence-blvd
https://locations.tacobell.com/mi/southgate/13865-eureka-rd-.html,mi,southgate,13865-eureka-rd-
https://locations.tacobell.com/ca/bakersfield/139-s-oswell-st.html,ca,bakersfield,139-s-oswell-st
https://locations.tacobell.com/mi/utica/13940-23-mile-road.html,mi,utica,13940-23-mile-road
https://locations.tacobell.com/mi/detroit/14000-livernois.html,mi,detroit,14000-livernois
https://locations.tacobell.com/tn/mcminnville/1405-smithville-highway.html,tn,mcminnville,1405-smithville-highway
https://locations.tacobell.com/tn/nashville/1410-brick-church-pike.html,tn,nashville,1410-brick-church-pike
https://locations.tacobell.com/mi/clawson/1435-n-main-st.html,mi,clawson,1435-n-main-st
https://locations.tacobell.com/nc/lincolnton/1446-east-main-street.html,nc,lincolnton,1446-east-main-street
https://locations.tacobell.com/mi/monroe/14495-laplaisance-road.html,mi,monroe,14495-laplaisance-road
https://locations.tacobell.com/oh/strongsville/14529-pearl-rd.html,oh,strongsville,14529-pearl-rd
https://locations.tacobell.com/tx/houston/14601-memorial.html,tx,houston,14601-memorial
https://locations.tacobell.com/oh/akron/1467-s-arlington-rd.html,oh,akron,1467-s-arlington-rd
https://locations.tacobell.com/tn/clarksville/1470-tiny-town-rd.html,tn,clarksville,1470-tiny-town-rd
https://locations.tacobell.com/oh/brook-park/14701-snow-rd-.html,oh,brook-park,14701-snow-rd-
https://locations.tacobell.com/tn/livingston/1475-w-main-st.html,tn,livingston,1475-w-main-st
https://locations.tacobell.com/mi/taylor/14839-telegraph-rd.html,mi,taylor,14839-telegraph-rd
https://locations.tacobell.com/tx/houston/1484-lockwood-drive.html,tx,houston,1484-lockwood-drive
https://locations.tacobell.com/ga/chickamauga/15-major-james-clark-gordon-dr.html,ga,chickamauga,15-major-james-clark-gordon-dr
https://locations.tacobell.com/ca/bakersfield/15-south-h-street.html,ca,bakersfield,15-south-h-street
https://locations.tacobell.com/tx/la-porte/1502-fairmont-pkwy.html,tx,la-porte,1502-fairmont-pkwy
https://locations.tacobell.com/mi/livonia/15055-middle-belt.html,mi,livonia,15055-middle-belt
https://locations.tacobell.com/ga/dalton/1509-w-walnut-ave.html,ga,dalton,1509-w-walnut-ave
https://locations.tacobell.com/mi/roseville/15220-e-12-mile-rd.html,mi,roseville,15220-e-12-mile-rd
https://locations.tacobell.com/tx/montgomery/15255-w--hwy-105.html,tx,montgomery,15255-w--hwy-105
https://locations.tacobell.com/tx/houston/15255-wallisville-rd-.html,tx,houston,15255-wallisville-rd-
https://locations.tacobell.com/oh/cleveland/1531-w--117th-street.html,oh,cleveland,1531-w--117th-street
https://locations.tacobell.com/oh/millersburg/1532-washington-street.html,oh,millersburg,1532-washington-street
https://locations.tacobell.com/al/birmingham/1541-montclair-road.html,al,birmingham,1541-montclair-road
https://locations.tacobell.com/al/centre/1545-chestnut-bypass.html,al,centre,1545-chestnut-bypass
https://locations.tacobell.com/tn/murfreesboro/155-cason-lane.html,tn,murfreesboro,155-cason-lane
https://locations.tacobell.com/oh/lakewood/15500-detroit-avenue.html,oh,lakewood,15500-detroit-avenue
https://locations.tacobell.com/oh/middlefield/15570-w-high-st.html,oh,middlefield,15570-w-high-st
https://locations.tacobell.com/tx/houston/15740-north-freeway.html,tx,houston,15740-north-freeway
https://locations.tacobell.com/tx/houston/15797-jfk-blvd.html,tx,houston,15797-jfk-blvd
https://locations.tacobell.com/mi/chelsea/1590-s--main-street.html,mi,chelsea,1590-s--main-street
https://locations.tacobell.com/nc/lenoir/160-blowing-rock-blvd.html,nc,lenoir,160-blowing-rock-blvd
https://locations.tacobell.com/oh/shelby/160-mansfield-ave.html,oh,shelby,160-mansfield-ave
https://locations.tacobell.com/oh/north-canton/1600-n--main-st-.html,oh,north-canton,1600-n--main-st-
https://locations.tacobell.com/tn/pulaski/1600-w-college-st.html,tn,pulaski,1600-w-college-st
https://locations.tacobell.com/tx/livingston/1610-west-church.html,tx,livingston,1610-west-church
https://locations.tacobell.com/mi/royal-oak/1611-e-11-mile-rd.html,mi,royal-oak,1611-e-11-mile-rd
https://locations.tacobell.com/mi/madison-heights/1611-east-12-mile-road.html,mi,madison-heights,1611-east-12-mile-road
https://locations.tacobell.com/al/fultondale/1611-morris-avenue.html,al,fultondale,1611-morris-avenue
https://locations.tacobell.com/tx/el-campo/1611-n--mechanic-st-.html,tx,el-campo,1611-n--mechanic-st-
https://locations.tacobell.com/al/jacksonville/1611-pelham-road-s-.html,al,jacksonville,1611-pelham-road-s-
https://locations.tacobell.com/mi/macomb/16248-26-mile-road.html,mi,macomb,16248-26-mile-road
https://locations.tacobell.com/tx/alvin/1660-s-loop-35.html,tx,alvin,1660-s-loop-35
https://locations.tacobell.com/wv/charleston/1664-3rd-ave.html,wv,charleston,1664-3rd-ave
https://locations.tacobell.com/tn/clarksville/1670-ft-campbell-blvd.html,tn,clarksville,1670-ft-campbell-blvd
https://locations.tacobell.com/tn/lebanon/1672-west-main-st-.html,tn,lebanon,1672-west-main-st-
https://locations.tacobell.com/tn/murfreesboro/1702-memorial-blvd.html,tn,murfreesboro,1702-memorial-blvd
https://locations.tacobell.com/tn/shelbyville/1704-n--main-street.html,tn,shelbyville,1704-n--main-street
https://locations.tacobell.com/tx/kingwood/1710-kingwood-drive.html,tx,kingwood,1710-kingwood-drive
https://locations.tacobell.com/nc/locust/1714-west-main-street.html,nc,locust,1714-west-main-street
https://locations.tacobell.com/tn/franklin/1715-galleria-blvd.html,tn,franklin,1715-galleria-blvd
https://locations.tacobell.com/sc/chester/1715-ja-cochran-bypass.html,sc,chester,1715-ja-cochran-bypass
https://locations.tacobell.com/oh/vermilion/1718-state-route-60.html,oh,vermilion,1718-state-route-60
https://locations.tacobell.com/nc/statesville/172-turnersburg-hwy.html,nc,statesville,172-turnersburg-hwy
https://locations.tacobell.com/tx/houston/1730-fry-road.html,tx,houston,1730-fry-road
https://locations.tacobell.com/al/hamilton/1746-military-st-s.html,al,hamilton,1746-military-st-s
https://locations.tacobell.com/ky/scottsville/1751-old-gallatin-rd.html,ky,scottsville,1751-old-gallatin-rd
https://locations.tacobell.com/tx/manvel/17514-highway-6.html,tx,manvel,17514-highway-6
https://locations.tacobell.com/tx/league-city/1755-w-main.html,tx,league-city,1755-w-main
https://locations.tacobell.com/oh/middleburg-heights/17565-e-bagley-rd-.html,oh,middleburg-heights,17565-e-bagley-rd-
https://locations.tacobell.com/sc/rock-hill/1771-heckle-blvd.html,sc,rock-hill,1771-heckle-blvd
https://locations.tacobell.com/tx/houston/17721-fm-529-rd.html,tx,houston,17721-fm-529-rd
https://locations.tacobell.com/mi/eastpointe/17801-e-9-mile-rd.html,mi,eastpointe,17801-e-9-mile-rd
https://locations.tacobell.com/sc/york/1790-devinney-road.html,sc,york,1790-devinney-road
https://locations.tacobell.com/al/leeds/1801-ashville-rd.html,al,leeds,1801-ashville-rd
https://locations.tacobell.com/al/tarrant/1801-pinson-valley-pkwy.html,al,tarrant,1801-pinson-valley-pkwy
https://locations.tacobell.com/tn/tullahoma/1804-n-jackson-street.html,tn,tullahoma,1804-n-jackson-street
https://locations.tacobell.com/nc/denver/181-highway-16-s.html,nc,denver,181-highway-16-s
https://locations.tacobell.com/tx/houston/1817-s--shepherd-dr-.html,tx,houston,1817-s--shepherd-dr-
https://locations.tacobell.com/tn/decherd/1820-decherd-blvd.html,tn,decherd,1820-decherd-blvd
https://locations.tacobell.com/al/hoover/1821-montgomery-highway.html,al,hoover,1821-montgomery-highway
https://locations.tacobell.com/tx/liberty/1830-highway-90.html,tx,liberty,1830-highway-90
https://locations.tacobell.com/tx/webster/18327-gulf-freeway.html,tx,webster,18327-gulf-freeway
https://locations.tacobell.com/oh/wooster/1839-beall-avenue.html,oh,wooster,1839-beall-avenue
https://locations.tacobell.com/nc/gastonia/1840-w--franklin-blvd.html,nc,gastonia,1840-w--franklin-blvd
https://locations.tacobell.com/mi/riverview/18718-fort-st.html,mi,riverview,18718-fort-st
https://locations.tacobell.com/mi/macomb/18767-hall-rd-.html,mi,macomb,18767-hall-rd-
https://locations.tacobell.com/ca/bakersfield/1877-white-lane.html,ca,bakersfield,1877-white-lane
https://locations.tacobell.com/al/northport/1880-mcfarland-blvd.html,al,northport,1880-mcfarland-blvd
https://locations.tacobell.com/tn/smyrna/1895-almaville-road.html,tn,smyrna,1895-almaville-road
https://locations.tacobell.com/ga/trenton/190-pace-drive.html,ga,trenton,190-pace-drive
https://locations.tacobell.com/nc/charlotte/1910-sardis-road-n.html,nc,charlotte,1910-sardis-road-n
https://locations.tacobell.com/ca/delano/1940-cecil-ave.html,ca,delano,1940-cecil-ave
https://locations.tacobell.com/oh/akron/1940-w--market-st.html,oh,akron,1940-w--market-st
https://locations.tacobell.com/tx/spring/19400-i-h-45.html,tx,spring,19400-i-h-45
https://locations.tacobell.com/mi/westland/201-s--merriman-road.html,mi,westland,201-s--merriman-road
https://locations.tacobell.com/nc/wadesboro/201-walton-drive.html,nc,wadesboro,201-walton-drive
https://locations.tacobell.com/tx/new-caney/20193-highway-59.html,tx,new-caney,20193-highway-59
https://locations.tacobell.com/nc/cornelius/20329-w-catawba-ave.html,nc,cornelius,20329-w-catawba-ave
https://locations.tacobell.com/sc/pageland/204-van-lingle-mungo-blvd.html,sc,pageland,204-van-lingle-mungo-blvd
https://locations.tacobell.com/nc/murphy/2042-us-19.html,nc,murphy,2042-us-19
https://locations.tacobell.com/tx/richmond/20440-sw-freeway.html,tx,richmond,20440-sw-freeway
https://locations.tacobell.com/al/clanton/2047-7th-st-south.html,al,clanton,2047-7th-st-south
https://locations.tacobell.com/mi/plymouth/205-ann-arbor-rd.html,mi,plymouth,205-ann-arbor-rd
https://locations.tacobell.com/tx/lake-jackson/207-west-hwy-332.html,tx,lake-jackson,207-west-hwy-332
https://locations.tacobell.com/mi/harper-woods/20726-harper-ave-.html,mi,harper-woods,20726-harper-ave-
https://locations.tacobell.com/oh/ontario/2085-walker-lake-road.html,oh,ontario,2085-walker-lake-road
https://locations.tacobell.com/tx/friendswood/209-east-parkwood.html,tx,friendswood,209-east-parkwood
https://locations.tacobell.com/tx/houston/2093-taylor-street.html,tx,houston,2093-taylor-street
https://locations.tacobell.com/wv/milton/21-perry-morris-square.html,wv,milton,21-perry-morris-square
https://locations.tacobell.com/tn/hendersonville/210-indian-lake-blvd-.html,tn,hendersonville,210-indian-lake-blvd-
https://locations.tacobell.com/tn/madison/2100-gallatin-pike-n-.html,tn,madison,2100-gallatin-pike-n-
https://locations.tacobell.com/tn/nashville/2101-rosa-l--parks-blvd-.html,tn,nashville,2101-rosa-l--parks-blvd-
https://locations.tacobell.com/tx/league-city/2103-east-main-street.html,tx,league-city,2103-east-main-street
https://locations.tacobell.com/tx/huntsville/2103-sam-houston.html,tx,huntsville,2103-sam-houston
https://locations.tacobell.com/nc/monroe/2104-w--roosevelt-blvd-.html,nc,monroe,2104-w--roosevelt-blvd-
https://locations.tacobell.com/mi/novi/21090-haggerty-rd-.html,mi,novi,21090-haggerty-rd-
https://locations.tacobell.com/tx/pearland/2110-north-main.html,tx,pearland,2110-north-main
https://locations.tacobell.com/tx/spring/21115-kuykendahl-rd-.html,tx,spring,21115-kuykendahl-rd-
https://locations.tacobell.com/wv/logan/159-enterprise-drive.html,wv,logan,159-enterprise-drive
https://locations.tacobell.com/oh/barberton/212-wooster-rd.html,oh,barberton,212-wooster-rd
https://locations.tacobell.com/al/birmingham/2124-7th-ave-s.html,al,birmingham,2124-7th-ave-s
https://locations.tacobell.com/nc/gastonia/2125-n--chester-street.html,nc,gastonia,2125-n--chester-street
https://locations.tacobell.com/tx/houston/213-west-road.html,tx,houston,213-west-road
https://locations.tacobell.com/mi/oak-park/21350-greenfield-road.html,mi,oak-park,21350-greenfield-road
https://locations.tacobell.com/nc/boiling-springs/219-south-main-st-.html,nc,boiling-springs,219-south-main-st-
https://locations.tacobell.com/mi/ferndale/21900-woodward-avenue.html,mi,ferndale,21900-woodward-avenue
https://locations.tacobell.com/ca/lost-hills/21959-highway-46.html,ca,lost-hills,21959-highway-46
https://locations.tacobell.com/mi/sylvan-lake/2210-orchard-lake-rd.html,mi,sylvan-lake,2210-orchard-lake-rd
https://locations.tacobell.com/oh/louisville/223-w-main-st.html,oh,louisville,223-w-main-st
https://locations.tacobell.com/mi/south-lyon/22315-pontiac-trail.html,mi,south-lyon,22315-pontiac-trail
https://locations.tacobell.com/mi/belleville/2235-rawsonville-road.html,mi,belleville,2235-rawsonville-road
https://locations.tacobell.com/tn/clarksville/2240-madison-street.html,tn,clarksville,2240-madison-street
https://locations.tacobell.com/tx/houston/2245-west-holcombe-blvd.html,tx,houston,2245-west-holcombe-blvd
https://locations.tacobell.com/mi/berkley/2260-colidge-hwy-.html,mi,berkley,2260-colidge-hwy-
https://locations.tacobell.com/mi/woodhaven/22670-allen-road.html,mi,woodhaven,22670-allen-road
https://locations.tacobell.com/nc/kannapolis/2281-spider-dr-.html,nc,kannapolis,2281-spider-dr-
https://locations.tacobell.com/mi/rochester-hills/2290-crooks-road.html,mi,rochester-hills,2290-crooks-road
https://locations.tacobell.com/al/birmingham/2300-bessemer-rd-.html,al,birmingham,2300-bessemer-rd-
https://locations.tacobell.com/ca/bakersfield/2300-h-street.html,ca,bakersfield,2300-h-street
https://locations.tacobell.com/oh/mansfield/2300-interstate-circle.html,oh,mansfield,2300-interstate-circle
https://locations.tacobell.com/tn/red-bank/2309-dayton-boulevard.html,tn,red-bank,2309-dayton-boulevard
https://locations.tacobell.com/mi/lincoln-park/2306-dix-hwy.html,mi,lincoln-park,2306-dix-hwy
https://locations.tacobell.com/mi/westland/2307-s--wayne-rd-.html,mi,westland,2307-s--wayne-rd-
https://locations.tacobell.com/tn/dickson/2331-highway-46-s.html,tn,dickson,2331-highway-46-s
https://locations.tacobell.com/wv/belle/2340-e-dupont-ave.html,wv,belle,2340-e-dupont-ave
https://locations.tacobell.com/mi/ypsilanti/2351-ellsworth-road.html,mi,ypsilanti,2351-ellsworth-road
https://locations.tacobell.com/oh/alliance/2353-w-state-st-.html,oh,alliance,2353-w-state-st-
https://locations.tacobell.com/tx/katy/23557-westheimer-pkwy-.html,tx,katy,23557-westheimer-pkwy-
https://locations.tacobell.com/al/tuscaloosa/236-15th-street.html,al,tuscaloosa,236-15th-street
https://locations.tacobell.com/mi/saint-clair-shores/23709-harper-avenue.html,mi,saint-clair-shores,23709-harper-avenue
https://locations.tacobell.com/wv/huntington/238-washington-avenue.html,wv,huntington,238-washington-avenue
https://locations.tacobell.com/tn/nashville/2384-lebanon-pike.html,tn,nashville,2384-lebanon-pike
https://locations.tacobell.com/tn/fairview/2389-fairview-blvd-.html,tn,fairview,2389-fairview-blvd-
https://locations.tacobell.com/nc/taylorsville/24-liledoun-road.html,nc,taylorsville,24-liledoun-road
https://locations.tacobell.com/mi/southfield/24024-w-9-mile-rd.html,mi,southfield,24024-w-9-mile-rd
https://locations.tacobell.com/nc/charlotte/2405-south-blvd.html,nc,charlotte,2405-south-blvd
https://locations.tacobell.com/ca/wasco/2415-highway-46.html,ca,wasco,2415-highway-46
https://locations.tacobell.com/oh/akron/2419-romig-road.html,oh,akron,2419-romig-road
https://locations.tacobell.com/tx/tomball/24220-kuykendahl-rd.html,tx,tomball,24220-kuykendahl-rd
https://locations.tacobell.com/oh/north-olmsted/24247-lorain-rd-.html,oh,north-olmsted,24247-lorain-rd-
https://locations.tacobell.com/tx/kingwood/24300-eastex-frwy-.html,tx,kingwood,24300-eastex-frwy-
https://locations.tacobell.com/ca/bakersfield/2433-n--chester-ave-.html,ca,bakersfield,2433-n--chester-ave-
https://locations.tacobell.com/nc/hickory/2451-springs-rd-ne.html,nc,hickory,2451-springs-rd-ne
https://locations.tacobell.com/sc/tega-cay/2453-hwy-160.html,sc,tega-cay,2453-hwy-160
https://locations.tacobell.com/al/winfield/2463-us-highway-43.html,al,winfield,2463-us-highway-43
https://locations.tacobell.com/mi/southfield/24705-w-12-mile-rd.html,mi,southfield,24705-w-12-mile-rd
https://locations.tacobell.com/tn/murfreesboro/2482-s--church-street.html,tn,murfreesboro,2482-s--church-street
https://locations.tacobell.com/tx/porter/24891-fm-1314-rd-.html,tx,porter,24891-fm-1314-rd-
https://locations.tacobell.com/tn/cleveland/2491-keith-st-nw.html,tn,cleveland,2491-keith-st-nw
https://locations.tacobell.com/nc/hickory/2505-us-highway-70-se.html,nc,hickory,2505-us-highway-70-se
https://locations.tacobell.com/tx/katy/25109-market-place-drive.html,tx,katy,25109-market-place-drive
https://locations.tacobell.com/mi/dearborn/25120-michigan.html,mi,dearborn,25120-michigan
https://locations.tacobell.com/wv/huntington/2515-5th-ave.html,wv,huntington,2515-5th-ave
https://locations.tacobell.com/nc/waxhaw/2517-cuthbertson-road.html,nc,waxhaw,2517-cuthbertson-road
https://locations.tacobell.com/wv/south-charleston/2525-mountaineer-blvd.html,wv,south-charleston,2525-mountaineer-blvd
https://locations.tacobell.com/sc/rock-hill/2526-cherry-rd.html,sc,rock-hill,2526-cherry-rd
https://locations.tacobell.com/oh/portsmouth/2535-gallia-street.html,oh,portsmouth,2535-gallia-street
https://locations.tacobell.com/tn/nashville/2541-murfreesboro-rd.html,tn,nashville,2541-murfreesboro-rd
https://locations.tacobell.com/mi/roseville/25544-gratiot.html,mi,roseville,25544-gratiot
https://locations.tacobell.com/nc/concord/258-concord-parkway-so-.html,nc,concord,258-concord-parkway-so-
https://locations.tacobell.com/mi/kimball/2593-wadhams-rd.html,mi,kimball,2593-wadhams-rd
https://locations.tacobell.com/oh/euclid/26002-euclid-ave.html,oh,euclid,26002-euclid-ave
https://locations.tacobell.com/tx/angleton/2605-n--velasco-st-.html,tx,angleton,2605-n--velasco-st-
https://locations.tacobell.com/tx/brenham/2607-hwy-36-south.html,tx,brenham,2607-hwy-36-south
https://locations.tacobell.com/al/tuscaloosa/2610-stillman-blvd-.html,al,tuscaloosa,2610-stillman-blvd-
https://locations.tacobell.com/mi/warren/26130-hoover-road.html,mi,warren,26130-hoover-road
https://locations.tacobell.com/tn/nashville/2615-powell-ave.html,tn,nashville,2615-powell-ave
https://locations.tacobell.com/oh/cuyahoga-falls/2618-state-rd.html,oh,cuyahoga-falls,2618-state-rd
https://locations.tacobell.com/oh/canton/2625-maret-st-ne.html,oh,canton,2625-maret-st-ne
https://locations.tacobell.com/ky/hopkinsville/2629-ft--campbell-blvd.html,ky,hopkinsville,2629-ft--campbell-blvd
https://locations.tacobell.com/oh/canton/2644-cleveland-avenue-sw.html,oh,canton,2644-cleveland-avenue-sw
https://locations.tacobell.com/mi/redford/26450-plymouth-rd-.html,mi,redford,26450-plymouth-rd-
https://locations.tacobell.com/mi/ypsilanti/2655-washtenaw-ave.html,mi,ypsilanti,2655-washtenaw-ave
https://locations.tacobell.com/tn/cleveland/2675-apd-40.html,tn,cleveland,2675-apd-40
https://locations.tacobell.com/ca/bakersfield/2676-mt-vernon-avenue.html,ca,bakersfield,2676-mt-vernon-avenue
https://locations.tacobell.com/tx/spring/2681-rayford-rd.html,tx,spring,2681-rayford-rd
https://locations.tacobell.com/mi/flat-rock/27067-telegraph-road.html,mi,flat-rock,27067-telegraph-road
https://locations.tacobell.com/nc/newton/2717-northwest-blvd.html,nc,newton,2717-northwest-blvd
https://locations.tacobell.com/mi/redford/27349-grand-river-ave-.html,mi,redford,27349-grand-river-ave-
https://locations.tacobell.com/tx/tomball/27550-tomball-pkwy-.html,tx,tomball,27550-tomball-pkwy-
https://locations.tacobell.com/mi/wixom/28020-wixom-rd.html,mi,wixom,28020-wixom-rd
https://locations.tacobell.com/nc/charlotte/2834-boyer-street.html,nc,charlotte,2834-boyer-street
https://locations.tacobell.com/ky/ashland/2850-winchester-ave.html,ky,ashland,2850-winchester-ave
https://locations.tacobell.com/mi/saint-clair-shores/28501-harper-ave-.html,mi,saint-clair-shores,28501-harper-ave-
https://locations.tacobell.com/mi/roseville/28540-gratiot-ave-.html,mi,roseville,28540-gratiot-ave-
https://locations.tacobell.com/mi/rochester-hills/2855-s-rochester-rd.html,mi,rochester-hills,2855-s-rochester-rd
https://locations.tacobell.com/tx/cypress/28638-northwest-fwy-.html,tx,cypress,28638-northwest-fwy-
https://locations.tacobell.com/mi/garden-city/28993-ford-road.html,mi,garden-city,28993-ford-road
https://locations.tacobell.com/tn/nashville/2904-gallatin-pike.html,tn,nashville,2904-gallatin-pike
https://locations.tacobell.com/ky/south-williamson/29080-us-hwy-119-n.html,ky,south-williamson,29080-us-hwy-119-n
https://locations.tacobell.com/ga/dalton/2914-e--walnut-avenue.html,ga,dalton,2914-e--walnut-avenue
https://locations.tacobell.com/mi/new-baltimore/29180-23-mile-rd.html,mi,new-baltimore,29180-23-mile-rd
https://locations.tacobell.com/tn/murfreesboro/2967-south-rutherford-rd-.html,tn,murfreesboro,2967-south-rutherford-rd-
https://locations.tacobell.com/mi/farmington-hills/29925-orchard-lake-road.html,mi,farmington-hills,29925-orchard-lake-road
https://locations.tacobell.com/mi/marysville/3000-gratiot-avenue.html,mi,marysville,3000-gratiot-avenue
https://locations.tacobell.com/wv/saint-albans/301-maccorkle-ave.html,wv,saint-albans,301-maccorkle-ave
https://locations.tacobell.com/tx/pasadena/302-southmore-ave-.html,tx,pasadena,302-southmore-ave-
https://locations.tacobell.com/tx/la-marque/3020-fm-1764.html,tx,la-marque,3020-fm-1764
https://locations.tacobell.com/ga/fort-oglethorpe/3022-battlefield-parkway.html,ga,fort-oglethorpe,3022-battlefield-parkway
https://locations.tacobell.com/oh/canton/3031-cleveland-avenue.html,oh,canton,3031-cleveland-avenue
https://locations.tacobell.com/tx/houston/3034-ella-blvd.html,tx,houston,3034-ella-blvd
https://locations.tacobell.com/tn/smyrna/305-n-lowry-st.html,tn,smyrna,305-n-lowry-st
https://locations.tacobell.com/tn/clarksville/3055-wilma-rudolph-blvd.html,tn,clarksville,3055-wilma-rudolph-blvd
https://locations.tacobell.com/sc/richburg/3062-lancaster-highway.html,sc,richburg,3062-lancaster-highway
https://locations.tacobell.com/al/hueytown/3064-warrior-river-road.html,al,hueytown,3064-warrior-river-road
https://locations.tacobell.com/oh/ravenna/308-e-main-st.html,oh,ravenna,308-e-main-st
https://locations.tacobell.com/tn/cookeville/310-big-mac-drive.html,tn,cookeville,310-big-mac-drive
https://locations.tacobell.com/tx/the-woodlands/3103-college-park-drive.html,tx,the-woodlands,3103-college-park-drive
https://locations.tacobell.com/sc/clover/311-vesla-lane.html,sc,clover,311-vesla-lane
https://locations.tacobell.com/mi/novi/31100-beck-rd.html,mi,novi,31100-beck-rd
https://locations.tacobell.com/nc/charlotte/3117-freedom-drive.html,nc,charlotte,3117-freedom-drive
https://locations.tacobell.com/tn/nashville/3121-dickerson-pike.html,tn,nashville,3121-dickerson-pike
https://locations.tacobell.com/mi/beverly-hills/31305-southfield-road.html,mi,beverly-hills,31305-southfield-road
https://locations.tacobell.com/tx/humble/3140-fm-1960-w.html,tx,humble,3140-fm-1960-w
https://locations.tacobell.com/oh/ashland/315-claremont-ave.html,oh,ashland,315-claremont-ave
https://locations.tacobell.com/tn/chattanooga/3151-s-broad-st.html,tn,chattanooga,3151-s-broad-st
https://locations.tacobell.com/tx/houston/3155-s-loop-west.html,tx,houston,3155-s-loop-west
https://locations.tacobell.com/oh/new-philadelphia/320-bluebell-drive-nw.html,oh,new-philadelphia,320-bluebell-drive-nw
https://locations.tacobell.com/ca/bakersfield/3200-california-avenue.html,ca,bakersfield,3200-california-avenue
https://locations.tacobell.com/tx/pasadena/3202-spencer-hwy.html,tx,pasadena,3202-spencer-hwy
https://locations.tacobell.com/tx/conroe/3207-west-davis.html,tx,conroe,3207-west-davis
https://locations.tacobell.com/oh/akron/3217-s-arlington-rd.html,oh,akron,3217-s-arlington-rd
https://locations.tacobell.com/wv/cross-lanes/322-goff-mountain-rd.html,wv,cross-lanes,322-goff-mountain-rd
https://locations.tacobell.com/oh/north-ridgeville/32350-lorain-road.html,oh,north-ridgeville,32350-lorain-road
https://locations.tacobell.com/tn/nashville/324-harding-place.html,tn,nashville,324-harding-place
https://locations.tacobell.com/mi/lambertville/3240-w-sterns-rd.html,mi,lambertville,3240-w-sterns-rd
https://locations.tacobell.com/oh/south-point/325-county-road-406.html,oh,south-point,325-county-road-406
https://locations.tacobell.com/oh/norwalk/365-milan-ave.html,oh,norwalk,365-milan-ave
https://locations.tacobell.com/oh/brunswick/3250-center-rd.html,oh,brunswick,3250-center-rd
https://locations.tacobell.com/mi/troy/3268-rochester-road.html,mi,troy,3268-rochester-road
https://locations.tacobell.com/oh/loudonville/327-w-main-st-.html,oh,loudonville,327-w-main-st-
https://locations.tacobell.com/mi/madison-heights/32801-john-r-road.html,mi,madison-heights,32801-john-r-road
https://locations.tacobell.com/tx/magnolia/32902-fm-2978.html,tx,magnolia,32902-fm-2978
https://locations.tacobell.com/mi/wayne/32940-michigan-ave.html,mi,wayne,32940-michigan-ave
https://locations.tacobell.com/oh/medina/3296-medina-rd.html,oh,medina,3296-medina-rd
https://locations.tacobell.com/tn/white-house/330-hester-dr-.html,tn,white-house,330-hester-dr-
https://locations.tacobell.com/ca/bakersfield/3300-buena-vista-rd.html,ca,bakersfield,3300-buena-vista-rd
https://locations.tacobell.com/ca/bakersfield/3300-panama-lane.html,ca,bakersfield,3300-panama-lane
https://locations.tacobell.com/oh/cleveland/3314-steelyard-drive.html,oh,cleveland,3314-steelyard-drive
https://locations.tacobell.com/ca/bakersfield/3315-union-ave.html,ca,bakersfield,3315-union-ave
https://locations.tacobell.com/mi/livonia/33203-west-eight-mile-road.html,mi,livonia,33203-west-eight-mile-road
https://locations.tacobell.com/tx/rosenberg/3408-1st-street.html,tx,rosenberg,3408-1st-street
https://locations.tacobell.com/mi/allen-park/3333-fairlane-drive.html,mi,allen-park,3333-fairlane-drive
https://locations.tacobell.com/oh/coventry-township/3333-manchester-road.html,oh,coventry-township,3333-manchester-road
https://locations.tacobell.com/wv/huntington/3335-us-route-60.html,wv,huntington,3335-us-route-60
https://locations.tacobell.com/al/childersburg/33458-us-highway-280.html,al,childersburg,33458-us-highway-280
https://locations.tacobell.com/tx/houston/3356-scott-st.html,tx,houston,3356-scott-st
https://locations.tacobell.com/tn/murfreesboro/3378-memorial-blvd.html,tn,murfreesboro,3378-memorial-blvd
https://locations.tacobell.com/tx/brookshire/34003-katy-freeway.html,tx,brookshire,34003-katy-freeway
https://locations.tacobell.com/tx/deer-park/3421-center-st.html,tx,deer-park,3421-center-st
https://locations.tacobell.com/tx/sugar-land/3453-hwy-6-south.html,tx,sugar-land,3453-hwy-6-south
https://locations.tacobell.com/nc/connelly-spg/3456-miller-bridge-road.html,nc,connelly-spg,3456-miller-bridge-road
https://locations.tacobell.com/mi/clinton-township/34600-groesbeck-hwy.html,mi,clinton-township,34600-groesbeck-hwy
https://locations.tacobell.com/tn/springfield/3497-tom-austin-hwy-.html,tn,springfield,3497-tom-austin-hwy-
https://locations.tacobell.com/wv/charleston/3500-maccorkle-ave.html,wv,charleston,3500-maccorkle-ave
https://locations.tacobell.com/oh/willoughby/35020-euclid-ave.html,oh,willoughby,35020-euclid-ave
https://locations.tacobell.com/tx/baytown/3520-garth-rd.html,tx,baytown,3520-garth-rd
https://locations.tacobell.com/tx/texas-city/3531-palmer-hwy.html,tx,texas-city,3531-palmer-hwy
https://locations.tacobell.com/wv/barboursville/3560-us-route-60-east.html,wv,barboursville,3560-us-route-60-east
https://locations.tacobell.com/oh/cuyahoga-falls/360-howe-ave.html,oh,cuyahoga-falls,360-howe-ave
https://locations.tacobell.com/oh/massillon/3605-erie-street-s.html,oh,massillon,3605-erie-street-s
https://locations.tacobell.com/nc/charlotte/3612-n-sharon-amity-rd-.html,nc,charlotte,3612-n-sharon-amity-rd-
https://locations.tacobell.com/mi/sterling-heights/36300-van-dyke-ave.html,mi,sterling-heights,36300-van-dyke-ave
https://locations.tacobell.com/mi/howell/3653-e-grand-river-ave-.html,mi,howell,3653-e-grand-river-ave-
https://locations.tacobell.com/oh/lorain/3671-oberlin-ave.html,oh,lorain,3671-oberlin-ave
https://locations.tacobell.com/tx/houston/3703-fm-1960-rd--w.html,tx,houston,3703-fm-1960-rd--w
https://locations.tacobell.com/ca/bakersfield/3707-coffee-rd-.html,ca,bakersfield,3707-coffee-rd-
https://locations.tacobell.com/tx/houston/3720-old-spanish-trail.html,tx,houston,3720-old-spanish-trail
https://locations.tacobell.com/mi/clinton-township/37510-s-gratiot-ave.html,mi,clinton-township,37510-s-gratiot-ave
https://locations.tacobell.com/oh/cleveland/3776-w-150th-street.html,oh,cleveland,3776-w-150th-street
https://locations.tacobell.com/ca/bakersfield/3799-rosedale-highway.html,ca,bakersfield,3799-rosedale-highway
https://locations.tacobell.com/tx/rosenberg/3802-fm-762.html,tx,rosenberg,3802-fm-762
https://locations.tacobell.com/al/birmingham/381-palisades-blvd.html,al,birmingham,381-palisades-blvd
https://locations.tacobell.com/nc/concord/3815-concord-parkway-s-.html,nc,concord,3815-concord-parkway-s-
https://locations.tacobell.com/tx/pasadena/3816-red-bluff-rd.html,tx,pasadena,3816-red-bluff-rd
https://locations.tacobell.com/mi/farmington-hills/38330-w-10-mile-rd.html,mi,farmington-hills,38330-w-10-mile-rd
https://locations.tacobell.com/oh/fairlawn/3847-w-market-st.html,oh,fairlawn,3847-w-market-st
https://locations.tacobell.com/mi/ann-arbor/3860-s--state-rd-.html,mi,ann-arbor,3860-s--state-rd-
https://locations.tacobell.com/tn/cookeville/387-w--jackson-street.html,tn,cookeville,387-w--jackson-street
https://locations.tacobell.com/wv/huntington/3899-route-75.html,wv,huntington,3899-route-75
https://locations.tacobell.com/tx/houston/3956-little-york-rd-.html,tx,houston,3956-little-york-rd-
https://locations.tacobell.com/mi/fort-gratiot/3977-24th-ave.html,mi,fort-gratiot,3977-24th-ave
https://locations.tacobell.com/tn/kimball/400-kimball-crossing-dr.html,tn,kimball,400-kimball-crossing-dr
https://locations.tacobell.com/nc/harrisburg/4000-highway-49.html,nc,harrisburg,4000-highway-49
https://locations.tacobell.com/tn/nashville/4000-nolensville-road.html,tn,nashville,4000-nolensville-road
https://locations.tacobell.com/tx/pasadena/4000-pansy-rd-.html,tx,pasadena,4000-pansy-rd-
https://locations.tacobell.com/tn/mount-juliet/401-south-mount-juliet-rd.html,tn,mount-juliet,401-south-mount-juliet-rd
https://locations.tacobell.com/nc/monroe/401-w--roosevelt-blvd-.html,nc,monroe,401-w--roosevelt-blvd-
https://locations.tacobell.com/oh/canton/4030-belden-village-st-nw.html,oh,canton,4030-belden-village-st-nw
https://locations.tacobell.com/mi/plymouth/409-n-main-st.html,mi,plymouth,409-n-main-st
https://locations.tacobell.com/ky/ashland/410-russell-rd.html,ky,ashland,410-russell-rd
https://locations.tacobell.com/mi/warren/4105-e-8-mile-rd.html,mi,warren,4105-e-8-mile-rd
https://locations.tacobell.com/oh/cleveland/4110-lee-road.html,oh,cleveland,4110-lee-road
https://locations.tacobell.com/tn/chattanooga/4115-hixson-pike.html,tn,chattanooga,4115-hixson-pike
https://locations.tacobell.com/mi/troy/41167-dequindre-rd.html,mi,troy,41167-dequindre-rd
https://locations.tacobell.com/oh/akron/414-e-exchange-st.html,oh,akron,414-e-exchange-st
https://locations.tacobell.com/mi/sterling-heights/4141-e-14-mile-road.html,mi,sterling-heights,4141-e-14-mile-road
https://locations.tacobell.com/mi/clinton-township/41450-garfield-rd-.html,mi,clinton-township,41450-garfield-rd-
https://locations.tacobell.com/oh/stow/4152-kent-rd.html,oh,stow,4152-kent-rd
https://locations.tacobell.com/wv/hurricane/4152-state-rt-34.html,wv,hurricane,4152-state-rt-34
https://locations.tacobell.com/tn/portland/418-highway-52-w.html,tn,portland,418-highway-52-w
https://locations.tacobell.com/oh/pomeroy/420-west-main-street.html,oh,pomeroy,420-west-main-street
https://locations.tacobell.com/wv/charleston/4200-maccorkle-ave-sw.html,wv,charleston,4200-maccorkle-ave-sw
https://locations.tacobell.com/nc/richfield/422-w--church-street.html,nc,richfield,422-w--church-street
https://locations.tacobell.com/tx/cleveland/435-w--south-line.html,tx,cleveland,435-w--south-line
https://locations.tacobell.com/ky/pikeville/4368-north-mayo-trail.html,ky,pikeville,4368-north-mayo-trail
https://locations.tacobell.com/tn/lewisburg/440-n--ellington-pkwy.html,tn,lewisburg,440-n--ellington-pkwy
https://locations.tacobell.com/tn/hermitage/4442-lebanon-road.html,tn,hermitage,4442-lebanon-road
https://locations.tacobell.com/mi/monroe/445-n-telegraph-rd-.html,mi,monroe,445-n-telegraph-rd-
https://locations.tacobell.com/mi/canton/44570-michigan-avenue.html,mi,canton,44570-michigan-avenue
https://locations.tacobell.com/tn/hendersonville/447-w-main-st-.html,tn,hendersonville,447-w-main-st-
https://locations.tacobell.com/tn/madisonville/4477-highway-411.html,tn,madisonville,4477-highway-411
https://locations.tacobell.com/tx/the-woodlands/4490-panther-creek-pne.html,tx,the-woodlands,4490-panther-creek-pne
https://locations.tacobell.com/al/alabaster/450-colonial-promenade-pkwy.html,al,alabaster,450-colonial-promenade-pkwy
https://locations.tacobell.com/mi/canton/45132-ford-road.html,mi,canton,45132-ford-road
https://locations.tacobell.com/mi/utica/45201-schoenherr-rd-.html,mi,utica,45201-schoenherr-rd-
https://locations.tacobell.com/tn/cleveland/4530-n-lee-hwy.html,tn,cleveland,4530-n-lee-hwy
https://locations.tacobell.com/oh/cleveland/4537-mayfield-road.html,oh,cleveland,4537-mayfield-road
https://locations.tacobell.com/mi/dearborn-heights/4539-s--telegraph-rd.html,mi,dearborn-heights,4539-s--telegraph-rd
https://locations.tacobell.com/mi/macomb/45590-gratiot-avenue.html,mi,macomb,45590-gratiot-avenue
https://locations.tacobell.com/nc/charlotte/4601-n-tryon-st.html,nc,charlotte,4601-n-tryon-st
https://locations.tacobell.com/al/birmingham/4623-highway-280-s-.html,al,birmingham,4623-highway-280-s-
https://locations.tacobell.com/ca/bakersfield/4675-ming-ave-.html,ca,bakersfield,4675-ming-ave-
https://locations.tacobell.com/mi/utica/47154-van-dyke-ave-.html,mi,utica,47154-van-dyke-ave-
https://locations.tacobell.com/oh/amherst/47370-cooper-foster-park-road.html,oh,amherst,47370-cooper-foster-park-road
https://locations.tacobell.com/mi/waterford/4743-dixie-highway.html,mi,waterford,4743-dixie-highway
https://locations.tacobell.com/tx/channelview/475-n-sheldon-road.html,tx,channelview,475-n-sheldon-road
https://locations.tacobell.com/tn/chattanooga/4786-hwy-58.html,tn,chattanooga,4786-hwy-58
https://locations.tacobell.com/tx/alleyton/4800-highway-10-west.html,tx,alleyton,4800-highway-10-west
https://locations.tacobell.com/al/helena/4804-highway-52-w.html,al,helena,4804-highway-52-w
https://locations.tacobell.com/oh/north-canton/4855-portage-street-n-w-.html,oh,north-canton,4855-portage-street-n-w-
https://locations.tacobell.com/oh/canton/4875-tuscarawas-st--w.html,oh,canton,4875-tuscarawas-st--w
https://locations.tacobell.com/tn/spring-hill/4880-port-royal-rd.html,tn,spring-hill,4880-port-royal-rd
https://locations.tacobell.com/mi/lake-orion/4885-s-baldwin-road.html,mi,lake-orion,4885-s-baldwin-road
https://locations.tacobell.com/tn/manchester/49-scott-swinney-dr.html,tn,manchester,49-scott-swinney-dr
https://locations.tacobell.com/tn/spring-hill/4936-columbia-pike.html,tn,spring-hill,4936-columbia-pike
https://locations.tacobell.com/tx/houston/4970-highway-6-north.html,tx,houston,4970-highway-6-north
https://locations.tacobell.com/ky/hopkinsville/498-north-drive.html,ky,hopkinsville,498-north-drive
https://locations.tacobell.com/wv/ravenswood/500-washington-st-.html,wv,ravenswood,500-washington-st-
https://locations.tacobell.com/tn/brentwood/5002-maryland-way.html,tn,brentwood,5002-maryland-way
https://locations.tacobell.com/oh/chardon/502-water-st.html,oh,chardon,502-water-st
https://locations.tacobell.com/al/oxford/504-hamric-dr-e.html,al,oxford,504-hamric-dr-e
https://locations.tacobell.com/al/bessemer/5050-bond-boulevard.html,al,bessemer,5050-bond-boulevard
https://locations.tacobell.com/ky/tompkinsville/507-n-main-st-.html,ky,tompkinsville,507-n-main-st-
https://locations.tacobell.com/oh/wellington/508-s-main-st-.html,oh,wellington,508-s-main-st-
https://locations.tacobell.com/nc/west-jefferson/51-beaver-creek-school-rd.html,nc,west-jefferson,51-beaver-creek-school-rd
https://locations.tacobell.com/oh/avon-lake/510-avon-belden-road.html,oh,avon-lake,510-avon-belden-road
https://locations.tacobell.com/nc/salisbury/510-jake-alexander-blvd-.html,nc,salisbury,510-jake-alexander-blvd-
https://locations.tacobell.com/nc/charlotte/5110-sunset-rd.html,nc,charlotte,5110-sunset-rd
https://locations.tacobell.com/ca/bakersfield/5121-olive-drive.html,ca,bakersfield,5121-olive-drive
https://locations.tacobell.com/tn/la-vergne/5143-murfreesboro-rd-.html,tn,la-vergne,5143-murfreesboro-rd-
https://locations.tacobell.com/wv/huntington/5181-us-route-60-e.html,wv,huntington,5181-us-route-60-e
https://locations.tacobell.com/oh/garfield-heights/5185-turney-rd-.html,oh,garfield-heights,5185-turney-rd-
https://locations.tacobell.com/al/attalla/519-cleveland-ave.html,al,attalla,519-cleveland-ave
https://locations.tacobell.com/wv/hurricane/52-arbys-way.html,wv,hurricane,52-arbys-way
https://locations.tacobell.com/oh/sheffield-village/5218-detroit-rd.html,oh,sheffield-village,5218-detroit-rd
https://locations.tacobell.com/al/gardendale/523-fieldstown-road.html,al,gardendale,523-fieldstown-road
https://locations.tacobell.com/mi/milford/525-general-motors-rd.html,mi,milford,525-general-motors-rd
https://locations.tacobell.com/tn/nashville/529-donelson-pike.html,tn,nashville,529-donelson-pike
https://locations.tacobell.com/tn/antioch/5315-hickory-hollow-ln-.html,tn,antioch,5315-hickory-hollow-ln-
https://locations.tacobell.com/sc/rock-hill/532-john-ross-parkway.html,sc,rock-hill,532-john-ross-parkway
https://locations.tacobell.com/mi/waterford/5350-highland-road.html,mi,waterford,5350-highland-road
https://locations.tacobell.com/oh/massillon/5366-wales-ave.html,oh,massillon,5366-wales-ave
https://locations.tacobell.com/mi/dundee/537-tecumseh-st.html,mi,dundee,537-tecumseh-st
https://locations.tacobell.com/ga/ringgold/5422-alabama-hwy.html,ga,ringgold,5422-alabama-hwy
https://locations.tacobell.com/tn/hixson/5439-highway-153.html,tn,hixson,5439-highway-153
https://locations.tacobell.com/ca/bakersfield/551-weedpatch-hwy.html,ca,bakersfield,551-weedpatch-hwy
https://locations.tacobell.com/tn/nashville/5510-nolensville-rd.html,tn,nashville,5510-nolensville-rd
https://locations.tacobell.com/tx/missouri-city/5511-highway-6.html,tx,missouri-city,5511-highway-6
https://locations.tacobell.com/tn/hohenwald/551-b-east-main-st.html,tn,hohenwald,551-b-east-main-st
https://locations.tacobell.com/nc/charlotte/5540-university-pointe-blvd.html,nc,charlotte,5540-university-pointe-blvd
https://locations.tacobell.com/tx/houston/5550-orem-drive.html,tx,houston,5550-orem-drive
https://locations.tacobell.com/oh/macedonia/557-aurora-rd.html,oh,macedonia,557-aurora-rd
https://locations.tacobell.com/oh/maple-heights/5591-warrensville-ctr-rd.html,oh,maple-heights,5591-warrensville-ctr-rd
https://locations.tacobell.com/tx/houston/5600-bellaire.html,tx,houston,5600-bellaire
https://locations.tacobell.com/tx/richmond/5640-w-grand-parkway-s.html,tx,richmond,5640-w-grand-parkway-s
https://locations.tacobell.com/mi/ann-arbor/5650-jackson-rd.html,mi,ann-arbor,5650-jackson-rd
https://locations.tacobell.com/tx/galveston/5701-broadway.html,tx,galveston,5701-broadway
https://locations.tacobell.com/tn/nashville/5709-edmondson-pike.html,tn,nashville,5709-edmondson-pike
https://locations.tacobell.com/wv/charleston/5709-maccorkle-ave-se.html,wv,charleston,5709-maccorkle-ave-se
https://locations.tacobell.com/tx/houston/5772-hollister-st-.html,tx,houston,5772-hollister-st-
https://locations.tacobell.com/oh/parma/5780-broadview-rd.html,oh,parma,5780-broadview-rd
https://locations.tacobell.com/tx/houston/5818-richmond-avenue.html,tx,houston,5818-richmond-avenue
https://locations.tacobell.com/oh/cleveland/5840-memphis-avenue.html,oh,cleveland,5840-memphis-avenue
https://locations.tacobell.com/ky/russellville/590-n-main-st.html,ky,russellville,590-n-main-st
https://locations.tacobell.com/al/cullman/5961-al-highway-157.html,al,cullman,5961-al-highway-157
https://locations.tacobell.com/oh/elyria/600-chestnut-commons-dr.html,oh,elyria,600-chestnut-commons-dr
https://locations.tacobell.com/tx/katy/601-s-mason-rd.html,tx,katy,601-s-mason-rd
https://locations.tacobell.com/nc/salisbury/602-e-innes-st.html,nc,salisbury,602-e-innes-st
https://locations.tacobell.com/ky/paintsville/603-n--mayo-trail.html,ky,paintsville,603-n--mayo-trail
https://locations.tacobell.com/al/oneonta/609-2nd-ave-e.html,al,oneonta,609-2nd-ave-e
https://locations.tacobell.com/tx/katy/6117-n--fry-road.html,tx,katy,6117-n--fry-road
https://locations.tacobell.com/ca/bakersfield/6119-niles-street.html,ca,bakersfield,6119-niles-street
https://locations.tacobell.com/nc/denver/6159-hwy-16-south.html,nc,denver,6159-hwy-16-south
https://locations.tacobell.com/tx/houston/619-fm-1960-rd--w.html,tx,houston,619-fm-1960-rd--w
https://locations.tacobell.com/oh/tallmadge/62-tallmadge-circle.html,oh,tallmadge,62-tallmadge-circle
https://locations.tacobell.com/tn/east-ridge/6200-ringgold-rd.html,tn,east-ridge,6200-ringgold-rd
https://locations.tacobell.com/tn/chattanooga/6210-lee-highway.html,tn,chattanooga,6210-lee-highway
https://locations.tacobell.com/oh/gallipolis/63-ohio-river-plaza.html,oh,gallipolis,63-ohio-river-plaza
https://locations.tacobell.com/wv/ripley/631-west-main-street.html,wv,ripley,631-west-main-street
https://locations.tacobell.com/al/springville/64-springville-station-blvd.html,al,springville,64-springville-station-blvd
https://locations.tacobell.com/tx/houston/6436-antoine-dr.html,tx,houston,6436-antoine-dr
https://locations.tacobell.com/oh/canton/6441-market-ave--north.html,oh,canton,6441-market-ave--north
https://locations.tacobell.com/oh/north-royalton/6447-north-royalton-rd.html,oh,north-royalton,6447-north-royalton-rd
https://locations.tacobell.com/tx/spring/650-sawdust-rd.html,tx,spring,650-sawdust-rd
https://locations.tacobell.com/tn/nashville/6540-charlotte-pike.html,tn,nashville,6540-charlotte-pike
https://locations.tacobell.com/oh/north-madison/6568-north-ridge-road.html,oh,north-madison,6568-north-ridge-road
https://locations.tacobell.com/mi/clarkston/6584-dixie-hwy.html,mi,clarkston,6584-dixie-hwy
https://locations.tacobell.com/mi/washington/65891-van-dyke.html,mi,washington,65891-van-dyke
https://locations.tacobell.com/mi/lake-orion/660-s-lapeer-rd.html,mi,lake-orion,660-s-lapeer-rd
https://locations.tacobell.com/ca/bakersfield/6619-panama-lane.html,ca,bakersfield,6619-panama-lane
https://locations.tacobell.com/oh/parma-heights/6698-pearl-road.html,oh,parma-heights,6698-pearl-road
https://locations.tacobell.com/tn/brentwood/6718-nolensville-pk.html,tn,brentwood,6718-nolensville-pk
https://locations.tacobell.com/mi/richmond/67556-main-street.html,mi,richmond,67556-main-street
https://locations.tacobell.com/tx/baytown/6800-garth-rd.html,tx,baytown,6800-garth-rd
https://locations.tacobell.com/nc/belmont/6805-w-wilkinson-blvd.html,nc,belmont,6805-w-wilkinson-blvd
https://locations.tacobell.com/tx/houston/6907-highway-6-south.html,tx,houston,6907-highway-6-south
https://locations.tacobell.com/mi/westland/6925-n-wayne-rd.html,mi,westland,6925-n-wayne-rd
https://locations.tacobell.com/mi/clarkston/6946-sashabaw-rd-.html,mi,clarkston,6946-sashabaw-rd-
https://locations.tacobell.com/ca/delano/700-woollomes-ave.html,ca,delano,700-woollomes-ave
https://locations.tacobell.com/nc/kings-mountain/705-york-road.html,nc,kings-mountain,705-york-road
https://locations.tacobell.com/tx/humble/7126-fm-1960-rd--e.html,tx,humble,7126-fm-1960-rd--e
https://locations.tacobell.com/tx/spring/7139-louetta-rd-.html,tx,spring,7139-louetta-rd-
https://locations.tacobell.com/oh/akron/716-e-market-st.html,oh,akron,716-e-market-st
https://locations.tacobell.com/oh/dover/718-boulevard-st-.html,oh,dover,718-boulevard-st-
https://locations.tacobell.com/mi/port-huron/729-24th-street.html,mi,port-huron,729-24th-street
https://locations.tacobell.com/ky/grayson/730-north-carol-malone-blvd.html,ky,grayson,730-north-carol-malone-blvd
https://locations.tacobell.com/tn/chattanooga/7304-shallowford-rd.html,tn,chattanooga,7304-shallowford-rd
https://locations.tacobell.com/mi/imlay-city/731-south-cedar-street.html,mi,imlay-city,731-south-cedar-street
https://locations.tacobell.com/ky/prestonsburg/740-n-lake-dr.html,ky,prestonsburg,740-n-lake-dr
https://locations.tacobell.com/tx/houston/7422-south-sam-houston-pkwy-w.html,tx,houston,7422-south-sam-houston-pkwy-w
https://locations.tacobell.com/oh/cleveland/7424-brookpark-rd.html,oh,cleveland,7424-brookpark-rd
https://locations.tacobell.com/oh/parma/7475-day-dr.html,oh,parma,7475-day-dr
https://locations.tacobell.com/tx/houston/7502-hwy-6-north.html,tx,houston,7502-hwy-6-north
https://locations.tacobell.com/tx/houston/7506-westheimer-rd-.html,tx,houston,7506-westheimer-rd-
https://locations.tacobell.com/tx/houston/7540-bellfort-st-.html,tx,houston,7540-bellfort-st-
https://locations.tacobell.com/tn/bellevue/7659-hwy-70-s.html,tn,bellevue,7659-hwy-70-s
https://locations.tacobell.com/sc/lancaster/767-hwy-9-bypass-w.html,sc,lancaster,767-hwy-9-bypass-w
https://locations.tacobell.com/tx/houston/7720-west-bellfort.html,tx,houston,7720-west-bellfort
https://locations.tacobell.com/nc/concord/7751-gateway-lane.html,nc,concord,7751-gateway-lane
https://locations.tacobell.com/oh/mentor/7753-mentor-avenue.html,oh,mentor,7753-mentor-avenue
https://locations.tacobell.com/tn/dayton/7761-rhea-county-highway.html,tn,dayton,7761-rhea-county-highway
https://locations.tacobell.com/tn/chattanooga/7796-e-brainerd-rd.html,tn,chattanooga,7796-e-brainerd-rd
https://locations.tacobell.com/tn/cookeville/787-south-jefferson-avenue.html,tn,cookeville,787-south-jefferson-avenue
https://locations.tacobell.com/tn/clarksville/788-riverside-drive.html,tn,clarksville,788-riverside-drive
https://locations.tacobell.com/ca/bakersfield/7880-white-lane.html,ca,bakersfield,7880-white-lane
https://locations.tacobell.com/tx/richmond/7967-grand-parkway.html,tx,richmond,7967-grand-parkway
https://locations.tacobell.com/mi/algonac/800-pointe-tremble-rd.html,mi,algonac,800-pointe-tremble-rd
https://locations.tacobell.com/mi/fowlerville/800-south-grand-avenue.html,mi,fowlerville,800-south-grand-avenue
https://locations.tacobell.com/nc/charlotte/8000-providence-rd-.html,nc,charlotte,8000-providence-rd-
https://locations.tacobell.com/tx/willis/803-w-montgomery-st.html,tx,willis,803-w-montgomery-st
https://locations.tacobell.com/tx/richmond/8030-fm-1464.html,tx,richmond,8030-fm-1464
https://locations.tacobell.com/oh/kent/805-e-main-street.html,oh,kent,805-e-main-street
https://locations.tacobell.com/tn/gallatin/807-nashville-pike.html,tn,gallatin,807-nashville-pike
https://locations.tacobell.com/mi/dearborn-heights/8112-telegraph-road.html,mi,dearborn-heights,8112-telegraph-road
https://locations.tacobell.com/al/tuscaloosa/815-skyland-blvd.html,al,tuscaloosa,815-skyland-blvd
https://locations.tacobell.com/oh/wheelersburg/8220-ohio-river-road.html,oh,wheelersburg,8220-ohio-river-road
https://locations.tacobell.com/tn/lebanon/823-s--cumberland-street.html,tn,lebanon,823-s--cumberland-street
https://locations.tacobell.com/tx/baytown/8302-n--highway-146.html,tx,baytown,8302-n--highway-146
https://locations.tacobell.com/nc/charlotte/8425-davis-lake-pkwy-.html,nc,charlotte,8425-davis-lake-pkwy-
https://locations.tacobell.com/ky/franklin/847-s-main-st.html,ky,franklin,847-s-main-st
https://locations.tacobell.com/tn/smyrna/850-nissan-drive.html,tn,smyrna,850-nissan-drive
https://locations.tacobell.com/mi/brighton/8541-w-grand-river-avenue.html,mi,brighton,8541-w-grand-river-avenue
https://locations.tacobell.com/nc/charlotte/8661-j-w--clay-blvd.html,nc,charlotte,8661-j-w--clay-blvd
https://locations.tacobell.com/nc/charlotte/8812-albemarle-rd-.html,nc,charlotte,8812-albemarle-rd-
https://locations.tacobell.com/oh/twinsburg/8906-darrow-road.html,oh,twinsburg,8906-darrow-road
https://locations.tacobell.com/tx/spring/8919-spring-cypress-rd-.html,tx,spring,8919-spring-cypress-rd-
https://locations.tacobell.com/mi/dearborn/8956-warren.html,mi,dearborn,8956-warren
https://locations.tacobell.com/nc/charlotte/9015-s-tryon-st.html,nc,charlotte,9015-s-tryon-st
https://locations.tacobell.com/wv/summersville/902-industrial-drive.html,wv,summersville,902-industrial-drive
https://locations.tacobell.com/ga/la-fayette/902-n-main-st.html,ga,la-fayette,902-n-main-st
https://locations.tacobell.com/tx/houston/904-s--wayside-dr-.html,tx,houston,904-s--wayside-dr-
https://locations.tacobell.com/mi/white-lake/9044-highland-road.html,mi,white-lake,9044-highland-road
https://locations.tacobell.com/tx/la-porte/9047-spencer-hwy.html,tx,la-porte,9047-spencer-hwy
https://locations.tacobell.com/al/tuscaloosa/9050-highway-69-s.html,al,tuscaloosa,9050-highway-69-s
https://locations.tacobell.com/ga/roswell/915-holcomb-brg-rd.html,ga,roswell,915-holcomb-brg-rd
https://locations.tacobell.com/oh/sandusky/918-perkins-avenue-west.html,oh,sandusky,918-perkins-avenue-west
https://locations.tacobell.com/oh/elyria/920-cleveland-st.html,oh,elyria,920-cleveland-st
https://locations.tacobell.com/tn/ooltewah/9210-lee-hwy.html,tn,ooltewah,9210-lee-hwy
https://locations.tacobell.com/oh/streetsboro/9223-st-rte-14.html,oh,streetsboro,9223-st-rte-14
https://locations.tacobell.com/tn/woodbury/930-west-main-st-.html,tn,woodbury,930-west-main-st-
https://locations.tacobell.com/tn/soddy-daisy/9341-dayton-pike.html,tn,soddy-daisy,9341-dayton-pike
https://locations.tacobell.com/oh/amherst/940-north-leavitt-road.html,oh,amherst,940-north-leavitt-road
https://locations.tacobell.com/oh/mentor/9486-mentor-avenue.html,oh,mentor,9486-mentor-avenue
https://locations.tacobell.com/al/birmingham/9509-parkway-east.html,al,birmingham,9509-parkway-east
https://locations.tacobell.com/sc/clover/958-bethel-street.html,sc,clover,958-bethel-street
https://locations.tacobell.com/tx/humble/9639-n-sam-houston-pkwy-e.html,tx,humble,9639-n-sam-houston-pkwy-e
https://locations.tacobell.com/ca/bakersfield/9640-hageman-rd-.html,ca,bakersfield,9640-hageman-rd-
https://locations.tacobell.com/oh/wadsworth/973-high-street.html,oh,wadsworth,973-high-street
https://locations.tacobell.com/ca/bakersfield/9741-s--enos-ln.html,ca,bakersfield,9741-s--enos-ln
https://locations.tacobell.com/oh/athens/978-e--state-street.html,oh,athens,978-e--state-street
https://locations.tacobell.com/mi/lapeer/984-s-main-st.html,mi,lapeer,984-s-main-st
https://locations.tacobell.com/tn/nashville/990-murfreesboro-road.html,tn,nashville,990-murfreesboro-road
https://locations.tacobell.com/sc/fort-mill/9915-charlotte-hwy-.html,sc,fort-mill,9915-charlotte-hwy-
https://locations.tacobell.com/mi/romulus/9920-wayne-rd.html,mi,romulus,9920-wayne-rd
https://locations.tacobell.com/oh/cuyahoga-falls/993-graham-rd-.html,oh,cuyahoga-falls,993-graham-rd-
https://locations.tacobell.com/tx/the-woodlands/9945-six-pines-dr.html,tx,the-woodlands,9945-six-pines-dr
https://locations.tacobell.com/tx/missouri-city/9945-state-highway-6.html,tx,missouri-city,9945-state-highway-6
https://locations.tacobell.com/oh/mansfield/996-ashland-road.html,oh,mansfield,996-ashland-road
https://locations.tacobell.com/mn/brooklyn-park/5931-94th-ave-n.html,mn,brooklyn-park,5931-94th-ave-n
https://locations.tacobell.com/ar/bentonville/1200-sw-regional-airport-blvd.html,ar,bentonville,1200-sw-regional-airport-blvd
https://locations.tacobell.com/oh/genoa/22220-west-state-route-51.html,oh,genoa,22220-west-state-route-51
https://locations.tacobell.com/pa/wilkes-barre/652-carey-ave-hanover-township.html,pa,wilkes-barre,652-carey-ave-hanover-township
https://locations.tacobell.com/ny/brooklyn/283-broadway.html,ny,brooklyn,283-broadway
https://locations.tacobell.com/fl/gainesville/1515-sw-13th-street.html,fl,gainesville,1515-sw-13th-street
https://locations.tacobell.com/tx/dayton/402-w--hwy-90.html,tx,dayton,402-w--hwy-90
https://locations.tacobell.com/mo/malden/1220-north-douglass-street.html,mo,malden,1220-north-douglass-street
https://locations.tacobell.com/sc/myrtle-beach/4306-river-oaks-drive.html,sc,myrtle-beach,4306-river-oaks-drive
https://locations.tacobell.com/tx/lufkin/1102-s-timberland.html,tx,lufkin,1102-s-timberland
https://locations.tacobell.com/ca/merced/1990-yosemite-parkway.html,ca,merced,1990-yosemite-parkway
https://locations.tacobell.com/ca/rancho-murieta/7205-murieta-drive.html,ca,rancho-murieta,7205-murieta-drive
https://locations.tacobell.com/va/harrisonburg/2168-rock-port-rd-.html,va,harrisonburg,2168-rock-port-rd-
https://locations.tacobell.com/il/harwood-heights/5050-n--harlem-ave.html,il,harwood-heights,5050-n--harlem-ave
https://locations.tacobell.com/tx/sherman/3310-s-us-hwy-75.html,tx,sherman,3310-s-us-hwy-75
https://locations.tacobell.com/mi/lansing/3215-s-martin-luther-king-jr-blvd.html,mi,lansing,3215-s-martin-luther-king-jr-blvd
https://locations.tacobell.com/ky/louisville/4225-cane-run-road.html,ky,louisville,4225-cane-run-road
https://locations.tacobell.com/al/dothan/3168-s-oates-street.html,al,dothan,3168-s-oates-street
https://locations.tacobell.com/ny/new-york/104-3rd-ave.html,ny,new-york,104-3rd-ave
https://locations.tacobell.com/mo/holts-summit/137-n--summit-drive.html,mo,holts-summit,137-n--summit-drive
https://locations.tacobell.com/ny/bronx/4176-white-plains-rd.html,ny,bronx,4176-white-plains-rd
https://locations.tacobell.com/co/lafayette/2960-arapahoe-rd.html,co,lafayette,2960-arapahoe-rd
https://locations.tacobell.com/ut/herriman/5161-w--anthem-park-boulevard.html,ut,herriman,5161-w--anthem-park-boulevard
https://locations.tacobell.com/nc/greensboro/3912-sedgebrook-st.html,nc,greensboro,3912-sedgebrook-st
https://locations.tacobell.com/ma/boston/449-west-broadway.html,ma,boston,449-west-broadway
https://locations.tacobell.com/pa/mount-joy/1580-strickler-rd.html,pa,mount-joy,1580-strickler-rd
https://locations.tacobell.com/ny/new-york/3924-broadway.html,ny,new-york,3924-broadway
https://locations.tacobell.com/nv/north-las-vegas/2288-e--craig-rd-.html,nv,north-las-vegas,2288-e--craig-rd-
https://locations.tacobell.com/tn/milan/5108-s-1st-st-.html,tn,milan,5108-s-1st-st-
https://locations.tacobell.com/ok/tecumseh/1001-n--broadway.html,ok,tecumseh,1001-n--broadway
https://locations.tacobell.com/al/birmingham/4525-valleydale-road.html,al,birmingham,4525-valleydale-road
https://locations.tacobell.com/pa/elizabethville/4634-state-route-209.html,pa,elizabethville,4634-state-route-209
https://locations.tacobell.com/co/colorado-springs/13014-touchstone-view.html,co,colorado-springs,13014-touchstone-view
https://locations.tacobell.com/in/middlebury/122-u-s--hwy-20.html,in,middlebury,122-u-s--hwy-20
https://locations.tacobell.com/ga/gray/217-w-clinton-st.html,ga,gray,217-w-clinton-st
https://locations.tacobell.com/tx/fate/1210-memorial-dr-.html,tx,fate,1210-memorial-dr-
https://locations.tacobell.com/ny/staten-island/429-tompkins-ave.html,ny,staten-island,429-tompkins-ave
https://locations.tacobell.com/tn/greenbrier/2225-us-41.html,tn,greenbrier,2225-us-41
https://locations.tacobell.com/tn/mcdonald/127-pleasant-grove-road-sw.html,tn,mcdonald,127-pleasant-grove-road-sw
https://locations.tacobell.com/va/chesapeake/1440-mt--pleasant-rd.html,va,chesapeake,1440-mt--pleasant-rd
https://locations.tacobell.com/ca/laguna-hills/24888-alicia-parkway.html,ca,laguna-hills,24888-alicia-parkway
https://locations.tacobell.com/mn/cambridge/1950-2nd-ave-se.html,mn,cambridge,1950-2nd-ave-se
https://locations.tacobell.com/mo/parkville/7085-elizabeth-st.html,mo,parkville,7085-elizabeth-st
https://locations.tacobell.com/al/tallassee/576-gilmer-avenue.html,al,tallassee,576-gilmer-avenue
https://locations.tacobell.com/ms/iuka/1709-battleground-drive.html,ms,iuka,1709-battleground-drive
https://locations.tacobell.com/pa/lewistown/10406-us-hwy-522-south.html,pa,lewistown,10406-us-hwy-522-south
https://locations.tacobell.com/mn/sauk-centre/1215-getty-st-s.html,mn,sauk-centre,1215-getty-st-s
https://locations.tacobell.com/ky/springfield/977-lincoln-park-road.html,ky,springfield,977-lincoln-park-road
https://locations.tacobell.com/va/richmond/1330-n-laburnum-ave.html,va,richmond,1330-n-laburnum-ave
https://locations.tacobell.com/in/west-lafayette/5900-sr-43.html,in,west-lafayette,5900-sr-43
https://locations.tacobell.com/in/mount-vernon/1328-e-4th-st-.html,in,mount-vernon,1328-e-4th-st-
https://locations.tacobell.com/co/denver/1600-glenarm-place.html,co,denver,1600-glenarm-place
https://locations.tacobell.com/mo/buffalo/510-s--ash-st-.html,mo,buffalo,510-s--ash-st-
https://locations.tacobell.com/ok/oklahoma-city/14000-north-rockwell-ave.html,ok,oklahoma-city,14000-north-rockwell-ave
https://locations.tacobell.com/hi/hilo/326-kilauea-ave-.html,hi,hilo,326-kilauea-ave-
https://locations.tacobell.com/ny/new-york/24-east-23rd-street.html,ny,new-york,24-east-23rd-street
https://locations.tacobell.com/co/grand-junction/2674-tracy-ann-road.html,co,grand-junction,2674-tracy-ann-road
https://locations.tacobell.com/ma/swansea/572-gar-highway.html,ma,swansea,572-gar-highway
https://locations.tacobell.com/or/monmouth/1537-monmouth-independence-highway.html,or,monmouth,1537-monmouth-independence-highway
https://locations.tacobell.com/mi/east-lansing/7195-e-saginaw-st.html,mi,east-lansing,7195-e-saginaw-st
https://locations.tacobell.com/pa/elizabethtown/825-south-market-st.html,pa,elizabethtown,825-south-market-st
https://locations.tacobell.com/tx/fort-worth/8945-lower-sonoma-lane.html,tx,fort-worth,8945-lower-sonoma-lane
https://locations.tacobell.com/tn/trenton/hwy-45-byp-s-2045.html,tn,trenton,hwy-45-byp-s-2045
https://locations.tacobell.com/ut/murray/6001-state-street.html,ut,murray,6001-state-street
https://locations.tacobell.com/wi/superior/3541-tower-ave.html,wi,superior,3541-tower-ave
https://locations.tacobell.com/al/arab/1264-n-brindlee-mountain-pkwy.html,al,arab,1264-n-brindlee-mountain-pkwy
https://locations.tacobell.com/ga/dallas/2700-charles-hardy-parkway.html,ga,dallas,2700-charles-hardy-parkway
https://locations.tacobell.com/mo/lebanon/2500-boulder-court.html,mo,lebanon,2500-boulder-court
https://locations.tacobell.com/tx/frisco/2085-w-university-dr.html,tx,frisco,2085-w-university-dr
https://locations.tacobell.com/wa/bothell/18001-bothell-everett-hwy.html,wa,bothell,18001-bothell-everett-hwy
https://locations.tacobell.com/mi/lenox/36505-26-mile-road.html,mi,lenox,36505-26-mile-road
https://locations.tacobell.com/oh/marysville/18000-oh-31.html,oh,marysville,18000-oh-31
https://locations.tacobell.com/nj/jersey-city/75-montgomery-street.html,nj,jersey-city,75-montgomery-street
https://locations.tacobell.com/ar/pea-ridge/179-lee-town-road.html,ar,pea-ridge,179-lee-town-road
https://locations.tacobell.com/wi/eagle-river/205-w--pine-street.html,wi,eagle-river,205-w--pine-street
https://locations.tacobell.com/mi/saint-ignace/w-206-us-2.html,mi,saint-ignace,w-206-us-2
https://locations.tacobell.com/la/new-orleans/6007-bullard-ave.html,la,new-orleans,6007-bullard-ave
https://locations.tacobell.com/ok/lawton/3720-sw-lee-blvd.html,ok,lawton,3720-sw-lee-blvd
https://locations.tacobell.com/oh/chillicothe/1005-e-main-street.html,oh,chillicothe,1005-e-main-street
https://locations.tacobell.com/al/jasper/150-carl-cannon-blvd.html,al,jasper,150-carl-cannon-blvd
https://locations.tacobell.com/ga/byron/319-north-hwy-49.html,ga,byron,319-north-hwy-49
https://locations.tacobell.com/sc/florence/2111-dr-frank-lee-jr-.html,sc,florence,2111-dr-frank-lee-jr-
https://locations.tacobell.com/nv/las-vegas/9720-west-sky-canyon-park-drive.html,nv,las-vegas,9720-west-sky-canyon-park-drive
https://locations.tacobell.com/nj/north-bergen/2099-74th-street.html,nj,north-bergen,2099-74th-street
https://locations.tacobell.com/wv/beckley/1937-harper-road.html,wv,beckley,1937-harper-road
https://locations.tacobell.com/tn/chattanooga/3009-silverdale-rd-.html,tn,chattanooga,3009-silverdale-rd-
https://locations.tacobell.com/fl/west-palm-beach/1237-palm-beach-lakes-blvd.html,fl,west-palm-beach,1237-palm-beach-lakes-blvd
https://locations.tacobell.com/pa/philadelphia/9990-roosevelt-blvd.html,pa,philadelphia,9990-roosevelt-blvd
https://locations.tacobell.com/ms/horn-lake/999-goodman-road.html,ms,horn-lake,999-goodman-road
https://locations.tacobell.com/hi/waipahu/94-790-ukee-st.html,hi,waipahu,94-790-ukee-st
https://locations.tacobell.com/az/tempe/9960-south-rural-road.html,az,tempe,9960-south-rural-road
https://locations.tacobell.com/il/shorewood/996-brook-forest-avenue.html,il,shorewood,996-brook-forest-avenue
https://locations.tacobell.com/mo/saint-louis/9951-w-florissant-ave.html,mo,saint-louis,9951-w-florissant-ave
https://locations.tacobell.com/ca/gilroy/995-first-street.html,ca,gilroy,995-first-street
https://locations.tacobell.com/az/avondale/9940-w-mcdowell-rd-.html,az,avondale,9940-w-mcdowell-rd-
https://locations.tacobell.com/fl/leesburg/9934-us-highway-441.html,fl,leesburg,9934-us-highway-441
https://locations.tacobell.com/tn/elizabethton/993-w-elk-avenue.html,tn,elizabethton,993-w-elk-avenue
https://locations.tacobell.com/md/cockeysville/9928-york-rd.html,md,cockeysville,9928-york-rd
https://locations.tacobell.com/ca/fountain-valley/9925-warner-ave.html,ca,fountain-valley,9925-warner-ave
https://locations.tacobell.com/ca/los-angeles/9919-south-avalon-blvd.html,ca,los-angeles,9919-south-avalon-blvd
https://locations.tacobell.com/ca/sunnyvale/991-w-el-camino-real.html,ca,sunnyvale,991-w-el-camino-real
https://locations.tacobell.com/mn/plymouth/9900-rockford-road.html,mn,plymouth,9900-rockford-road
https://locations.tacobell.com/tx/austin/9900-parmer-lane.html,tx,austin,9900-parmer-lane
https://locations.tacobell.com/ca/los-angeles/990-n--western-ave-.html,ca,los-angeles,990-n--western-ave-
https://locations.tacobell.com/co/pueblo-west/99-s-mcculloch-blvd.html,co,pueblo-west,99-s-mcculloch-blvd
https://locations.tacobell.com/ca/upland/989-w-foothill-blvd-.html,ca,upland,989-w-foothill-blvd-
https://locations.tacobell.com/il/des-plaines/9870-n-milwaukee.html,il,des-plaines,9870-n-milwaukee
https://locations.tacobell.com/ga/lithia-springs/987-thornton-rd.html,ga,lithia-springs,987-thornton-rd
https://locations.tacobell.com/fl/homestead/987-north-homestead-blvd.html,fl,homestead,987-north-homestead-blvd
https://locations.tacobell.com/fl/boynton-beach/9854-military-trail.html,fl,boynton-beach,9854-military-trail
https://locations.tacobell.com/az/tolleson/9850-w--lower-buckeye-rd-.html,az,tolleson,9850-w--lower-buckeye-rd-
https://locations.tacobell.com/nc/asheville/985-patton-ave.html,nc,asheville,985-patton-ave
https://locations.tacobell.com/vt/saint-johnsbury/985-memorial-drive.html,vt,saint-johnsbury,985-memorial-drive
https://locations.tacobell.com/or/woodburn/985-lawson-way.html,or,woodburn,985-lawson-way
https://locations.tacobell.com/ca/livermore/985-east-stanley-blvd.html,ca,livermore,985-east-stanley-blvd
https://locations.tacobell.com/hi/pearl-city/376-kamehameha-hwy.html,hi,pearl-city,376-kamehameha-hwy
https://locations.tacobell.com/az/peoria/9831-w--happy-valley-rd-.html,az,peoria,9831-w--happy-valley-rd-
https://locations.tacobell.com/ca/santee/9825-mission-gorge-road.html,ca,santee,9825-mission-gorge-road
https://locations.tacobell.com/ca/northridge/9825-balboa-blvd.html,ca,northridge,9825-balboa-blvd
https://locations.tacobell.com/tn/lakeland/9821-us-hwy-64.html,tn,lakeland,9821-us-hwy-64
https://locations.tacobell.com/ca/san-diego/9821-aero-dr.html,ca,san-diego,9821-aero-dr
https://locations.tacobell.com/tx/dallas/9820-walnut-hill-ln.html,tx,dallas,9820-walnut-hill-ln
https://locations.tacobell.com/va/leesburg/982-edwards-ferry-rd-ne.html,va,leesburg,982-edwards-ferry-rd-ne
https://locations.tacobell.com/nj/south-amboy/981-us-highway-9.html,nj,south-amboy,981-us-highway-9
https://locations.tacobell.com/sc/summerville/981-bacons-bridge-rd.html,sc,summerville,981-bacons-bridge-rd
https://locations.tacobell.com/sc/columbia/9802-two-notch-rd.html,sc,columbia,9802-two-notch-rd
https://locations.tacobell.com/ok/mustang/980-e--state-highway-152.html,ok,mustang,980-e--state-highway-152
https://locations.tacobell.com/ar/morrilton/98-medical-services-drive.html,ar,morrilton,98-medical-services-drive
https://locations.tacobell.com/ny/glen-cove/98-forest-ave-.html,ny,glen-cove,98-forest-ave-
https://locations.tacobell.com/pa/pittsburgh/85-blazier-drive.html,pa,pittsburgh,85-blazier-drive
https://locations.tacobell.com/mo/saint-louis/9787-st-charles-rock-rd.html,mo,saint-louis,9787-st-charles-rock-rd
https://locations.tacobell.com/or/hillsboro/977-sw-oak-st.html,or,hillsboro,977-sw-oak-st
https://locations.tacobell.com/nc/randleman/977-high-point-st-.html,nc,randleman,977-high-point-st-
https://locations.tacobell.com/ms/brookhaven/977-brookway-blvd.html,ms,brookhaven,977-brookway-blvd
https://locations.tacobell.com/in/indianapolis/9755-e-washington-st.html,in,indianapolis,9755-e-washington-st
https://locations.tacobell.com/oh/trenton/975-west-state-street.html,oh,trenton,975-west-state-street
https://locations.tacobell.com/mn/chanhassen/975-west-78th-street.html,mn,chanhassen,975-west-78th-street
https://locations.tacobell.com/ok/yukon/975-s-cornwell-dr.html,ok,yukon,975-s-cornwell-dr
https://locations.tacobell.com/ca/mountain-view/975-north-shoreline-blvd.html,ca,mountain-view,975-north-shoreline-blvd
https://locations.tacobell.com/ct/waterbury/973-wolcott-street.html,ct,waterbury,973-wolcott-street
https://locations.tacobell.com/nv/sparks/9725-pyramid-way.html,nv,sparks,9725-pyramid-way
https://locations.tacobell.com/tn/covington/971-highway-51-north.html,tn,covington,971-highway-51-north
https://locations.tacobell.com/nc/new-bern/971-e-us-70-hwy-.html,nc,new-bern,971-e-us-70-hwy-
https://locations.tacobell.com/ca/rancho-cucamonga/9709-baseline-rd.html,ca,rancho-cucamonga,9709-baseline-rd
https://locations.tacobell.com/ny/woodhaven/9701-atlantic-ave.html,ny,woodhaven,9701-atlantic-ave
https://locations.tacobell.com/az/apache-junction/97-west-apache-trail.html,az,apache-junction,97-west-apache-trail
https://locations.tacobell.com/nc/holly-ridge/97-village-dr.html,nc,holly-ridge,97-village-dr
https://locations.tacobell.com/ks/overland-park/9690-metcalf-ave-.html,ks,overland-park,9690-metcalf-ave-
https://locations.tacobell.com/wa/spokane/9664-n-newport-hwy.html,wa,spokane,9664-n-newport-hwy
https://locations.tacobell.com/fl/miami/966-sw-8th-st.html,fl,miami,966-sw-8th-st
https://locations.tacobell.com/la/baton-rouge/9656-airline-hwy.html,la,baton-rouge,9656-airline-hwy
https://locations.tacobell.com/in/westfield/965-tournament-trail.html,in,westfield,965-tournament-trail
https://locations.tacobell.com/sc/ladson/9637-highway-78.html,sc,ladson,9637-highway-78
https://locations.tacobell.com/va/fredericksburg/9625-jefferson-davis-hwy.html,va,fredericksburg,9625-jefferson-davis-hwy
https://locations.tacobell.com/ca/phelan/9619-sheep-creek-road.html,ca,phelan,9619-sheep-creek-road
https://locations.tacobell.com/tx/fort-worth/9616-white-settlement-road.html,tx,fort-worth,9616-white-settlement-road
https://locations.tacobell.com/ny/bronx/961-e-174th-street.html,ny,bronx,961-e-174th-street
https://locations.tacobell.com/ks/lenexa/9600-quivira-rd-.html,ks,lenexa,9600-quivira-rd-
https://locations.tacobell.com/ar/little-rock/9600-n-rodney-parham-rd.html,ar,little-rock,9600-n-rodney-parham-rd
https://locations.tacobell.com/nm/albuquerque/9600-montgomery-blvd-ne.html,nm,albuquerque,9600-montgomery-blvd-ne
https://locations.tacobell.com/ct/branford/960-w-main-st.html,ct,branford,960-w-main-st
https://locations.tacobell.com/ca/san-clemente/959-avenida-pico.html,ca,san-clemente,959-avenida-pico
https://locations.tacobell.com/ms/louisville/958-w--main-street.html,ms,louisville,958-w--main-street
https://locations.tacobell.com/pa/huntingdon/9578-william-penn-hwy.html,pa,huntingdon,9578-william-penn-hwy
https://locations.tacobell.com/mo/kansas-city/9571-n-mcgee-st.html,mo,kansas-city,9571-n-mcgee-st
https://locations.tacobell.com/ks/derby/957-n-buckner.html,ks,derby,957-n-buckner
https://locations.tacobell.com/ca/downey/9551-lakewood-blvd.html,ca,downey,9551-lakewood-blvd
https://locations.tacobell.com/tx/el-paso/9523-viscount-blvd-.html,tx,el-paso,9523-viscount-blvd-
https://locations.tacobell.com/hi/mililani/95-1249-meheula-pkwy.html,hi,mililani,95-1249-meheula-pkwy
https://locations.tacobell.com/wa/lakewood/9511-bridgeport-way-sw.html,wa,lakewood,9511-bridgeport-way-sw
https://locations.tacobell.com/il/schaumburg/951-s-roselle-rd.html,il,schaumburg,951-s-roselle-rd
https://locations.tacobell.com/in/indianapolis/951-indiana-avenue.html,in,indianapolis,951-indiana-avenue
https://locations.tacobell.com/in/winchester/951-e-greenville-pike.html,in,winchester,951-e-greenville-pike
https://locations.tacobell.com/tx/austin/9504-n-lamar.html,tx,austin,9504-n-lamar
https://locations.tacobell.com/ut/richfield/950-w--1250-south.html,ut,richfield,950-w--1250-south
https://locations.tacobell.com/al/huntsville/950-old-monrovia-rd-nw.html,al,huntsville,950-old-monrovia-rd-nw
https://locations.tacobell.com/tx/cedar-park/950-n-bell-blvd.html,tx,cedar-park,950-n-bell-blvd
https://locations.tacobell.com/ny/rochester/950-jefferson-rd.html,ny,rochester,950-jefferson-rd
https://locations.tacobell.com/ks/park-city/950-connolly-ct.html,ks,park-city,950-connolly-ct
https://locations.tacobell.com/ms/meridian/95-s-frontage-rd.html,ms,meridian,95-s-frontage-rd
https://locations.tacobell.com/co/castle-rock/95-rio-grande.html,co,castle-rock,95-rio-grande
https://locations.tacobell.com/ia/waukee/95-e--hickman.html,ia,waukee,95-e--hickman
https://locations.tacobell.com/wi/platteville/95-e--business-highway-151.html,wi,platteville,95-e--business-highway-151
https://locations.tacobell.com/ca/camarillo/95-daily-dr.html,ca,camarillo,95-daily-dr
https://locations.tacobell.com/nv/las-vegas/9480-w--lake-mead-blvd-.html,nv,las-vegas,9480-w--lake-mead-blvd-
https://locations.tacobell.com/ga/baxley/948-w--parker-street.html,ga,baxley,948-w--parker-street
https://locations.tacobell.com/il/rosemont/9467-w-higgins-rd.html,il,rosemont,9467-w-higgins-rd
https://locations.tacobell.com/fl/fort-walton-beach/945-north-beal-pkwy.html,fl,fort-walton-beach,945-north-beal-pkwy
https://locations.tacobell.com/ga/macon/945-gray-hwy.html,ga,macon,945-gray-hwy
https://locations.tacobell.com/il/des-plaines/945-elmhurst-rd.html,il,des-plaines,945-elmhurst-rd
https://locations.tacobell.com/ny/watertown/945-arsenal-st.html,ny,watertown,945-arsenal-st
https://locations.tacobell.com/oh/cincinnati/9449-colerain-ave.html,oh,cincinnati,9449-colerain-ave
https://locations.tacobell.com/fl/hudson/9442-sr-52.html,fl,hudson,9442-sr-52
https://locations.tacobell.com/la/shreveport/9424-mansfield-rd.html,la,shreveport,9424-mansfield-rd
https://locations.tacobell.com/va/richmond/9420-w-broad-st.html,va,richmond,9420-w-broad-st
https://locations.tacobell.com/nc/pembroke/942-e-3rd-st.html,nc,pembroke,942-e-3rd-st
https://locations.tacobell.com/id/pocatello/941-yellowstone.html,id,pocatello,941-yellowstone
https://locations.tacobell.com/md/lanham/9409-annapolis-road.html,md,lanham,9409-annapolis-road
https://locations.tacobell.com/hi/waipahu/94-050-farrington-hwy.html,hi,waipahu,94-050-farrington-hwy
https://locations.tacobell.com/va/burke/9402-old-burke-lake-rd-.html,va,burke,9402-old-burke-lake-rd-
https://locations.tacobell.com/wa/seattle/9401-rainier-ave--s.html,wa,seattle,9401-rainier-ave--s
https://locations.tacobell.com/fl/fort-myers/9400-daniels-pkwy.html,fl,fort-myers,9400-daniels-pkwy
https://locations.tacobell.com/tx/crockett/940-e-loop-304.html,tx,crockett,940-e-loop-304
https://locations.tacobell.com/nm/albuquerque/9395-coors-rd-nw.html,nm,albuquerque,9395-coors-rd-nw
https://locations.tacobell.com/ak/anchorage/939-west-northern-lights-blvd.html,ak,anchorage,939-west-northern-lights-blvd
https://locations.tacobell.com/sc/darlington/939-s-governor-williams-hwy.html,sc,darlington,939-s-governor-williams-hwy
https://locations.tacobell.com/ms/gulfport/9384-hwy-49.html,ms,gulfport,9384-hwy-49
https://locations.tacobell.com/ca/orangevale/9382-madison-ave.html,ca,orangevale,9382-madison-ave
https://locations.tacobell.com/az/glendale/9380-w--northern-avenue.html,az,glendale,9380-w--northern-avenue
https://locations.tacobell.com/fl/orange-park/938-blanding-blvd.html,fl,orange-park,938-blanding-blvd
https://locations.tacobell.com/ok/oklahoma-city/936-w-sheridan.html,ok,oklahoma-city,936-w-sheridan
https://locations.tacobell.com/or/portland/9350-se-stark-street.html,or,portland,9350-se-stark-street
https://locations.tacobell.com/va/falls-church/935-west-broad-street.html,va,falls-church,935-west-broad-street
https://locations.tacobell.com/al/daleville/935-n-daleville-ave.html,al,daleville,935-n-daleville-ave
https://locations.tacobell.com/fl/jacksonville/9341-atlantic-blvd.html,fl,jacksonville,9341-atlantic-blvd
https://locations.tacobell.com/hi/honolulu/934-valkenburgh-st.html,hi,honolulu,934-valkenburgh-st
https://locations.tacobell.com/mo/blue-springs/934-s-7-highway.html,mo,blue-springs,934-s-7-highway
https://locations.tacobell.com/wa/moses-lake/934-n-stratford-rd.html,wa,moses-lake,934-n-stratford-rd
https://locations.tacobell.com/mo/olivette/9339-olive-blvd.html,mo,olivette,9339-olive-blvd
https://locations.tacobell.com/md/salisbury/932-s--salisbury-blvd-.html,md,salisbury,932-s--salisbury-blvd-
https://locations.tacobell.com/ca/glendale/932-s--central-ave-.html,ca,glendale,932-s--central-ave-
https://locations.tacobell.com/ct/wallingford/932-n-colony-road.html,ct,wallingford,932-n-colony-road
https://locations.tacobell.com/tx/san-antonio/9315-portranco-road.html,tx,san-antonio,9315-portranco-road
https://locations.tacobell.com/az/mesa/9315-e-baseline-road.html,az,mesa,9315-e-baseline-road
https://locations.tacobell.com/md/frederick/931-w-7th-st.html,md,frederick,931-w-7th-st
https://locations.tacobell.com/pa/north-wales/931-n-wales-rd.html,pa,north-wales,931-n-wales-rd
https://locations.tacobell.com/tn/sevierville/931-dolly-parton-prkwy.html,tn,sevierville,931-dolly-parton-prkwy
https://locations.tacobell.com/ky/ashland/9309-u-s--highway-60.html,ky,ashland,9309-u-s--highway-60
https://locations.tacobell.com/ut/sandy/9308-south-700-east.html,ut,sandy,9308-south-700-east
https://locations.tacobell.com/mo/kansas-city/9301-ne-highway-152.html,mo,kansas-city,9301-ne-highway-152
https://locations.tacobell.com/in/charlestown/9301-hwy-403.html,in,charlestown,9301-hwy-403
https://locations.tacobell.com/tx/san-antonio/9300-wurzbach-rd.html,tx,san-antonio,9300-wurzbach-rd
https://locations.tacobell.com/oh/centerville/9300-dayton-lebanon-pike.html,oh,centerville,9300-dayton-lebanon-pike
https://locations.tacobell.com/mo/raymore/930-west-foxwood-drive.html,mo,raymore,930-west-foxwood-drive
https://locations.tacobell.com/ga/atlanta/930-spring-street.html,ga,atlanta,930-spring-street
https://locations.tacobell.com/ca/novato/930-seventh-street.html,ca,novato,930-seventh-street
https://locations.tacobell.com/va/chesapeake/929-battlefield-blvd--n.html,va,chesapeake,929-battlefield-blvd--n
https://locations.tacobell.com/il/orland-hills/9281-159th-st.html,il,orland-hills,9281-159th-st
https://locations.tacobell.com/ga/lawrenceville/928-buford-drive.html,ga,lawrenceville,928-buford-drive
https://locations.tacobell.com/oh/cincinnati/9270-plainfield-rd.html,oh,cincinnati,9270-plainfield-rd
https://locations.tacobell.com/tn/sweetwater/927-highway-68.html,tn,sweetwater,927-highway-68
https://locations.tacobell.com/ca/bishop/926-n-main-street.html,ca,bishop,926-n-main-street
https://locations.tacobell.com/mo/arnold/926-jeffco-blvd.html,mo,arnold,926-jeffco-blvd
https://locations.tacobell.com/sd/brookings/926-25th-ave-.html,sd,brookings,926-25th-ave-
https://locations.tacobell.com/az/peoria/9251-w-union-hills-dr.html,az,peoria,9251-w-union-hills-dr
https://locations.tacobell.com/in/anderson/925-s--scatterfield.html,in,anderson,925-s--scatterfield
https://locations.tacobell.com/ny/webster/925-hard-road.html,ny,webster,925-hard-road
https://locations.tacobell.com/in/tipton/925-east-jefferson.html,in,tipton,925-east-jefferson
https://locations.tacobell.com/tx/brownsville/925-east-fm-802.html,tx,brownsville,925-east-fm-802
https://locations.tacobell.com/ne/kearney/925-2nd-avenue-east.html,ne,kearney,925-2nd-avenue-east
https://locations.tacobell.com/mn/bloomington/9230-lyndale-ave-south.html,mn,bloomington,9230-lyndale-ave-south
https://locations.tacobell.com/ca/roseville/923-pleasant-grove-blvd-.html,ca,roseville,923-pleasant-grove-blvd-
https://locations.tacobell.com/ia/ottumwa/923-north-quincy-ave.html,ia,ottumwa,923-north-quincy-ave
https://locations.tacobell.com/ca/santa-rosa/923-hopper-avenue.html,ca,santa-rosa,923-hopper-avenue
https://locations.tacobell.com/tx/san-antonio/923-bandera-rd-.html,tx,san-antonio,923-bandera-rd-
https://locations.tacobell.com/fl/port-richey/9211-us-19-north.html,fl,port-richey,9211-us-19-north
https://locations.tacobell.com/fl/saint-petersburg/9211-4th-st-north.html,fl,saint-petersburg,9211-4th-st-north
https://locations.tacobell.com/al/montgomery/921-west-south-blvd.html,al,montgomery,921-west-south-blvd
https://locations.tacobell.com/ca/torrance/921-west-sepulveda-blvd.html,ca,torrance,921-west-sepulveda-blvd
https://locations.tacobell.com/ar/fort-smith/9203-highway-71-s.html,ar,fort-smith,9203-highway-71-s
https://locations.tacobell.com/oh/cincinnati/9200-winton-rd.html,oh,cincinnati,9200-winton-rd
https://locations.tacobell.com/co/arvada/9200-ralston-road.html,co,arvada,9200-ralston-road
https://locations.tacobell.com/tx/bryan/920-south-texas-ave.html,tx,bryan,920-south-texas-ave
https://locations.tacobell.com/wi/mukwonago/920-greenwald-court.html,wi,mukwonago,920-greenwald-court
https://locations.tacobell.com/co/brighton/920-bridge-st.html,co,brighton,920-bridge-st
https://locations.tacobell.com/fl/coral-springs/9190-wiles-rd.html,fl,coral-springs,9190-wiles-rd
https://locations.tacobell.com/mn/hopkins/919-cambridge-st.html,mn,hopkins,919-cambridge-st
https://locations.tacobell.com/ca/pico-rivera/9180-whittier-blvd.html,ca,pico-rivera,9180-whittier-blvd
https://locations.tacobell.com/tx/fort-worth/9180-camp-bowie-w.html,tx,fort-worth,9180-camp-bowie-w
https://locations.tacobell.com/ca/san-clemente/918-s-el-camino-real.html,ca,san-clemente,918-s-el-camino-real
https://locations.tacobell.com/hi/ewa-beach/91-763-papipi-rd.html,hi,ewa-beach,91-763-papipi-rd
https://locations.tacobell.com/mi/grand-haven/917-s-beacon.html,mi,grand-haven,917-s-beacon
https://locations.tacobell.com/az/mesa/917-n--dobson-rd-.html,az,mesa,917-n--dobson-rd-
https://locations.tacobell.com/in/wabash/917-n-cass-st.html,in,wabash,917-n-cass-st
https://locations.tacobell.com/in/marion/916-n--baldwin-ave-.html,in,marion,916-n--baldwin-ave-
https://locations.tacobell.com/tx/el-paso/9159-dyer-street.html,tx,el-paso,9159-dyer-street
https://locations.tacobell.com/ca/tracy/915-s--tracy-blvd-.html,ca,tracy,915-s--tracy-blvd-
https://locations.tacobell.com/ut/spanish-fork/915-north-main-street.html,ut,spanish-fork,915-north-main-street
https://locations.tacobell.com/ar/fort-smith/915-north-greenwood.html,ar,fort-smith,915-north-greenwood
https://locations.tacobell.com/or/mcminnville/915-ne-highway-99w.html,or,mcminnville,915-ne-highway-99w
https://locations.tacobell.com/oh/kenton/914-east-columbus-street.html,oh,kenton,914-east-columbus-street
https://locations.tacobell.com/nm/gallup/914-east-66th-avenue.html,nm,gallup,914-east-66th-avenue
https://locations.tacobell.com/ny/olean/913-w--state-street.html,ny,olean,913-w--state-street
https://locations.tacobell.com/mo/ava/913-nw-12th-ave.html,mo,ava,913-nw-12th-ave
https://locations.tacobell.com/ms/biloxi/913-cedar-lake-rd.html,ms,biloxi,913-cedar-lake-rd
https://locations.tacobell.com/in/indianapolis/9120-rockville-road.html,in,indianapolis,9120-rockville-road
https://locations.tacobell.com/az/tempe/912-e-apache-blvd.html,az,tempe,912-e-apache-blvd
https://locations.tacobell.com/tx/college-station/911-william-d-fitch-pkwy.html,tx,college-station,911-william-d-fitch-pkwy
https://locations.tacobell.com/pa/saint-marys/911-south-saint-marys-street.html,pa,saint-marys,911-south-saint-marys-street
https://locations.tacobell.com/tx/el-paso/911-resler-drive.html,tx,el-paso,911-resler-drive
https://locations.tacobell.com/tx/plainview/911-n-i-27.html,tx,plainview,911-n-i-27
https://locations.tacobell.com/sd/watertown/911-fifth-st-se.html,sd,watertown,911-fifth-st-se
https://locations.tacobell.com/tn/memphis/911-estate-dr.html,tn,memphis,911-estate-dr
https://locations.tacobell.com/ky/jeffersontown/9102-taylorsville-rd.html,ky,jeffersontown,9102-taylorsville-rd
https://locations.tacobell.com/mo/saint-joseph/910-francis-street.html,mo,saint-joseph,910-francis-street
https://locations.tacobell.com/ny/rochester/910-elmridge-center-dr.html,ny,rochester,910-elmridge-center-dr
https://locations.tacobell.com/ca/vista/910-east-vista-way.html,ca,vista,910-east-vista-way
https://locations.tacobell.com/ca/palo-alto/910-e--charleston-road.html,ca,palo-alto,910-e--charleston-road
https://locations.tacobell.com/md/waldorf/91-smallwood-drive.html,md,waldorf,91-smallwood-drive
https://locations.tacobell.com/nj/mercerville/91-sloan-ave.html,nj,mercerville,91-sloan-ave
https://locations.tacobell.com/tx/el-paso/91-s-americas-avenue.html,tx,el-paso,91-s-americas-avenue
https://locations.tacobell.com/ok/newcastle/909-nw-32nd-street.html,ok,newcastle,909-nw-32nd-street
https://locations.tacobell.com/pa/richboro/909-2nd-street-pike.html,pa,richboro,909-2nd-street-pike
https://locations.tacobell.com/tx/lampasas/908-south-key-ave.html,tx,lampasas,908-south-key-ave
https://locations.tacobell.com/nj/toms-river/908-highway-37-w.html,nj,toms-river,908-highway-37-w
https://locations.tacobell.com/il/troy/908-edwardsville-road.html,il,troy,908-edwardsville-road
https://locations.tacobell.com/il/olney/908-east-main-street.html,il,olney,908-east-main-street
https://locations.tacobell.com/sc/santee/9075-old-hwy-6.html,sc,santee,9075-old-hwy-6
https://locations.tacobell.com/sc/hartsville/907-s-5th-st.html,sc,hartsville,907-s-5th-st
https://locations.tacobell.com/id/nampa/906-12th-avenue-road.html,id,nampa,906-12th-avenue-road
https://locations.tacobell.com/az/scottsdale/9059-e-indian-bend-rd.html,az,scottsdale,9059-e-indian-bend-rd
https://locations.tacobell.com/ia/atlantic/905-w--seventh-street.html,ia,atlantic,905-w--seventh-street
https://locations.tacobell.com/ky/cynthiana/905-u-s--highway-27-south.html,ky,cynthiana,905-u-s--highway-27-south
https://locations.tacobell.com/tx/mount-pleasant/905-s-jefferson.html,tx,mount-pleasant,905-s-jefferson
https://locations.tacobell.com/ms/columbus/905-alabama-street.html,ms,columbus,905-alabama-street
https://locations.tacobell.com/mo/mountain-view/904-e--us-highway-60.html,mo,mountain-view,904-e--us-highway-60
https://locations.tacobell.com/fl/brandon/904-bloomingdale-rd.html,fl,brandon,904-bloomingdale-rd
https://locations.tacobell.com/fl/south-pasadena/903-pasadena-avenue-south.html,fl,south-pasadena,903-pasadena-avenue-south
https://locations.tacobell.com/oh/wapakoneta/903-apollo-dr.html,oh,wapakoneta,903-apollo-dr
https://locations.tacobell.com/mo/raytown/9021-e--highway-350.html,mo,raytown,9021-e--highway-350
https://locations.tacobell.com/sd/rapid-city/902-e--north-street.html,sd,rapid-city,902-e--north-street
https://locations.tacobell.com/az/phoenix/9019-n-19th-ave-.html,az,phoenix,9019-n-19th-ave-
https://locations.tacobell.com/fl/port-saint-lucie/9016-s-us-highway-1.html,fl,port-saint-lucie,9016-s-us-highway-1
https://locations.tacobell.com/nj/woodbridge/901-st-georges-ave.html,nj,woodbridge,901-st-georges-ave
https://locations.tacobell.com/ok/madill/901-south-1st-street.html,ok,madill,901-south-1st-street
https://locations.tacobell.com/mo/lake-saint-louis/901-robert-raymond-dr-.html,mo,lake-saint-louis,901-robert-raymond-dr-
https://locations.tacobell.com/wa/kennewick/901-north-columbia-center-boulevard.html,wa,kennewick,901-north-columbia-center-boulevard
https://locations.tacobell.com/ok/miami/901-n--main.html,ok,miami,901-n--main
https://locations.tacobell.com/pa/chambersburg/901-lincoln-wy-e.html,pa,chambersburg,901-lincoln-wy-e
https://locations.tacobell.com/ia/iowa-city/901-highway-6-e.html,ia,iowa-city,901-highway-6-e
https://locations.tacobell.com/nc/wilson/901-highway-301.html,nc,wilson,901-highway-301
https://locations.tacobell.com/ca/oakdale/901-east-f-street.html,ca,oakdale,901-east-f-street
https://locations.tacobell.com/mi/grand-blanc/9008-holly-road.html,mi,grand-blanc,9008-holly-road
https://locations.tacobell.com/ak/anchorage/9001-jewel-lake-rd.html,ak,anchorage,9001-jewel-lake-rd
https://locations.tacobell.com/ok/oklahoma-city/9000-ne-23rd-st.html,ok,oklahoma-city,9000-ne-23rd-st
https://locations.tacobell.com/tx/fort-worth/900-west-weatherford-street.html,tx,fort-worth,900-west-weatherford-street
https://locations.tacobell.com/fl/coral-springs/900-n--university-drive.html,fl,coral-springs,900-n--university-drive
https://locations.tacobell.com/la/monroe/900-sterlington-rd.html,la,monroe,900-sterlington-rd
https://locations.tacobell.com/tx/denison/900-s-austin-ave-.html,tx,denison,900-s-austin-ave-
https://locations.tacobell.com/mi/houghton/900-razorback-drive.html,mi,houghton,900-razorback-drive
https://locations.tacobell.com/il/mundelein/900-n--route-83.html,il,mundelein,900-n--route-83
https://locations.tacobell.com/ca/oxnard/900-n-ventura-rd.html,ca,oxnard,900-n-ventura-rd
https://locations.tacobell.com/ar/west-memphis/900-martin-luther-king-dr-.html,ar,west-memphis,900-martin-luther-king-dr-
https://locations.tacobell.com/in/floyds-knobs/900-lafollette-center-north.html,in,floyds-knobs,900-lafollette-center-north
https://locations.tacobell.com/ny/cortland/9-river-street.html,ny,cortland,9-river-street
https://locations.tacobell.com/nh/somersworth/9-commercial-drive.html,nh,somersworth,9-commercial-drive
https://locations.tacobell.com/pa/mercer/9-campbell-blvd.html,pa,mercer,9-campbell-blvd
https://locations.tacobell.com/fl/fort-myers/8389-dani-drive.html,fl,fort-myers,8389-dani-drive
https://locations.tacobell.com/in/daleville/8990-innovative-dr-.html,in,daleville,8990-innovative-dr-
https://locations.tacobell.com/ut/provo/899-s-university-ave.html,ut,provo,899-s-university-ave
https://locations.tacobell.com/ky/columbia/899-jamestown-road.html,ky,columbia,899-jamestown-road
https://locations.tacobell.com/ut/vernal/898-west-hwy-40.html,ut,vernal,898-west-hwy-40
https://locations.tacobell.com/ks/wichita/8979-w-central.html,ks,wichita,8979-w-central
https://locations.tacobell.com/ca/anaheim/8972-katella-ave.html,ca,anaheim,8972-katella-ave
https://locations.tacobell.com/sc/lake-city/896-s-ron-mcnair-blvd.html,sc,lake-city,896-s-ron-mcnair-blvd
https://locations.tacobell.com/ut/roosevelt/895-e-200-n.html,ut,roosevelt,895-e-200-n
https://locations.tacobell.com/tx/cypress/8923-fry-road.html,tx,cypress,8923-fry-road
https://locations.tacobell.com/wi/fond-du-lac/892-east-johnson-street.html,wi,fond-du-lac,892-east-johnson-street
https://locations.tacobell.com/ca/windsor/8900-brooks-rd.html,ca,windsor,8900-brooks-rd
https://locations.tacobell.com/ct/orange/89-boston-post-rd.html,ct,orange,89-boston-post-rd
https://locations.tacobell.com/va/manassas/8891-centreville-road.html,va,manassas,8891-centreville-road
https://locations.tacobell.com/oh/milford/889-state-route-28.html,oh,milford,889-state-route-28
https://locations.tacobell.com/ga/dallas/8876-dallas-acworth-hwy.html,ga,dallas,8876-dallas-acworth-hwy
https://locations.tacobell.com/fl/ocoee/8868-w--colonial-dr.html,fl,ocoee,8868-w--colonial-dr
https://locations.tacobell.com/al/madison/8860-highway-20.html,al,madison,8860-highway-20
https://locations.tacobell.com/az/gilbert/885-west-warner-road.html,az,gilbert,885-west-warner-road
https://locations.tacobell.com/ut/layton/885-n-main-st.html,ut,layton,885-n-main-st
https://locations.tacobell.com/ut/heber-city/884-south-main.html,ut,heber-city,884-south-main
https://locations.tacobell.com/ms/tupelo/884-barnes-crossing-road.html,ms,tupelo,884-barnes-crossing-road
https://locations.tacobell.com/fl/naples/8835-davis-blvd.html,fl,naples,8835-davis-blvd
https://locations.tacobell.com/in/rensselaer/8833-west-state-road-114.html,in,rensselaer,8833-west-state-road-114
https://locations.tacobell.com/tx/el-paso/8830-north-loop-dr-.html,tx,el-paso,8830-north-loop-dr-
https://locations.tacobell.com/ak/anchorage/8825-old-seward-hwy.html,ak,anchorage,8825-old-seward-hwy
https://locations.tacobell.com/ca/orangevale/8823-greenback-lane.html,ca,orangevale,8823-greenback-lane
https://locations.tacobell.com/la/metairie/8817-west-veterans-memorial-blvd.html,la,metairie,8817-west-veterans-memorial-blvd
https://locations.tacobell.com/al/montgomery/8801-eastchase-parkway.html,al,montgomery,8801-eastchase-parkway
https://locations.tacobell.com/tn/collierville/880-w-poplar-ave.html,tn,collierville,880-w-poplar-ave
https://locations.tacobell.com/mo/ozark/880-north-18th-street.html,mo,ozark,880-north-18th-street
https://locations.tacobell.com/pa/ephrata/880-east-main-street.html,pa,ephrata,880-east-main-street
https://locations.tacobell.com/pa/irwin/8775-norwin-ave-.html,pa,irwin,8775-norwin-ave-
https://locations.tacobell.com/ri/warwick/877-bald-hill-rd.html,ri,warwick,877-bald-hill-rd
https://locations.tacobell.com/co/arvada/8760-wadsworth-blvd-.html,co,arvada,8760-wadsworth-blvd-
https://locations.tacobell.com/il/hickory-hills/8760-w-95th-street.html,il,hickory-hills,8760-w-95th-street
https://locations.tacobell.com/mi/birch-run/8750-main-st-.html,mi,birch-run,8750-main-st-
https://locations.tacobell.com/ca/elk-grove/8750-elk-grove-blvd.html,ca,elk-grove,8750-elk-grove-blvd
https://locations.tacobell.com/ma/brockton/875-n-montello-st.html,ma,brockton,875-n-montello-st
https://locations.tacobell.com/mi/traverse-city/873-us-highway-31-s.html,mi,traverse-city,873-us-highway-31-s
https://locations.tacobell.com/va/ruckersville/8726-seminole-trail.html,va,ruckersville,8726-seminole-trail
https://locations.tacobell.com/ca/montclair/8720-central-avenue.html,ca,montclair,8720-central-avenue
https://locations.tacobell.com/nc/asheville/872-brevard-rd.html,nc,asheville,872-brevard-rd
https://locations.tacobell.com/or/beaverton/8715-sw-hall-blvd-.html,or,beaverton,8715-sw-hall-blvd-
https://locations.tacobell.com/fl/navarre/8714-navarre-pkwy.html,fl,navarre,8714-navarre-pkwy
https://locations.tacobell.com/il/peoria/8711-n-knoxville.html,il,peoria,8711-n-knoxville
https://locations.tacobell.com/tn/cordova/871-germantown-pkwy.html,tn,cordova,871-germantown-pkwy
https://locations.tacobell.com/oh/fremont/870-sean-drive.html,oh,fremont,870-sean-drive
https://locations.tacobell.com/fl/miami/8699-sw-24th-st.html,fl,miami,8699-sw-24th-st
https://locations.tacobell.com/co/greenwood-village/8695-e-arapahoe-rd.html,co,greenwood-village,8695-e-arapahoe-rd
https://locations.tacobell.com/fl/largo/8671-ulmerton-rd.html,fl,largo,8671-ulmerton-rd
https://locations.tacobell.com/ca/pismo-beach/867-oak-park-blvd.html,ca,pismo-beach,867-oak-park-blvd
https://locations.tacobell.com/tx/mckinney/8658-highway-121.html,tx,mckinney,8658-highway-121
https://locations.tacobell.com/va/alexandria/8652-richmond-hwy.html,va,alexandria,8652-richmond-hwy
https://locations.tacobell.com/co/frisco/865-summit-blvd-.html,co,frisco,865-summit-blvd-
https://locations.tacobell.com/fl/belle-glade/865-south-main-street.html,fl,belle-glade,865-south-main-street
https://locations.tacobell.com/ny/elmira/865-country-road-64.html,ny,elmira,865-country-road-64
https://locations.tacobell.com/az/phoenix/8645-n--7th-st-.html,az,phoenix,8645-n--7th-st-
https://locations.tacobell.com/ca/stockton/864-w-charter-way.html,ca,stockton,864-w-charter-way
https://locations.tacobell.com/ca/walnut/864-nogales.html,ca,walnut,864-nogales
https://locations.tacobell.com/tx/converse/8630-fm-78.html,tx,converse,8630-fm-78
https://locations.tacobell.com/ny/brooklyn/8625-4th-ave-.html,ny,brooklyn,8625-4th-ave-
https://locations.tacobell.com/mn/cottage-grove/8623-e-point-douglas-rd-s.html,mn,cottage-grove,8623-e-point-douglas-rd-s
https://locations.tacobell.com/md/jessup/8620-washington-blvd.html,md,jessup,8620-washington-blvd
https://locations.tacobell.com/tn/knoxville/8615-walbrook-dr.html,tn,knoxville,8615-walbrook-dr
https://locations.tacobell.com/tx/plano/8613-ohio-drive.html,tx,plano,8613-ohio-drive
https://locations.tacobell.com/ky/louisville/8602-dixie-hwy.html,ky,louisville,8602-dixie-hwy
https://locations.tacobell.com/wi/medford/860-north-8th-street.html,wi,medford,860-north-8th-street
https://locations.tacobell.com/nc/plymouth/860-highway-64-east.html,nc,plymouth,860-highway-64-east
https://locations.tacobell.com/ca/sebastopol/860-gravenstein-hwy-north.html,ca,sebastopol,860-gravenstein-hwy-north
https://locations.tacobell.com/wy/casper/86-se-wyoming-blvd.html,wy,casper,86-se-wyoming-blvd
https://locations.tacobell.com/ct/windsor-locks/86-ella-grasso-turnpike.html,ct,windsor-locks,86-ella-grasso-turnpike
https://locations.tacobell.com/ca/ontario/859-n-mountain-ave.html,ca,ontario,859-n-mountain-ave
https://locations.tacobell.com/oh/youngstown/8585-south-ave.html,oh,youngstown,8585-south-ave
https://locations.tacobell.com/sc/charleston/858-folly-rd.html,sc,charleston,858-folly-rd
https://locations.tacobell.com/az/tucson/8578-east-broadway-blvd.html,az,tucson,8578-east-broadway-blvd
https://locations.tacobell.com/hi/waianae/85-752-farrington-hwy.html,hi,waianae,85-752-farrington-hwy
https://locations.tacobell.com/mn/brooklyn-park/8575-aspen-lane-north.html,mn,brooklyn-park,8575-aspen-lane-north
https://locations.tacobell.com/ks/overland-park/8559-west-135th-st-.html,ks,overland-park,8559-west-135th-st-
https://locations.tacobell.com/ok/owasso/8551-n-owasso-expy.html,ok,owasso,8551-n-owasso-expy
https://locations.tacobell.com/tx/lewisville/855-w-main-st.html,tx,lewisville,855-w-main-st
https://locations.tacobell.com/fl/sarasota/855-south-tamiami-trail.html,fl,sarasota,855-south-tamiami-trail
https://locations.tacobell.com/nc/cameron/855-nc-highway-24-87.html,nc,cameron,855-nc-highway-24-87
https://locations.tacobell.com/ca/orange/8548-east-chapman-avenue.html,ca,orange,8548-east-chapman-avenue
https://locations.tacobell.com/va/staunton/854-statler-blvd.html,va,staunton,854-statler-blvd
https://locations.tacobell.com/mn/brooklyn-park/8530-edinburgh-centre-dr.html,mn,brooklyn-park,8530-edinburgh-centre-dr
https://locations.tacobell.com/ky/florence/8526-us-highway-42.html,ky,florence,8526-us-highway-42
https://locations.tacobell.com/nv/las-vegas/8520-w--warm-springs-road.html,nv,las-vegas,8520-w--warm-springs-road
https://locations.tacobell.com/mi/bad-axe/852-north-van-dyke-road.html,mi,bad-axe,852-north-van-dyke-road
https://locations.tacobell.com/ct/middletown/851-washington-st.html,ct,middletown,851-washington-st
https://locations.tacobell.com/mo/saint-louis/851-n-skinker-blvd.html,mo,saint-louis,851-n-skinker-blvd
https://locations.tacobell.com/co/littleton/8500-w-crestline.html,co,littleton,8500-w-crestline
https://locations.tacobell.com/oh/springboro/850-w-central-ave.html,oh,springboro,850-w-central-ave
https://locations.tacobell.com/co/grand-junction/850-north-ave.html,co,grand-junction,850-north-ave
https://locations.tacobell.com/in/brownsburg/850-n--green-st-.html,in,brownsburg,850-n--green-st-
https://locations.tacobell.com/oh/youngstown/850-n--canfield-niles-rd-.html,oh,youngstown,850-n--canfield-niles-rd-
https://locations.tacobell.com/il/galesburg/850-n-henderson-st.html,il,galesburg,850-n-henderson-st
https://locations.tacobell.com/ca/west-sacramento/850-harbor-blvd.html,ca,west-sacramento,850-harbor-blvd
https://locations.tacobell.com/nh/keene/85-key-rd.html,nh,keene,85-key-rd
https://locations.tacobell.com/nj/wrightstown/85-fort-dix-st.html,nj,wrightstown,85-fort-dix-st
https://locations.tacobell.com/ma/new-bedford/85-coggeshall-st.html,ma,new-bedford,85-coggeshall-st
https://locations.tacobell.com/ny/chester/85-brookside-dr-.html,ny,chester,85-brookside-dr-
https://locations.tacobell.com/in/saint-john/8496-wicker-avenue.html,in,saint-john,8496-wicker-avenue
https://locations.tacobell.com/ca/kings-beach/8491-north-lake-blvd.html,ca,kings-beach,8491-north-lake-blvd
https://locations.tacobell.com/tn/martin/849-university-st.html,tn,martin,849-university-st
https://locations.tacobell.com/ca/arcadia/849-south-baldwin.html,ca,arcadia,849-south-baldwin
https://locations.tacobell.com/in/hobart/8476-e-ridge-rd.html,in,hobart,8476-e-ridge-rd
https://locations.tacobell.com/mn/woodbury/8473-tamarack-road.html,mn,woodbury,8473-tamarack-road
https://locations.tacobell.com/nc/raleigh/8470-louisburg-rd.html,nc,raleigh,8470-louisburg-rd
https://locations.tacobell.com/az/prescott/847-miller-valley-road.html,az,prescott,847-miller-valley-road
https://locations.tacobell.com/nc/lexington/846-winston-road.html,nc,lexington,846-winston-road
https://locations.tacobell.com/tn/ripley/846-hwy-51-n.html,tn,ripley,846-hwy-51-n
https://locations.tacobell.com/mn/eden-prairie/8450-joiner-way.html,mn,eden-prairie,8450-joiner-way
https://locations.tacobell.com/or/canby/845-sw-1st-avenue.html,or,canby,845-sw-1st-avenue
https://locations.tacobell.com/oh/columbus/8440-n-high-st.html,oh,columbus,8440-n-high-st
https://locations.tacobell.com/ca/los-angeles/8440-beverly-blvd-.html,ca,los-angeles,8440-beverly-blvd-
https://locations.tacobell.com/ca/granite-bay/8433-sierra-college-blvd.html,ca,granite-bay,8433-sierra-college-blvd
https://locations.tacobell.com/sc/north-charleston/8430-dorchester-road.html,sc,north-charleston,8430-dorchester-road
https://locations.tacobell.com/md/college-park/8428-baltimore-ave-.html,md,college-park,8428-baltimore-ave-
https://locations.tacobell.com/va/vienna/8419-old-court-house-road.html,va,vienna,8419-old-court-house-road
https://locations.tacobell.com/va/norfolk/8411-hampton-blvd.html,va,norfolk,8411-hampton-blvd
https://locations.tacobell.com/tx/dallas/8407-s-lancaster-rd.html,tx,dallas,8407-s-lancaster-rd
https://locations.tacobell.com/fl/sarasota/8405-lockwood-ridge.html,fl,sarasota,8405-lockwood-ridge
https://locations.tacobell.com/co/thornton/8401-washington-st.html,co,thornton,8401-washington-st
https://locations.tacobell.com/wa/lakewood/8401-s--tacoma-way.html,wa,lakewood,8401-s--tacoma-way
https://locations.tacobell.com/wa/mukilteo/8401-mukilteo-speedway.html,wa,mukilteo,8401-mukilteo-speedway
https://locations.tacobell.com/ca/san-jose/840-s-bascom-ave-.html,ca,san-jose,840-s-bascom-ave-
https://locations.tacobell.com/ca/gonzales/840-fifth-street.html,ca,gonzales,840-fifth-street
https://locations.tacobell.com/mo/cassville/84-south-main-street.html,mo,cassville,84-south-main-street
https://locations.tacobell.com/ct/danbury/84-newtown-rd.html,ct,danbury,84-newtown-rd
https://locations.tacobell.com/ok/oklahoma-city/8390-nw-expressway-st.html,ok,oklahoma-city,8390-nw-expressway-st
https://locations.tacobell.com/ca/san-diego/8389-mira-mesa-blvd.html,ca,san-diego,8389-mira-mesa-blvd
https://locations.tacobell.com/tx/north-richland-hills/8389-grapevine-hwy.html,tx,north-richland-hills,8389-grapevine-hwy
https://locations.tacobell.com/nm/gallup/838-n-highway-491.html,nm,gallup,838-n-highway-491
https://locations.tacobell.com/il/jacksonville/837-w-morton.html,il,jacksonville,837-w-morton
https://locations.tacobell.com/ut/payson/837-turf-farm-rd-.html,ut,payson,837-turf-farm-rd-
https://locations.tacobell.com/fl/miami/8363-w-flagler-street.html,fl,miami,8363-w-flagler-street
https://locations.tacobell.com/tn/maryville/836-foothills-mall-dr.html,tn,maryville,836-foothills-mall-dr
https://locations.tacobell.com/fl/west-palm-beach/836-belvedere-road.html,fl,west-palm-beach,836-belvedere-road
https://locations.tacobell.com/ar/sherwood/8350-warden-road.html,ar,sherwood,8350-warden-road
https://locations.tacobell.com/tx/bridge-city/835-texas-ave.html,tx,bridge-city,835-texas-ave
https://locations.tacobell.com/mi/paw-paw/835-s-kalamazoo-st.html,mi,paw-paw,835-s-kalamazoo-st
https://locations.tacobell.com/tx/granbury/835-east-highway-377.html,tx,granbury,835-east-highway-377
https://locations.tacobell.com/oh/marysville/835-delaware-ave.html,oh,marysville,835-delaware-ave
https://locations.tacobell.com/fl/bradenton/8347-sr-64-east.html,fl,bradenton,8347-sr-64-east
https://locations.tacobell.com/fl/jacksonville/8331-baymeadows-rd.html,fl,jacksonville,8331-baymeadows-rd
https://locations.tacobell.com/ca/spring-valley/8330-paradise-valley-rd.html,ca,spring-valley,8330-paradise-valley-rd
https://locations.tacobell.com/ar/mountain-home/833-highway-62-e.html,ar,mountain-home,833-highway-62-e
https://locations.tacobell.com/il/skokie/8329-skokie-blvd.html,il,skokie,8329-skokie-blvd
https://locations.tacobell.com/il/west-frankfort/832-factory-outlet-dr-.html,il,west-frankfort,832-factory-outlet-dr-
https://locations.tacobell.com/la/chalmette/8317-w--judge-perez.html,la,chalmette,8317-w--judge-perez
https://locations.tacobell.com/ca/coachella/83-157-avenue-48.html,ca,coachella,83-157-avenue-48
https://locations.tacobell.com/md/parkville/8311-harford-road.html,md,parkville,8311-harford-road
https://locations.tacobell.com/ms/gulfport/831-cowan-rd-.html,ms,gulfport,831-cowan-rd-
https://locations.tacobell.com/az/peoria/8301-w-peoria-ave.html,az,peoria,8301-w-peoria-ave
https://locations.tacobell.com/wa/vancouver/8300-ne-vancouver-plaza-dr.html,wa,vancouver,8300-ne-vancouver-plaza-dr
https://locations.tacobell.com/wa/longview/830-ocean-beach-hwy.html,wa,longview,830-ocean-beach-hwy
https://locations.tacobell.com/ga/mcdonough/830-hwy-81-e.html,ga,mcdonough,830-hwy-81-e
https://locations.tacobell.com/ca/clovis/830-herndon-avenue.html,ca,clovis,830-herndon-avenue
https://locations.tacobell.com/pa/clarion/83-perkins-rd.html,pa,clarion,83-perkins-rd
https://locations.tacobell.com/mo/eureka/83-hilltop-village-center-dr.html,mo,eureka,83-hilltop-village-center-dr
https://locations.tacobell.com/mo/saint-clair/8299-highway-47.html,mo,saint-clair,8299-highway-47
https://locations.tacobell.com/ga/warner-robins/829-russell-pkwy.html,ga,warner-robins,829-russell-pkwy
https://locations.tacobell.com/mo/monett/829-e-highway-60.html,mo,monett,829-e-highway-60
https://locations.tacobell.com/tx/san-antonio/8288-marbach-rd.html,tx,san-antonio,8288-marbach-rd
https://locations.tacobell.com/al/saraland/827-hwy-43-s.html,al,saraland,827-hwy-43-s
https://locations.tacobell.com/wi/oak-creek/8261-s--howell-ave-.html,wi,oak-creek,8261-s--howell-ave-
https://locations.tacobell.com/tn/memphis/826-s-third.html,tn,memphis,826-s-third
https://locations.tacobell.com/il/quincy/826-broadway.html,il,quincy,826-broadway
https://locations.tacobell.com/ca/van-nuys/8256-orion-ave.html,ca,van-nuys,8256-orion-ave
https://locations.tacobell.com/or/wilsonville/8251-sw-wilsonville-rd.html,or,wilsonville,8251-sw-wilsonville-rd
https://locations.tacobell.com/ca/north-hollywood/8250-laurel-canyon-blvd.html,ca,north-hollywood,8250-laurel-canyon-blvd
https://locations.tacobell.com/il/melrose-park/825-w-north-ave.html,il,melrose-park,825-w-north-ave
https://locations.tacobell.com/wa/spokane/825-w-3rd-ave.html,wa,spokane,825-w-3rd-ave
https://locations.tacobell.com/pa/pittsburgh/825-freeport-rd-.html,pa,pittsburgh,825-freeport-rd-
https://locations.tacobell.com/pa/middletown/825-eisenhower-blvd.html,pa,middletown,825-eisenhower-blvd
https://locations.tacobell.com/ca/modesto/825-9th-street.html,ca,modesto,825-9th-street
https://locations.tacobell.com/fl/new-port-richey/8242-little-road.html,fl,new-port-richey,8242-little-road
https://locations.tacobell.com/la/new-iberia/824-e--admiral-doyle-drive.html,la,new-iberia,824-e--admiral-doyle-drive
https://locations.tacobell.com/va/williamsburg/823-east-rochambeau-drive.html,va,williamsburg,823-east-rochambeau-drive
https://locations.tacobell.com/pa/dickson-city/823-commerce-blvd.html,pa,dickson-city,823-commerce-blvd
https://locations.tacobell.com/co/englewood/8220-s--quebec.html,co,englewood,8220-s--quebec
https://locations.tacobell.com/ca/canoga-park/8220-de-soto-ave.html,ca,canoga-park,8220-de-soto-ave
https://locations.tacobell.com/mo/kansas-city/8215-wornall-rd.html,mo,kansas-city,8215-wornall-rd
https://locations.tacobell.com/tn/nashville/8211-highway-100.html,tn,nashville,8211-highway-100
https://locations.tacobell.com/oh/hartville/821-west-maple-street.html,oh,hartville,821-west-maple-street
https://locations.tacobell.com/tx/burleson/821-sw-wilshire-blvd-.html,tx,burleson,821-sw-wilshire-blvd-
https://locations.tacobell.com/ok/stillwater/821-n-perkins.html,ok,stillwater,821-n-perkins
https://locations.tacobell.com/ca/santa-barbara/821-n-milpas-street.html,ca,santa-barbara,821-n-milpas-street
https://locations.tacobell.com/sc/mount-pleasant/821-coleman-blvd.html,sc,mount-pleasant,821-coleman-blvd
https://locations.tacobell.com/mi/battle-creek/821-capitol-avenue-s-w-.html,mi,battle-creek,821-capitol-avenue-s-w-
https://locations.tacobell.com/oh/huber-heights/8201-center-point-70-blvd.html,oh,huber-heights,8201-center-point-70-blvd
https://locations.tacobell.com/ar/greenwood/820-west-center.html,ar,greenwood,820-west-center
https://locations.tacobell.com/mi/grand-ledge/820-torch-street.html,mi,grand-ledge,820-torch-street
https://locations.tacobell.com/ma/auburn/820-southbridge-st-.html,ma,auburn,820-southbridge-st-
https://locations.tacobell.com/mo/sedalia/820-s-highway-65.html,mo,sedalia,820-s-highway-65
https://locations.tacobell.com/va/charlottesville/820-gardens-blvd.html,va,charlottesville,820-gardens-blvd
https://locations.tacobell.com/oh/cincinnati/820-eastgate-south-dr.html,oh,cincinnati,820-eastgate-south-dr
https://locations.tacobell.com/oh/hamilton/819-high-street.html,oh,hamilton,819-high-street
https://locations.tacobell.com/or/portland/8181-johnson-creek-blvd-se.html,or,portland,8181-johnson-creek-blvd-se
https://locations.tacobell.com/ca/elk-grove/8170-sheldon-road.html,ca,elk-grove,8170-sheldon-road
https://locations.tacobell.com/tx/colleyville/8170-precinct-line-road.html,tx,colleyville,8170-precinct-line-road
https://locations.tacobell.com/ca/sacramento/8170-gerber-rd.html,ca,sacramento,8170-gerber-rd
https://locations.tacobell.com/co/littleton/8164-s--kipling-parkway.html,co,littleton,8164-s--kipling-parkway
https://locations.tacobell.com/mi/newaygo/8161-south-mason-street.html,mi,newaygo,8161-south-mason-street
https://locations.tacobell.com/mi/traverse-city/720-e-front-st.html,mi,traverse-city,720-e-front-st
https://locations.tacobell.com/oh/huber-heights/8158-old-troy-pike.html,oh,huber-heights,8158-old-troy-pike
https://locations.tacobell.com/oh/cincinnati/8157-beechmont-ave.html,oh,cincinnati,8157-beechmont-ave
https://locations.tacobell.com/nv/las-vegas/8150-blue-diamond-rd.html,nv,las-vegas,8150-blue-diamond-rd
https://locations.tacobell.com/nd/west-fargo/815-23rd-ave-east.html,nd,west-fargo,815-23rd-ave-east
https://locations.tacobell.com/va/lynchburg/8131-timberlake-road.html,va,lynchburg,8131-timberlake-road
https://locations.tacobell.com/ga/jonesboro/8127-tara-blvd.html,ga,jonesboro,8127-tara-blvd
https://locations.tacobell.com/oh/west-chester/8126-princeton-glendale-rd.html,oh,west-chester,8126-princeton-glendale-rd
https://locations.tacobell.com/sd/sioux-falls/812-s-minnesota-ave.html,sd,sioux-falls,812-s-minnesota-ave
https://locations.tacobell.com/va/covington/812-e--madison-street.html,va,covington,812-e--madison-street
https://locations.tacobell.com/ca/hilmar/8119-lander-ave.html,ca,hilmar,8119-lander-ave
https://locations.tacobell.com/in/sellersburg/8111-highway-311.html,in,sellersburg,8111-highway-311
https://locations.tacobell.com/tx/arlington/8110-matlock-rd.html,tx,arlington,8110-matlock-rd
https://locations.tacobell.com/md/baltimore/8110-liberty-rd.html,md,baltimore,8110-liberty-rd
https://locations.tacobell.com/ny/clifton-park/813-route-146.html,ny,clifton-park,813-route-146
https://locations.tacobell.com/ca/sunnyvale/811-kifer-road.html,ca,sunnyvale,811-kifer-road
https://locations.tacobell.com/ok/tulsa/8109-e-74th-pl-.html,ok,tulsa,8109-e-74th-pl-
https://locations.tacobell.com/id/garden-city/8109-chinden-blvd.html,id,garden-city,8109-chinden-blvd
https://locations.tacobell.com/ar/little-rock/8108-geyer-springs-rd.html,ar,little-rock,8108-geyer-springs-rd
https://locations.tacobell.com/mo/lebanon/810-s-jefferson-ave-.html,mo,lebanon,810-s-jefferson-ave-
https://locations.tacobell.com/ca/anaheim/810-n-euclid.html,ca,anaheim,810-n-euclid
https://locations.tacobell.com/mo/potosi/810-east-high-street.html,mo,potosi,810-east-high-street
https://locations.tacobell.com/ne/south-sioux-city/810-dakota-ave.html,ne,south-sioux-city,810-dakota-ave
https://locations.tacobell.com/ny/geneva/810-canandaigua-road.html,ny,geneva,810-canandaigua-road
https://locations.tacobell.com/ny/amityville/810-broadway.html,ny,amityville,810-broadway
https://locations.tacobell.com/ca/milpitas/81-ranch-drive.html,ca,milpitas,81-ranch-drive
https://locations.tacobell.com/in/newburgh/8099-w-state-route-66.html,in,newburgh,8099-w-state-route-66
https://locations.tacobell.com/md/pasadena/8099-edwin-raynor-blvd.html,md,pasadena,8099-edwin-raynor-blvd
https://locations.tacobell.com/ny/liverpool/8095-oswego-rd.html,ny,liverpool,8095-oswego-rd
https://locations.tacobell.com/md/easton/8091-ocean-gateway.html,md,easton,8091-ocean-gateway
https://locations.tacobell.com/ga/fitzgerald/809-south-grant-street.html,ga,fitzgerald,809-south-grant-street
https://locations.tacobell.com/fl/pensacola/8088-n-davis-hwy.html,fl,pensacola,8088-n-davis-hwy
https://locations.tacobell.com/az/tucson/8084-north-cortaro-road.html,az,tucson,8084-north-cortaro-road
https://locations.tacobell.com/md/millersville/8081-veterans-highway.html,md,millersville,8081-veterans-highway
https://locations.tacobell.com/in/avon/8080-e-us-highway-36.html,in,avon,8080-e-us-highway-36
https://locations.tacobell.com/fl/starke/808-s-walnut-st.html,fl,starke,808-s-walnut-st
https://locations.tacobell.com/oh/columbus/808-s-high-st.html,oh,columbus,808-s-high-st
https://locations.tacobell.com/me/presque-isle/808-main-st.html,me,presque-isle,808-main-st
https://locations.tacobell.com/tn/newport/808-cosby-hwy.html,tn,newport,808-cosby-hwy
https://locations.tacobell.com/ca/sacramento/8071-elk-grove-florin-rd.html,ca,sacramento,8071-elk-grove-florin-rd
https://locations.tacobell.com/pa/west-view/807-west-view-drive.html,pa,west-view,807-west-view-drive
https://locations.tacobell.com/tx/corsicana/807-west-seventh.html,tx,corsicana,807-west-seventh
https://locations.tacobell.com/wa/deer-park/807-s-main-ave.html,wa,deer-park,807-s-main-ave
https://locations.tacobell.com/ms/columbia/807-highway-98.html,ms,columbia,807-highway-98
https://locations.tacobell.com/mo/richmond/806-slumber-lane.html,mo,richmond,806-slumber-lane
https://locations.tacobell.com/mo/festus/806-lee-ave.html,mo,festus,806-lee-ave
https://locations.tacobell.com/pa/erie/8056-perry-highway.html,pa,erie,8056-perry-highway
https://locations.tacobell.com/ga/lithonia/8056-mall-parkway.html,ga,lithonia,8056-mall-parkway
https://locations.tacobell.com/mi/mason/805-n-cedar-st.html,mi,mason,805-n-cedar-st
https://locations.tacobell.com/il/winnebago/805-cannell-puri-court.html,il,winnebago,805-cannell-puri-court
https://locations.tacobell.com/ca/antelope/8045-watt-ave.html,ca,antelope,8045-watt-ave
https://locations.tacobell.com/nv/las-vegas/8043-north-durango.html,nv,las-vegas,8043-north-durango
https://locations.tacobell.com/ca/garden-grove/8042-garden-grove.html,ca,garden-grove,8042-garden-grove
https://locations.tacobell.com/wi/kenosha/8040-sheridan-rd.html,wi,kenosha,8040-sheridan-rd
https://locations.tacobell.com/tx/san-antonio/8040-pat-booker.html,tx,san-antonio,8040-pat-booker
https://locations.tacobell.com/va/ashland/804-england-street.html,va,ashland,804-england-street
https://locations.tacobell.com/ar/brookland/8039-hwy-49-north.html,ar,brookland,8039-hwy-49-north
https://locations.tacobell.com/tn/memphis/8033-hwy-64.html,tn,memphis,8033-hwy-64
https://locations.tacobell.com/wi/milwaukee/8030-w-brown-deer-road.html,wi,milwaukee,8030-w-brown-deer-road
https://locations.tacobell.com/mi/saginaw/8030-gratiot-rd-.html,mi,saginaw,8030-gratiot-rd-
https://locations.tacobell.com/wi/sparta/802-west-wisconsin.html,wi,sparta,802-west-wisconsin
https://locations.tacobell.com/ky/leitchfield/802-south-main-street.html,ky,leitchfield,802-south-main-street
https://locations.tacobell.com/ne/la-vista/8013-south-84th-street.html,ne,la-vista,8013-south-84th-street
https://locations.tacobell.com/ar/white-hall/8011-sheridan-road.html,ar,white-hall,8011-sheridan-road
https://locations.tacobell.com/il/lake-zurich/801-w-main-st.html,il,lake-zurich,801-w-main-st
https://locations.tacobell.com/mi/jackson/801-w-ganson-street.html,mi,jackson,801-w-ganson-street
https://locations.tacobell.com/in/greenwood/801-us-31-north.html,in,greenwood,801-us-31-north
https://locations.tacobell.com/mi/caro/801-s-state.html,mi,caro,801-s-state
https://locations.tacobell.com/tx/irving/801-s-belt-line-rd-.html,tx,irving,801-s-belt-line-rd-
https://locations.tacobell.com/nc/burgaw/801-nc-highway-53-east.html,nc,burgaw,801-nc-highway-53-east
https://locations.tacobell.com/va/charlottesville/801-emmet-st--n-.html,va,charlottesville,801-emmet-st--n-
https://locations.tacobell.com/oh/west-carrollton/801-e-central-ave.html,oh,west-carrollton,801-e-central-ave
https://locations.tacobell.com/ca/atwater/801-bellevue-road.html,ca,atwater,801-bellevue-road
https://locations.tacobell.com/fl/hialeah-gardens/8001-nw-95th-street.html,fl,hialeah-gardens,8001-nw-95th-street
https://locations.tacobell.com/tx/dallas/8001-forest-lane.html,tx,dallas,8001-forest-lane
https://locations.tacobell.com/ks/overland-park/8000-w--151st-st-.html,ks,overland-park,8000-w--151st-st-
https://locations.tacobell.com/ca/fillmore/800-w-ventura-st.html,ca,fillmore,800-w-ventura-st
https://locations.tacobell.com/tx/decatur/800-w-business-380.html,tx,decatur,800-w-business-380
https://locations.tacobell.com/nd/bismarck/800-south-washington.html,nd,bismarck,800-south-washington
https://locations.tacobell.com/oh/middletown/800-s-breiel-blvd.html,oh,middletown,800-s-breiel-blvd
https://locations.tacobell.com/az/williams/800-n--grand-canyon-boulevard.html,az,williams,800-n--grand-canyon-boulevard
https://locations.tacobell.com/sc/spartanburg/800-n-pine-st.html,sc,spartanburg,800-n-pine-st
https://locations.tacobell.com/ky/campbellsville/800-e-broadway-st.html,ky,campbellsville,800-e-broadway-st
https://locations.tacobell.com/ca/azusa/800-e-alosta.html,ca,azusa,800-e-alosta
https://locations.tacobell.com/az/green-valley/80-w-duval-mine-rd.html,az,green-valley,80-w-duval-mine-rd
https://locations.tacobell.com/ma/gardner/8-pearson-blvd.html,ma,gardner,8-pearson-blvd
https://locations.tacobell.com/nj/neptune/8-highway-35-n.html,nj,neptune,8-highway-35-n
https://locations.tacobell.com/ok/bixby/7980-south-111th-street-south.html,ok,bixby,7980-south-111th-street-south
https://locations.tacobell.com/va/marion/798-n--main-street.html,va,marion,798-n--main-street
https://locations.tacobell.com/la/belle-chasse/7976-highway-23.html,la,belle-chasse,7976-highway-23
https://locations.tacobell.com/ca/san-leandro/797-marina-blvd.html,ca,san-leandro,797-marina-blvd
https://locations.tacobell.com/ca/san-bernardino/797-2nd-street.html,ca,san-bernardino,797-2nd-street
https://locations.tacobell.com/tn/memphis/7964-windchester-road.html,tn,memphis,7964-windchester-road
https://locations.tacobell.com/oh/columbus/7960-worthington-galena-road.html,oh,columbus,7960-worthington-galena-road
https://locations.tacobell.com/al/albertville/7959-us-highway-431.html,al,albertville,7959-us-highway-431
https://locations.tacobell.com/oh/coshocton/795-s--2nd-st-.html,oh,coshocton,795-s--2nd-st-
https://locations.tacobell.com/ia/mason-city/795-4th-st-sw.html,ia,mason-city,795-4th-st-sw
https://locations.tacobell.com/in/munster/7949-calumet-ave.html,in,munster,7949-calumet-ave
https://locations.tacobell.com/ca/riverside/7940-limonite.html,ca,riverside,7940-limonite
https://locations.tacobell.com/al/madison/7940-highway-72-west.html,al,madison,7940-highway-72-west
https://locations.tacobell.com/md/baltimore/7933-belair-road.html,md,baltimore,7933-belair-road
https://locations.tacobell.com/fl/ocala/7919-sw-highway-200.html,fl,ocala,7919-sw-highway-200
https://locations.tacobell.com/az/tucson/7915-n-oracle-rd.html,az,tucson,7915-n-oracle-rd
https://locations.tacobell.com/co/littleton/7911-s-broadway.html,co,littleton,7911-s-broadway
https://locations.tacobell.com/ga/fairburn/7910-senoia-road.html,ga,fairburn,7910-senoia-road
https://locations.tacobell.com/ar/fort-smith/7910-rogers-ave.html,ar,fort-smith,7910-rogers-ave
https://locations.tacobell.com/ca/newbury-park/791-n-wendy-dr.html,ca,newbury-park,791-n-wendy-dr
https://locations.tacobell.com/tx/victoria/7902-north-navarro-st.html,tx,victoria,7902-north-navarro-st
https://locations.tacobell.com/mo/belton/7901-east-171st-street.html,mo,belton,7901-east-171st-street
https://locations.tacobell.com/ca/port-hueneme/790-n-ventura.html,ca,port-hueneme,790-n-ventura
https://locations.tacobell.com/ma/lawrence/79-winthrop-avenue.html,ma,lawrence,79-winthrop-avenue
https://locations.tacobell.com/ca/la-quinta/78932-highway-111.html,ca,la-quinta,78932-highway-111
https://locations.tacobell.com/fl/windermere/7970-winter-garden-vineland-rd.html,fl,windermere,7970-winter-garden-vineland-rd
https://locations.tacobell.com/ca/buena-park/7878-valley-view-st.html,ca,buena-park,7878-valley-view-st
https://locations.tacobell.com/ga/adairsville/7867-adairsville-hwy.html,ga,adairsville,7867-adairsville-hwy
https://locations.tacobell.com/tn/germantown/7858-wolf-river-blvd-.html,tn,germantown,7858-wolf-river-blvd-
https://locations.tacobell.com/il/chicago/7856-s--stoney-island-ave.html,il,chicago,7856-s--stoney-island-ave
https://locations.tacobell.com/ca/sunland/7856-foothill-blvd.html,ca,sunland,7856-foothill-blvd
https://locations.tacobell.com/pa/philadelphia/7855-oxford-ave.html,pa,philadelphia,7855-oxford-ave
https://locations.tacobell.com/fl/orlando/7853-colonial-drive.html,fl,orlando,7853-colonial-drive
https://locations.tacobell.com/fl/melbourne/7850-wickham-road.html,fl,melbourne,7850-wickham-road
https://locations.tacobell.com/ca/san-jacinto/785-north-ramona-blvd.html,ca,san-jacinto,785-north-ramona-blvd
https://locations.tacobell.com/fl/hialeah/785-east-9th-street.html,fl,hialeah,785-east-9th-street
https://locations.tacobell.com/ri/coventry/784-tiogue-ave.html,ri,coventry,784-tiogue-ave
https://locations.tacobell.com/az/prescott-valley/7820-e-state-route-69.html,az,prescott-valley,7820-e-state-route-69
https://locations.tacobell.com/md/dundalk/7815-wise-avenue.html,md,dundalk,7815-wise-avenue
https://locations.tacobell.com/ca/brentwood/7814-brentwood-blvd.html,ca,brentwood,7814-brentwood-blvd
https://locations.tacobell.com/ok/tulsa/7804-e-admiral-place.html,ok,tulsa,7804-e-admiral-place
https://locations.tacobell.com/ky/lebanon/780-w--main-street.html,ky,lebanon,780-w--main-street
https://locations.tacobell.com/ma/north-dartmouth/78-n-dartmouth-mall.html,ma,north-dartmouth,78-n-dartmouth-mall
https://locations.tacobell.com/az/glendale/7795-north-59th-ave-.html,az,glendale,7795-north-59th-ave-
https://locations.tacobell.com/tx/austin/7793-burnet-road.html,tx,austin,7793-burnet-road
https://locations.tacobell.com/va/manassas/7791-sudley-rd.html,va,manassas,7791-sudley-rd
https://locations.tacobell.com/ca/fresno/7785-n--1st-st-.html,ca,fresno,7785-n--1st-st-
https://locations.tacobell.com/fl/kissimmee/7784-w-irlo-bronson-mem-pkwy.html,fl,kissimmee,7784-w-irlo-bronson-mem-pkwy
https://locations.tacobell.com/mo/washington/777-washington-square-shoping-cntr.html,mo,washington,777-washington-square-shoping-cntr
https://locations.tacobell.com/ca/west-sacramento/776-ikea-court.html,ca,west-sacramento,776-ikea-court
https://locations.tacobell.com/oh/west-chester/7757-tylersville-rd.html,oh,west-chester,7757-tylersville-rd
https://locations.tacobell.com/ut/cedar-city/775-west-200-north.html,ut,cedar-city,775-west-200-north
https://locations.tacobell.com/mo/hazelwood/7747-n-lindbergh-blvd-.html,mo,hazelwood,7747-n-lindbergh-blvd-
https://locations.tacobell.com/fl/miami/7745-sw-40th-street.html,fl,miami,7745-sw-40th-street
https://locations.tacobell.com/mn/richfield/7740-2nd-ave-south.html,mn,richfield,7740-2nd-ave-south
https://locations.tacobell.com/ca/milpitas/774-s-main-st.html,ca,milpitas,774-s-main-st
https://locations.tacobell.com/co/eagle/774-chambers-avenue-.html,co,eagle,774-chambers-avenue-
https://locations.tacobell.com/ca/citrus-heights/7730-sunrise-blvd-.html,ca,citrus-heights,7730-sunrise-blvd-
https://locations.tacobell.com/va/appomattox/7730-richmond-highway.html,va,appomattox,7730-richmond-highway
https://locations.tacobell.com/al/mobile/7730-airport-blvd.html,al,mobile,7730-airport-blvd
https://locations.tacobell.com/ny/smithtown/773-smithtown-bypass.html,ny,smithtown,773-smithtown-bypass
https://locations.tacobell.com/ma/marlborough/773-boston-post-road-east.html,ma,marlborough,773-boston-post-road-east
https://locations.tacobell.com/nv/las-vegas/7715-w--sahara-ave-.html,nv,las-vegas,7715-w--sahara-ave-
https://locations.tacobell.com/mn/apple-valley/7715-150th-street-west.html,mn,apple-valley,7715-150th-street-west
https://locations.tacobell.com/az/glendale/7714-west-bell-road.html,az,glendale,7714-west-bell-road
https://locations.tacobell.com/or/portland/7710-sw-barbur-blvd.html,or,portland,7710-sw-barbur-blvd
https://locations.tacobell.com/ne/papillion/7710-olson-drive.html,ne,papillion,7710-olson-drive
https://locations.tacobell.com/ca/santa-rosa/771-stony-point-rd.html,ca,santa-rosa,771-stony-point-rd
https://locations.tacobell.com/nm/las-cruces/770-walnut-street.html,nm,las-cruces,770-walnut-street
https://locations.tacobell.com/wv/wheeling/770-national-road.html,wv,wheeling,770-national-road
https://locations.tacobell.com/ak/fairbanks/87-college-rd.html,ak,fairbanks,87-college-rd
https://locations.tacobell.com/sc/spartanburg/7680-warren-h-abernathy-hwy.html,sc,spartanburg,7680-warren-h-abernathy-hwy
https://locations.tacobell.com/in/fishers/7680-e--96th-st-.html,in,fishers,7680-e--96th-st-
https://locations.tacobell.com/ca/covina/768-arrow-hwy.html,ca,covina,768-arrow-hwy
https://locations.tacobell.com/il/hanover-park/7660-barrington-road.html,il,hanover-park,7660-barrington-road
https://locations.tacobell.com/in/indianapolis/7650-brookville-road.html,in,indianapolis,7650-brookville-road
https://locations.tacobell.com/nc/fayetteville/7647-s-raeford-rd.html,nc,fayetteville,7647-s-raeford-rd
https://locations.tacobell.com/fl/jacksonville/7637-lem-turner-road.html,fl,jacksonville,7637-lem-turner-road
https://locations.tacobell.com/fl/tamarac/7625-w-commercial-blvd.html,fl,tamarac,7625-w-commercial-blvd
https://locations.tacobell.com/md/upper-marlboro/7622-osborne-rd.html,md,upper-marlboro,7622-osborne-rd
https://locations.tacobell.com/fl/tampa/7620-west-hillsborough-avenue.html,fl,tampa,7620-west-hillsborough-avenue
https://locations.tacobell.com/va/gainesville/7620-linton-hall-rd.html,va,gainesville,7620-linton-hall-rd
https://locations.tacobell.com/ky/florence/7619-mall-rd.html,ky,florence,7619-mall-rd
https://locations.tacobell.com/fl/ocala/7610-s-e--maricamp-road.html,fl,ocala,7610-s-e--maricamp-road
https://locations.tacobell.com/ar/west-helena/761-north-sebastian-street.html,ar,west-helena,761-north-sebastian-street
https://locations.tacobell.com/il/palos-hills/7601-w-111th-st.html,il,palos-hills,7601-w-111th-st
https://locations.tacobell.com/fl/orlando/7601-s--orange-blossom-trail.html,fl,orlando,7601-s--orange-blossom-trail
https://locations.tacobell.com/ct/meriden/760-e-main-st-.html,ct,meriden,760-e-main-st-
https://locations.tacobell.com/il/belleville/760-carlyle-ave.html,il,belleville,760-carlyle-ave
https://locations.tacobell.com/il/romeoville/76-s--weber-rd-.html,il,romeoville,76-s--weber-rd-
https://locations.tacobell.com/ca/sacramento/7590-la-riviera-drive.html,ca,sacramento,7590-la-riviera-drive
https://locations.tacobell.com/al/lincoln/75835-highway-77.html,al,lincoln,75835-highway-77
https://locations.tacobell.com/tn/bartlett/7571-us-highway-70.html,tn,bartlett,7571-us-highway-70
https://locations.tacobell.com/ca/chico/757-east-avenue.html,ca,chico,757-east-avenue
https://locations.tacobell.com/tx/hurst/756-w-pipeline-rd.html,tx,hurst,756-w-pipeline-rd
https://locations.tacobell.com/me/windham/755-roosevelt-trail.html,me,windham,755-roosevelt-trail
https://locations.tacobell.com/ny/poughkeepsie/755-main-street.html,ny,poughkeepsie,755-main-street
https://locations.tacobell.com/ca/canoga-park/7545-fallbrook-ave.html,ca,canoga-park,7545-fallbrook-ave
https://locations.tacobell.com/az/peoria/7541-w-thunderbird-road.html,az,peoria,7541-w-thunderbird-road
https://locations.tacobell.com/la/baton-rouge/7541-perkins-rd.html,la,baton-rouge,7541-perkins-rd
https://locations.tacobell.com/il/niles/7535-n-harlem-ave.html,il,niles,7535-n-harlem-ave
https://locations.tacobell.com/oh/strasburg/7532-state-route-250-sw.html,oh,strasburg,7532-state-route-250-sw
https://locations.tacobell.com/il/decatur/753-pershing-road.html,il,decatur,753-pershing-road
https://locations.tacobell.com/sc/columbia/7526-garners-ferry-rd.html,sc,columbia,7526-garners-ferry-rd
https://locations.tacobell.com/ne/omaha/7516-n-30th-street.html,ne,omaha,7516-n-30th-street
https://locations.tacobell.com/tx/austin/7515-fm-620-n.html,tx,austin,7515-fm-620-n
https://locations.tacobell.com/or/white-city/7511-crater-lake-hwy.html,or,white-city,7511-crater-lake-hwy
https://locations.tacobell.com/il/forest-park/7510-roosevelt-rd.html,il,forest-park,7510-roosevelt-rd
https://locations.tacobell.com/ct/stamford/751-east-main-street.html,ct,stamford,751-east-main-street
https://locations.tacobell.com/md/landover-hills/7501-annapolis-road.html,md,landover-hills,7501-annapolis-road
https://locations.tacobell.com/pa/upper-darby/7500-westchester-pike.html,pa,upper-darby,7500-westchester-pike
https://locations.tacobell.com/ms/olive-branch/7500-commerce.html,ms,olive-branch,7500-commerce
https://locations.tacobell.com/ca/cudahy/7500-atlantic-ave.html,ca,cudahy,7500-atlantic-ave
https://locations.tacobell.com/ia/marion/750-marion-blvd.html,ia,marion,750-marion-blvd
https://locations.tacobell.com/az/yuma/750-e--32nd-st-.html,az,yuma,750-e--32nd-st-
https://locations.tacobell.com/mt/billings/749-commerce-way.html,mt,billings,749-commerce-way
https://locations.tacobell.com/ca/huntington-beach/7480-edinger-ave.html,ca,huntington-beach,7480-edinger-ave
https://locations.tacobell.com/tx/forney/748-pinson-road.html,tx,forney,748-pinson-road
https://locations.tacobell.com/va/newport-news/746-j-clyde-morris-blvd-.html,va,newport-news,746-j-clyde-morris-blvd-
https://locations.tacobell.com/ny/victor/7457-ny-state-route-96.html,ny,victor,7457-ny-state-route-96
https://locations.tacobell.com/hi/kailua-kona/74-5620-palani-rd.html,hi,kailua-kona,74-5620-palani-rd
https://locations.tacobell.com/il/downers-grove/7451-lemont-rd.html,il,downers-grove,7451-lemont-rd
https://locations.tacobell.com/va/annandale/7450-little-river-turnpike.html,va,annandale,7450-little-river-turnpike
https://locations.tacobell.com/in/danville/745-east-main-street.html,in,danville,745-east-main-street
https://locations.tacobell.com/co/colorado-springs/745-cheyenne-meadows-road.html,co,colorado-springs,745-cheyenne-meadows-road
https://locations.tacobell.com/ca/carlsbad/745-carlsbad-village-drive.html,ca,carlsbad,745-carlsbad-village-drive
https://locations.tacobell.com/az/phoenix/7449-w-indian-school-rd.html,az,phoenix,7449-w-indian-school-rd
https://locations.tacobell.com/az/phoenix/7440-s-7th-st.html,az,phoenix,7440-s-7th-st
https://locations.tacobell.com/wa/everett/7431-evergreen-way.html,wa,everett,7431-evergreen-way
https://locations.tacobell.com/tx/tyler/7425-s--broadway.html,tx,tyler,7425-s--broadway
https://locations.tacobell.com/il/darien/7419-s-cass-ave.html,il,darien,7419-s-cass-ave
https://locations.tacobell.com/or/portland/7415-ne-martin-luther-king-blvd.html,or,portland,7415-ne-martin-luther-king-blvd
https://locations.tacobell.com/va/mechanicsville/7415-bell-creek-road.html,va,mechanicsville,7415-bell-creek-road
https://locations.tacobell.com/tn/knoxville/7414-kingston-pike.html,tn,knoxville,7414-kingston-pike
https://locations.tacobell.com/fl/gainesville/7410-w-newberry-rd.html,fl,gainesville,7410-w-newberry-rd
https://locations.tacobell.com/tx/el-paso/7410-remcon-cir.html,tx,el-paso,7410-remcon-cir
https://locations.tacobell.com/ny/queensbury/741-upper-glen-st-.html,ny,queensbury,741-upper-glen-st-
https://locations.tacobell.com/fl/hialeah/7405-west-4th-ave-.html,fl,hialeah,7405-west-4th-ave-
https://locations.tacobell.com/fl/daytona-beach/740-north-nova-road.html,fl,daytona-beach,740-north-nova-road
https://locations.tacobell.com/il/bloomingdale/74-stratford-dr-.html,il,bloomingdale,74-stratford-dr-
https://locations.tacobell.com/ca/palmdale/739-w-avenue-p.html,ca,palmdale,739-w-avenue-p
https://locations.tacobell.com/sc/cayce/739-knox-abbott.html,sc,cayce,739-knox-abbott
https://locations.tacobell.com/ca/atascadero/7385-el-camino-real.html,ca,atascadero,7385-el-camino-real
https://locations.tacobell.com/fl/jupiter/738-e-indiantown-rd.html,fl,jupiter,738-e-indiantown-rd
https://locations.tacobell.com/sc/north-charleston/7373-northwoods-blvd.html,sc,north-charleston,7373-northwoods-blvd
https://locations.tacobell.com/wy/evanston/737-overthrust.html,wy,evanston,737-overthrust
https://locations.tacobell.com/ut/tooele/737-n-main.html,ut,tooele,737-n-main
https://locations.tacobell.com/va/radford/7369-peppers-ferry-road.html,va,radford,7369-peppers-ferry-road
https://locations.tacobell.com/nv/reno/736-s-meadows-parkway.html,nv,reno,736-s-meadows-parkway
https://locations.tacobell.com/co/grand-junction/736-horizon-dr.html,co,grand-junction,736-horizon-dr
https://locations.tacobell.com/fl/miami/7350-sw-117th-avenue.html,fl,miami,7350-sw-117th-avenue
https://locations.tacobell.com/az/sahuarita/735-w--sahuarita-road.html,az,sahuarita,735-w--sahuarita-road
https://locations.tacobell.com/ks/kansas-city/7337-state-ave.html,ks,kansas-city,7337-state-ave
https://locations.tacobell.com/mi/alma/7337-n-alger-rd.html,mi,alma,7337-n-alger-rd
https://locations.tacobell.com/fl/jacksonville/7331-103rd-street.html,fl,jacksonville,7331-103rd-street
https://locations.tacobell.com/ga/columbus/7330-veterans-parkway.html,ga,columbus,7330-veterans-parkway
https://locations.tacobell.com/ca/monrovia/733-e-huntington-dr.html,ca,monrovia,733-e-huntington-dr
https://locations.tacobell.com/fl/tampa/7329-w-waters-ave.html,fl,tampa,7329-w-waters-ave
https://locations.tacobell.com/tx/san-antonio/7323-n-loop-1604-w.html,tx,san-antonio,7323-n-loop-1604-w
https://locations.tacobell.com/nc/nags-head/7320-s--virginia-dare-trail.html,nc,nags-head,7320-s--virginia-dare-trail
https://locations.tacobell.com/ny/oneonta/732-state-highway-28.html,ny,oneonta,732-state-highway-28
https://locations.tacobell.com/fl/zephyrhills/7313-gall-blvd.html,fl,zephyrhills,7313-gall-blvd
https://locations.tacobell.com/ga/griffin/731-w--taylor-st-.html,ga,griffin,731-w--taylor-st-
https://locations.tacobell.com/tx/college-station/731-university-dr.html,tx,college-station,731-university-dr
https://locations.tacobell.com/tx/lewisville/731-hebron-parkway.html,tx,lewisville,731-hebron-parkway
https://locations.tacobell.com/il/springfield/731-adlai-stevenson-dr-.html,il,springfield,731-adlai-stevenson-dr-
https://locations.tacobell.com/ks/wichita/7301-west-21st-street.html,ks,wichita,7301-west-21st-street
https://locations.tacobell.com/ny/niagara-falls/7300-niagara-falls-blvd.html,ny,niagara-falls,7300-niagara-falls-blvd
https://locations.tacobell.com/va/falmouth/730-warrenton-rd.html,va,falmouth,730-warrenton-rd
https://locations.tacobell.com/in/peru/730-n-broadway.html,in,peru,730-n-broadway
https://locations.tacobell.com/oh/hubbard/730-liberty-st-w.html,oh,hubbard,730-liberty-st-w
https://locations.tacobell.com/nv/henderson/730-east-horizon-drive.html,nv,henderson,730-east-horizon-drive
https://locations.tacobell.com/in/boonville/729-w-main-st.html,in,boonville,729-w-main-st
https://locations.tacobell.com/ga/statesboro/729-northside-dr-e.html,ga,statesboro,729-northside-dr-e
https://locations.tacobell.com/la/lake-charles/728-e-prien-lake-rd.html,la,lake-charles,728-e-prien-lake-rd
https://locations.tacobell.com/tx/grand-prairie/728-e-main-st.html,tx,grand-prairie,728-e-main-st
https://locations.tacobell.com/in/indianapolis/7275-w-10th-st.html,in,indianapolis,7275-w-10th-st
https://locations.tacobell.com/fl/lakeland/727-e--memorial-boulevard.html,fl,lakeland,727-e--memorial-boulevard
https://locations.tacobell.com/nc/eden/726-s-van-buren-rd.html,nc,eden,726-s-van-buren-rd
https://locations.tacobell.com/oh/sunbury/7255-state-route-37.html,oh,sunbury,7255-state-route-37
https://locations.tacobell.com/ca/daly-city/7255-mission-st-.html,ca,daly-city,7255-mission-st-
https://locations.tacobell.com/az/phoenix/725-w--southern-avenue.html,az,phoenix,725-w--southern-avenue
https://locations.tacobell.com/tx/kerrville/725-sidney-baker.html,tx,kerrville,725-sidney-baker
https://locations.tacobell.com/or/portland/725-ne-weidler-st-.html,or,portland,725-ne-weidler-st-
https://locations.tacobell.com/ca/dinuba/725-n-alta.html,ca,dinuba,725-n-alta
https://locations.tacobell.com/ok/sapulpa/725-east-taft-avenue.html,ok,sapulpa,725-east-taft-avenue
https://locations.tacobell.com/oh/toledo/7246-west-central-ave-.html,oh,toledo,7246-west-central-ave-
https://locations.tacobell.com/mo/saint-louis/7237-watson-road.html,mo,saint-louis,7237-watson-road
https://locations.tacobell.com/or/hillsboro/7235-ne-imbrie-drive.html,or,hillsboro,7235-ne-imbrie-drive
https://locations.tacobell.com/az/laveen/7233-s--51st-avenue.html,az,laveen,7233-s--51st-avenue
https://locations.tacobell.com/ca/lemon-grove/7232-broadway.html,ca,lemon-grove,7232-broadway
https://locations.tacobell.com/va/alexandria/7230-richmond-hwy.html,va,alexandria,7230-richmond-hwy
https://locations.tacobell.com/in/lawrence/7230-pendleton-pike.html,in,lawrence,7230-pendleton-pike
https://locations.tacobell.com/ga/americus/723-east-forsyth-street.html,ga,americus,723-east-forsyth-street
https://locations.tacobell.com/il/tinley-park/7224-w--191st-st-.html,il,tinley-park,7224-w--191st-st-
https://locations.tacobell.com/co/denver/7221-pecos-st-.html,co,denver,7221-pecos-st-
https://locations.tacobell.com/tx/san-antonio/722-seguin-street.html,tx,san-antonio,722-seguin-street
https://locations.tacobell.com/la/baton-rouge/7212-siegen-lane.html,la,baton-rouge,7212-siegen-lane
https://locations.tacobell.com/tn/knoxville/7211-strawberry-plains-pike.html,tn,knoxville,7211-strawberry-plains-pike
https://locations.tacobell.com/va/richmond/7210-w--broad-st-.html,va,richmond,7210-w--broad-st-
https://locations.tacobell.com/co/rifle/721-smith-street.html,co,rifle,721-smith-street
https://locations.tacobell.com/ks/el-dorado/721-north-main-street.html,ks,el-dorado,721-north-main-street
https://locations.tacobell.com/wa/selah/721-n-park-ctr.html,wa,selah,721-n-park-ctr
https://locations.tacobell.com/nc/dunn/723-e-cumberland-st.html,nc,dunn,723-e-cumberland-st
https://locations.tacobell.com/ca/baker/72083-baker-blvd.html,ca,baker,72083-baker-blvd
https://locations.tacobell.com/wa/vancouver/7206-ne-highway-99.html,wa,vancouver,7206-ne-highway-99
https://locations.tacobell.com/ga/port-wentworth/7205-highway-21.html,ga,port-wentworth,7205-highway-21
https://locations.tacobell.com/mo/kansas-city/7201-ne-parvin-road.html,mo,kansas-city,7201-ne-parvin-road
https://locations.tacobell.com/ar/sherwood/7201-jfk-blvd.html,ar,sherwood,7201-jfk-blvd
https://locations.tacobell.com/tx/fort-worth/7200-n--freeway.html,tx,fort-worth,7200-n--freeway
https://locations.tacobell.com/ca/san-jose/720-story-road.html,ca,san-jose,720-story-road
https://locations.tacobell.com/mn/grand-rapids/720-ne-hwy-2.html,mn,grand-rapids,720-ne-hwy-2
https://locations.tacobell.com/wv/buckhannon/72-west-main-street.html,wv,buckhannon,72-west-main-street
https://locations.tacobell.com/ca/westminster/7192-westminster-blvd.html,ca,westminster,7192-westminster-blvd
https://locations.tacobell.com/hi/honolulu/7192-kalanianaole-hwy.html,hi,honolulu,7192-kalanianaole-hwy
https://locations.tacobell.com/ar/little-rock/719-south-broadway.html,ar,little-rock,719-south-broadway
https://locations.tacobell.com/oh/galion/719-harding-way-west.html,oh,galion,719-harding-way-west
https://locations.tacobell.com/ca/san-diego/7180-miramar-rd.html,ca,san-diego,7180-miramar-rd
https://locations.tacobell.com/hi/honolulu/717-kapahulu-ave.html,hi,honolulu,717-kapahulu-ave
https://locations.tacobell.com/az/taylor/716-n--main-street.html,az,taylor,716-n--main-street
https://locations.tacobell.com/tn/lenoir-city/716-highway-321-north.html,tn,lenoir-city,716-highway-321-north
https://locations.tacobell.com/wa/yakima/716-e-yakima-ave.html,wa,yakima,716-e-yakima-ave
https://locations.tacobell.com/in/pendleton/7159-south-state-road-67.html,in,pendleton,7159-south-state-road-67
https://locations.tacobell.com/az/scottsdale/7153-e-thomas-rd.html,az,scottsdale,7153-e-thomas-rd
https://locations.tacobell.com/co/denver/7150-leetsdale-drive.html,co,denver,7150-leetsdale-drive
https://locations.tacobell.com/tn/bolivar/715-w-market-st.html,tn,bolivar,715-w-market-st
https://locations.tacobell.com/ga/warner-robins/715-lake-joy-rd.html,ga,warner-robins,715-lake-joy-rd
https://locations.tacobell.com/oh/lebanon/715-e-main-st.html,oh,lebanon,715-e-main-st
https://locations.tacobell.com/wi/franklin/7141-south-76th-street.html,wi,franklin,7141-south-76th-street
https://locations.tacobell.com/az/tucson/7140-n--thornydale-rd-.html,az,tucson,7140-n--thornydale-rd-
https://locations.tacobell.com/mi/watervliet/714-s-main-st.html,mi,watervliet,714-s-main-st
https://locations.tacobell.com/nc/yadkinville/713-south-state-street.html,nc,yadkinville,713-south-state-street
https://locations.tacobell.com/ga/toccoa/713-big-a-rd.html,ga,toccoa,713-big-a-rd
https://locations.tacobell.com/ca/downey/7127-east-firestone-blvd.html,ca,downey,7127-east-firestone-blvd
https://locations.tacobell.com/ca/dublin/7123-village-pkwy.html,ca,dublin,7123-village-pkwy
https://locations.tacobell.com/fl/pompano-beach/7120-w-mcnab-road.html,fl,pompano-beach,7120-w-mcnab-road
https://locations.tacobell.com/il/harrisburg/712-s--commercial-st-.html,il,harrisburg,712-s--commercial-st-
https://locations.tacobell.com/nj/pleasantville/712-black-horse-pike.html,nj,pleasantville,712-black-horse-pike
https://locations.tacobell.com/nc/holly-springs/7108-g--b--alford-highway.html,nc,holly-springs,7108-g--b--alford-highway
https://locations.tacobell.com/tx/dallas/7110-greenville-ave.html,tx,dallas,7110-greenville-ave
https://locations.tacobell.com/sc/dillon/711-radford-blvd-.html,sc,dillon,711-radford-blvd-
https://locations.tacobell.com/fl/orlando/711-lee-road.html,fl,orlando,711-lee-road
https://locations.tacobell.com/ar/booneville/711-e--main.html,ar,booneville,711-e--main
https://locations.tacobell.com/md/columbia/7102-minstrel-way.html,md,columbia,7102-minstrel-way
https://locations.tacobell.com/ok/oklahoma-city/7101-s-may.html,ok,oklahoma-city,7101-s-may
https://locations.tacobell.com/ca/san-francisco/710-third-street.html,ca,san-francisco,710-third-street
https://locations.tacobell.com/fl/miami/710-nw-37th-ave.html,fl,miami,710-nw-37th-ave
https://locations.tacobell.com/nj/mount-ephraim/710-n-black-horse-pike.html,nj,mount-ephraim,710-n-black-horse-pike
https://locations.tacobell.com/wa/auburn/710-auburn-way-s.html,wa,auburn,710-auburn-way-s
https://locations.tacobell.com/ga/camilla/71-u-s--highway-19-north.html,ga,camilla,71-u-s--highway-19-north
https://locations.tacobell.com/al/rainsville/71-mccurdy-ave-n.html,al,rainsville,71-mccurdy-ave-n
https://locations.tacobell.com/ma/webster/71-e--main-st-.html,ma,webster,71-e--main-st-
https://locations.tacobell.com/ky/dry-ridge/71-broadway-street.html,ky,dry-ridge,71-broadway-street
https://locations.tacobell.com/in/indianapolis/7098-n-michigan-rd.html,in,indianapolis,7098-n-michigan-rd
https://locations.tacobell.com/ct/southington/709-queen-st.html,ct,southington,709-queen-st
https://locations.tacobell.com/ca/fresno/7085-north-marks-avenue.html,ca,fresno,7085-north-marks-avenue
https://locations.tacobell.com/ks/dodge-city/708-west-wyatt-earp-road.html,ks,dodge-city,708-west-wyatt-earp-road
https://locations.tacobell.com/sc/summerville/708-n-main.html,sc,summerville,708-n-main
https://locations.tacobell.com/oh/toledo/708-front-st.html,oh,toledo,708-front-st
https://locations.tacobell.com/sc/hampton/708-elm-street.html,sc,hampton,708-elm-street
https://locations.tacobell.com/mo/cameron/708-baldwin.html,mo,cameron,708-baldwin
https://locations.tacobell.com/id/boise/7070-overland-road.html,id,boise,7070-overland-road
https://locations.tacobell.com/co/craig/707-west-victory-way.html,co,craig,707-west-victory-way
https://locations.tacobell.com/oh/urbana/707-scioto-st.html,oh,urbana,707-scioto-st
https://locations.tacobell.com/ma/quincy/707-hancock-st.html,ma,quincy,707-hancock-st
https://locations.tacobell.com/nc/havelock/707-east-main-street.html,nc,havelock,707-east-main-street
https://locations.tacobell.com/nv/las-vegas/7060-s--jones-blvd-.html,nv,las-vegas,7060-s--jones-blvd-
https://locations.tacobell.com/fl/seffner/706-martin-luther-king-jr--blvd--w.html,fl,seffner,706-martin-luther-king-jr--blvd--w
https://locations.tacobell.com/ne/omaha/7051-dodge-street.html,ne,omaha,7051-dodge-street
https://locations.tacobell.com/il/wauconda/705-w-liberty-st.html,il,wauconda,705-w-liberty-st
https://locations.tacobell.com/ca/san-dimas/705-w-arrow-highway.html,ca,san-dimas,705-w-arrow-highway
https://locations.tacobell.com/tx/new-boston/705-n--mccoy-boulevard.html,tx,new-boston,705-n--mccoy-boulevard
https://locations.tacobell.com/mo/warrenton/705-n-state-hwy-47.html,mo,warrenton,705-n-state-hwy-47
https://locations.tacobell.com/ms/batesville/705-highway-6-east.html,ms,batesville,705-highway-6-east
https://locations.tacobell.com/tx/princeton/705-east-princeton-drive.html,tx,princeton,705-east-princeton-drive
https://locations.tacobell.com/tn/jonesborough/705-e--jackson-blvd-.html,tn,jonesborough,705-e--jackson-blvd-
https://locations.tacobell.com/pa/pittsburgh/705-allegheny-avenue.html,pa,pittsburgh,705-allegheny-avenue
https://locations.tacobell.com/ca/san-diego/7049-eastman-street.html,ca,san-diego,7049-eastman-street
https://locations.tacobell.com/pa/cranberry/7047-us-322.html,pa,cranberry,7047-us-322
https://locations.tacobell.com/mi/mount-morris/7047-n-saginaw-rd.html,mi,mount-morris,7047-n-saginaw-rd
https://locations.tacobell.com/fl/panama-city-beach/7040-w-hwy-98.html,fl,panama-city-beach,7040-w-hwy-98
https://locations.tacobell.com/mo/salem/704-s--main.html,mo,salem,704-s--main
https://locations.tacobell.com/wi/schofield/704-grand-avenue.html,wi,schofield,704-grand-avenue
https://locations.tacobell.com/ca/san-marcos/704-center-dr.html,ca,san-marcos,704-center-dr
https://locations.tacobell.com/nc/knightdale/7036-knightdale-blvd.html,nc,knightdale,7036-knightdale-blvd
https://locations.tacobell.com/fl/lantana/7035-seacrest-blvd.html,fl,lantana,7035-seacrest-blvd
https://locations.tacobell.com/oh/holland/7030-orchard-centre-dr.html,oh,holland,7030-orchard-centre-dr
https://locations.tacobell.com/co/pueblo/703-n-santa-fe.html,co,pueblo,703-n-santa-fe
https://locations.tacobell.com/ca/winters/703-matsumoto-lane.html,ca,winters,703-matsumoto-lane
https://locations.tacobell.com/va/south-hill/703-e--atlantic.html,va,south-hill,703-e--atlantic
https://locations.tacobell.com/ok/oklahoma-city/7024-sw-3rd-st.html,ok,oklahoma-city,7024-sw-3rd-st
https://locations.tacobell.com/wi/kenosha/7020-green-bay-road.html,wi,kenosha,7020-green-bay-road
https://locations.tacobell.com/tx/plano/7020-coit-road.html,tx,plano,7020-coit-road
https://locations.tacobell.com/wa/puyallup/702-s-meridian.html,wa,puyallup,702-s-meridian
https://locations.tacobell.com/in/chesterton/702-plaza-dr.html,in,chesterton,702-plaza-dr
https://locations.tacobell.com/tn/dandridge/702-highway-92-s.html,tn,dandridge,702-highway-92-s
https://locations.tacobell.com/tx/roanoke/702-east-highway-114.html,tx,roanoke,702-east-highway-114
https://locations.tacobell.com/ca/folsom/702-e-bidwell-st-.html,ca,folsom,702-e-bidwell-st-
https://locations.tacobell.com/ia/oskaloosa/702-a-ave--west.html,ia,oskaloosa,702-a-ave--west
https://locations.tacobell.com/ia/mount-pleasant/701-wohlleber-drive.html,ia,mount-pleasant,701-wohlleber-drive
https://locations.tacobell.com/in/goshen/701-west-pike-st.html,in,goshen,701-west-pike-st
https://locations.tacobell.com/oh/findlay/701-trenton-ave.html,oh,findlay,701-trenton-ave
https://locations.tacobell.com/in/muncie/701-s--tillotson-ave-.html,in,muncie,701-s--tillotson-ave-
https://locations.tacobell.com/nj/jersey-city/701-new-jersey-440.html,nj,jersey-city,701-new-jersey-440
https://locations.tacobell.com/mo/warrensburg/701-n-maguire-st.html,mo,warrensburg,701-n-maguire-st
https://locations.tacobell.com/wy/gillette/701-e-boxelder-rd.html,wy,gillette,701-e-boxelder-rd
https://locations.tacobell.com/tx/san-antonio/7009-san-pedro-avenue.html,tx,san-antonio,7009-san-pedro-avenue
https://locations.tacobell.com/nc/kinston/700-us-70-west.html,nc,kinston,700-us-70-west
https://locations.tacobell.com/tx/sanger/700-stemmons-road.html,tx,sanger,700-stemmons-road
https://locations.tacobell.com/ok/broken-arrow/700-north-aspen.html,ok,broken-arrow,700-north-aspen
https://locations.tacobell.com/ca/benicia/700-military-west.html,ca,benicia,700-military-west
https://locations.tacobell.com/nc/pisgah-forest/700-forest-gate-center.html,nc,pisgah-forest,700-forest-gate-center
https://locations.tacobell.com/md/essex/700-eastern-boulevard.html,md,essex,700-eastern-boulevard
https://locations.tacobell.com/md/chester/70-kent-towne-market.html,md,chester,70-kent-towne-market
https://locations.tacobell.com/il/alton/70-homer-adams-pkwy.html,il,alton,70-homer-adams-pkwy
https://locations.tacobell.com/wv/westover/7-commerce-dr.html,wv,westover,7-commerce-dr
https://locations.tacobell.com/in/indianapolis/6990-e-10th-st.html,in,indianapolis,6990-e-10th-st
https://locations.tacobell.com/wi/madison/698-s--whitney-way.html,wi,madison,698-s--whitney-way
https://locations.tacobell.com/oh/liberty-township/6979-s--liberty-drive.html,oh,liberty-township,6979-s--liberty-drive
https://locations.tacobell.com/ca/granite-bay/6975-douglas-blvd.html,ca,granite-bay,6975-douglas-blvd
https://locations.tacobell.com/va/gloucester/6973-george-washington-memorial-hwy.html,va,gloucester,6973-george-washington-memorial-hwy
https://locations.tacobell.com/ca/rubidoux/6970-mission-blvd.html,ca,rubidoux,6970-mission-blvd
https://locations.tacobell.com/ca/chula-vista/696-e-st.html,ca,chula-vista,696-e-st
https://locations.tacobell.com/in/indianapolis/6957-w-38th-street.html,in,indianapolis,6957-w-38th-street
https://locations.tacobell.com/il/berwyn/6956-ogden-ave.html,il,berwyn,6956-ogden-ave
https://locations.tacobell.com/ca/fort-bragg/695-s-main-st.html,ca,fort-bragg,695-s-main-st
https://locations.tacobell.com/sc/orangeburg/695-john-c-calhoun-dr.html,sc,orangeburg,695-john-c-calhoun-dr
https://locations.tacobell.com/ca/oceanside/695-college-blvd.html,ca,oceanside,695-college-blvd
https://locations.tacobell.com/mi/byron-center/695-68th-st-sw.html,mi,byron-center,695-68th-st-sw
https://locations.tacobell.com/il/chicago/6944-archer.html,il,chicago,6944-archer
https://locations.tacobell.com/la/covington/69368a-highway-21.html,la,covington,69368a-highway-21
https://locations.tacobell.com/pa/erie/6935-peach-street.html,pa,erie,6935-peach-street
https://locations.tacobell.com/mo/florissant/6934-parker-rd.html,mo,florissant,6934-parker-rd
https://locations.tacobell.com/tx/frisco/6929-s-preston-rd.html,tx,frisco,6929-s-preston-rd
https://locations.tacobell.com/ca/canoga-park/6921-topanga-canyon-blvd-.html,ca,canoga-park,6921-topanga-canyon-blvd-
https://locations.tacobell.com/co/greeley/6910-10th-st.html,co,greeley,6910-10th-st
https://locations.tacobell.com/ca/san-francisco/691-eddy-street.html,ca,san-francisco,691-eddy-street
https://locations.tacobell.com/mi/edwardsburg/69069-m-62.html,mi,edwardsburg,69069-m-62
https://locations.tacobell.com/az/glendale/6901-north-litchfield-road.html,az,glendale,6901-north-litchfield-road
https://locations.tacobell.com/ca/oakland/6900-bancroft-ave.html,ca,oakland,6900-bancroft-ave
https://locations.tacobell.com/fl/winter-park/690-s-orlando-ave.html,fl,winter-park,690-s-orlando-ave
https://locations.tacobell.com/ca/pomona/690-n--indian-hill-blvd.html,ca,pomona,690-n--indian-hill-blvd
https://locations.tacobell.com/co/fountain/6905-mesa-ridge-parkway.html,co,fountain,6905-mesa-ridge-parkway
https://locations.tacobell.com/nc/fayetteville/6894-cliffdale-road.html,nc,fayetteville,6894-cliffdale-road
https://locations.tacobell.com/tn/oakland/6880-highway-64.html,tn,oakland,6880-highway-64
https://locations.tacobell.com/ga/riverdale/6865-hwy-85.html,ga,riverdale,6865-hwy-85
https://locations.tacobell.com/fl/west-palm-beach/6862-okeechobee-blvd.html,fl,west-palm-beach,6862-okeechobee-blvd
https://locations.tacobell.com/md/towson/6861-loch-raven-blvd.html,md,towson,6861-loch-raven-blvd
https://locations.tacobell.com/ca/cathedral-city/68509-e-palm-canyon-dr.html,ca,cathedral-city,68509-e-palm-canyon-dr
https://locations.tacobell.com/ga/lawrenceville/685-duluth-hwy.html,ga,lawrenceville,685-duluth-hwy
https://locations.tacobell.com/fl/hollywood/6835-taft-street.html,fl,hollywood,6835-taft-street
https://locations.tacobell.com/ca/cypress/6827-katella-ave.html,ca,cypress,6827-katella-ave
https://locations.tacobell.com/tx/temple/6820-w--adams-avenue.html,tx,temple,6820-w--adams-avenue
https://locations.tacobell.com/tx/san-antonio/6815-bandera-rd.html,tx,san-antonio,6815-bandera-rd
https://locations.tacobell.com/la/shreveport/6810-pines-rd.html,la,shreveport,6810-pines-rd
https://locations.tacobell.com/nm/albuquerque/6810-central-ave--sw.html,nm,albuquerque,6810-central-ave--sw
https://locations.tacobell.com/mn/owatonna/681-west-bridge-street.html,mn,owatonna,681-west-bridge-street
https://locations.tacobell.com/tx/denton/681-fort-worth-ave.html,tx,denton,681-fort-worth-ave
https://locations.tacobell.com/tx/san-antonio/3213-wurzbach-rd-.html,tx,san-antonio,3213-wurzbach-rd-
https://locations.tacobell.com/fl/live-oak/6804-us-highway-129.html,fl,live-oak,6804-us-highway-129
https://locations.tacobell.com/tn/knoxville/6802-maynardville-hwy.html,tn,knoxville,6802-maynardville-hwy
https://locations.tacobell.com/ok/oklahoma-city/6801-n-may-ave-.html,ok,oklahoma-city,6801-n-may-ave-
https://locations.tacobell.com/ca/bell-gardens/6800-eastern-avenue.html,ca,bell-gardens,6800-eastern-avenue
https://locations.tacobell.com/ky/louisville/6800-bardstown-rd-.html,ky,louisville,6800-bardstown-rd-
https://locations.tacobell.com/nh/londonderry/68-nashua-road.html,nh,londonderry,68-nashua-road
https://locations.tacobell.com/va/rocky-mount/68-market-place-drive.html,va,rocky-mount,68-market-place-drive
https://locations.tacobell.com/tn/knoxville/6789-clinton-highway.html,tn,knoxville,6789-clinton-highway
https://locations.tacobell.com/fl/lakeland/6780-highway-98-n.html,fl,lakeland,6780-highway-98-n
https://locations.tacobell.com/ca/fresno/6776-n-blackstone-ave.html,ca,fresno,6776-n-blackstone-ave
https://locations.tacobell.com/oh/columbus/6970-e-broad-st.html,oh,columbus,6970-e-broad-st
https://locations.tacobell.com/ga/acworth/6760-highway-92.html,ga,acworth,6760-highway-92
https://locations.tacobell.com/ny/latham/676-new-loudon-rd.html,ny,latham,676-new-loudon-rd
https://locations.tacobell.com/fl/mulberry/6753-north-church-ave.html,fl,mulberry,6753-north-church-ave
https://locations.tacobell.com/ma/brockton/675-belmont-st.html,ma,brockton,675-belmont-st
https://locations.tacobell.com/az/peoria/6745-w-peoria-ave.html,az,peoria,6745-w-peoria-ave
https://locations.tacobell.com/ca/fair-oaks/6745-madison-ave.html,ca,fair-oaks,6745-madison-ave
https://locations.tacobell.com/az/mesa/6742-e-main-st.html,az,mesa,6742-e-main-st
https://locations.tacobell.com/ca/north-highlands/6741-watt-ave.html,ca,north-highlands,6741-watt-ave
https://locations.tacobell.com/fl/miami/6740-sw-eighth-st.html,fl,miami,6740-sw-eighth-st
https://locations.tacobell.com/co/delta/674-stafford-lane.html,co,delta,674-stafford-lane
https://locations.tacobell.com/nj/manahawkin/674-route-72-e.html,nj,manahawkin,674-route-72-e
https://locations.tacobell.com/ca/reseda/6733-reseda-blvd.html,ca,reseda,6733-reseda-blvd
https://locations.tacobell.com/ms/moss-point/6732-hwy-63.html,ms,moss-point,6732-hwy-63
https://locations.tacobell.com/ca/long-beach/6730-cherry-ave.html,ca,long-beach,6730-cherry-ave
https://locations.tacobell.com/wa/university-place/6729-s--19th-street.html,wa,university-place,6729-s--19th-street
https://locations.tacobell.com/mi/grand-rapids/6728-kalamazoo-avenue-se.html,mi,grand-rapids,6728-kalamazoo-avenue-se
https://locations.tacobell.com/ky/florence/6724-dixie-highway.html,ky,florence,6724-dixie-highway
https://locations.tacobell.com/tn/bartlett/6720-stage-rd.html,tn,bartlett,6720-stage-rd
https://locations.tacobell.com/va/richmond/6720-midlothian-turnpike.html,va,richmond,6720-midlothian-turnpike
https://locations.tacobell.com/la/metairie/6715-airline-dr.html,la,metairie,6715-airline-dr
https://locations.tacobell.com/wi/verona/671-hometown-circle.html,wi,verona,671-hometown-circle
https://locations.tacobell.com/az/glendale/6708-w--deer-valley-road.html,az,glendale,6708-w--deer-valley-road
https://locations.tacobell.com/ok/lawton/6704-nw-cache-road.html,ok,lawton,6704-nw-cache-road
https://locations.tacobell.com/ca/elk-grove/6704-laguna-blvd.html,ca,elk-grove,6704-laguna-blvd
https://locations.tacobell.com/tn/piney-flats/6701-bristol-highway.html,tn,piney-flats,6701-bristol-highway
https://locations.tacobell.com/ne/lincoln/6700-s-27th-st.html,ne,lincoln,6700-s-27th-st
https://locations.tacobell.com/nc/asheville/67-tunnel-road.html,nc,asheville,67-tunnel-road
https://locations.tacobell.com/or/eugene/669-west-7th-ave.html,or,eugene,669-west-7th-ave
https://locations.tacobell.com/md/baltimore/6664-security-blvd.html,md,baltimore,6664-security-blvd
https://locations.tacobell.com/md/glen-burnie/6656-ritchie-hwy.html,md,glen-burnie,6656-ritchie-hwy
https://locations.tacobell.com/il/streamwood/665-s--sutton-rd-.html,il,streamwood,665-s--sutton-rd-
https://locations.tacobell.com/az/glendale/6645-w--happy-valley-rd-.html,az,glendale,6645-w--happy-valley-rd-
https://locations.tacobell.com/ca/salinas/664-e-alisal.html,ca,salinas,664-e-alisal
https://locations.tacobell.com/tx/san-antonio/6635-fm-78.html,tx,san-antonio,6635-fm-78
https://locations.tacobell.com/wi/lomira/663-east-ave.html,wi,lomira,663-east-ave
https://locations.tacobell.com/il/chicago/6622-w--fullerton-ave-.html,il,chicago,6622-w--fullerton-ave-
https://locations.tacobell.com/mn/golden-valley/6620-wayzata-blvd.html,mn,golden-valley,6620-wayzata-blvd
https://locations.tacobell.com/sc/lugoff/662-highway-1-s.html,sc,lugoff,662-highway-1-s
https://locations.tacobell.com/tx/mcallen/6617-north-10th-street.html,tx,mcallen,6617-north-10th-street
https://locations.tacobell.com/az/tucson/6616-e-grant-rd.html,az,tucson,6616-e-grant-rd
https://locations.tacobell.com/wa/spokane/6614-n-division-st.html,wa,spokane,6614-n-division-st
https://locations.tacobell.com/fl/orlando/6611-west-colonial-drive.html,fl,orlando,6611-west-colonial-drive
https://locations.tacobell.com/co/fountain/6610-camden-blvd.html,co,fountain,6610-camden-blvd
https://locations.tacobell.com/in/fort-wayne/6608-lima-road.html,in,fort-wayne,6608-lima-road
https://locations.tacobell.com/mo/kansas-city/6607-prospect-ave.html,mo,kansas-city,6607-prospect-ave
https://locations.tacobell.com/az/glendale/6606-west-camelback.html,az,glendale,6606-west-camelback
https://locations.tacobell.com/tx/rowlett/6606-dalrock-rd-.html,tx,rowlett,6606-dalrock-rd-
https://locations.tacobell.com/tx/greenville/6605-wesley-street.html,tx,greenville,6605-wesley-street
https://locations.tacobell.com/pa/phoenixville/660-nutt-road.html,pa,phoenixville,660-nutt-road
https://locations.tacobell.com/il/cary/660-northwest-highway.html,il,cary,660-northwest-highway
https://locations.tacobell.com/mi/charlotte/660-lansing-rd.html,mi,charlotte,660-lansing-rd
https://locations.tacobell.com/nc/canton/660-champion-drive.html,nc,canton,660-champion-drive
https://locations.tacobell.com/il/fairview-heights/6599-n-illinois-st-.html,il,fairview-heights,6599-n-illinois-st-
https://locations.tacobell.com/ca/rancho-cucamonga/6579-milliken.html,ca,rancho-cucamonga,6579-milliken
https://locations.tacobell.com/oh/cincinnati/6579-glenway-ave.html,oh,cincinnati,6579-glenway-ave
https://locations.tacobell.com/or/portland/6560-sw-beaverton.html,or,portland,6560-sw-beaverton
https://locations.tacobell.com/ga/sandy-springs/6560-roswell-rd.html,ga,sandy-springs,6560-roswell-rd
https://locations.tacobell.com/id/eagle/6560-n--linder-road.html,id,eagle,6560-n--linder-road
https://locations.tacobell.com/tx/chandler/656-hwy-31-east.html,tx,chandler,656-hwy-31-east
https://locations.tacobell.com/nm/albuquerque/6551-paradise-nw.html,nm,albuquerque,6551-paradise-nw
https://locations.tacobell.com/pa/lemoyne/655-n-12th-street.html,pa,lemoyne,655-n-12th-street
https://locations.tacobell.com/sc/anderson/655-hwy-28-bypass.html,sc,anderson,655-hwy-28-bypass
https://locations.tacobell.com/pa/delmont/6549-state-route-22.html,pa,delmont,6549-state-route-22
https://locations.tacobell.com/va/virginia-beach/6544-indian-river-rd-.html,va,virginia-beach,6544-indian-river-rd-
https://locations.tacobell.com/va/chesterfield/6541-centralia-road.html,va,chesterfield,6541-centralia-road
https://locations.tacobell.com/nv/las-vegas/6540-e-lake-mead-blvd.html,nv,las-vegas,6540-e-lake-mead-blvd
https://locations.tacobell.com/ut/park-city/6542-n-landmark-dr.html,ut,park-city,6542-n-landmark-dr
https://locations.tacobell.com/in/hammond/6527-indianapolis-blvd.html,in,hammond,6527-indianapolis-blvd
https://locations.tacobell.com/id/boise/6521-fairview-ave.html,id,boise,6521-fairview-ave
https://locations.tacobell.com/nv/las-vegas/6520-n-buffalo.html,nv,las-vegas,6520-n-buffalo
https://locations.tacobell.com/pa/mechanicsburg/6520-carlisle-pike.html,pa,mechanicsburg,6520-carlisle-pike
https://locations.tacobell.com/ks/wichita/6515-e-37th-st-n.html,ks,wichita,6515-e-37th-st-n
https://locations.tacobell.com/tx/lubbock/6512-82nd-st.html,tx,lubbock,6512-82nd-st
https://locations.tacobell.com/tx/austin/6511-s-i-h-35.html,tx,austin,6511-s-i-h-35
https://locations.tacobell.com/ks/gardner/651-east-main-street.html,ks,gardner,651-east-main-street
https://locations.tacobell.com/mt/missoula/651-e-broadway.html,mt,missoula,651-e-broadway
https://locations.tacobell.com/tn/knoxville/6504-chapman-hwy.html,tn,knoxville,6504-chapman-hwy
https://locations.tacobell.com/ky/louisville/6501-paramount-park-dr-.html,ky,louisville,6501-paramount-park-dr-
https://locations.tacobell.com/fl/marathon/6501-overseas-highway.html,fl,marathon,6501-overseas-highway
https://locations.tacobell.com/in/indianapolis/6501-east-washington-street.html,in,indianapolis,6501-east-washington-street
https://locations.tacobell.com/sc/travelers-rest/6500-state-park-rd.html,sc,travelers-rest,6500-state-park-rd
https://locations.tacobell.com/oh/huber-heights/6500-brandt-pike.html,oh,huber-heights,6500-brandt-pike
https://locations.tacobell.com/nc/swansboro/652-w-corbett-ave.html,nc,swansboro,652-w-corbett-ave
https://locations.tacobell.com/oh/fairfield/650-niles-road.html,oh,fairfield,650-niles-road
https://locations.tacobell.com/mi/coldwater/650-e-chicago-st-.html,mi,coldwater,650-e-chicago-st-
https://locations.tacobell.com/pa/hamburg/65-industrial-drive.html,pa,hamburg,65-industrial-drive
https://locations.tacobell.com/fl/fort-walton-beach/65-eglin-parkway-ne.html,fl,fort-walton-beach,65-eglin-parkway-ne
https://locations.tacobell.com/va/norfolk/649-newtown-rd.html,va,norfolk,649-newtown-rd
https://locations.tacobell.com/oh/new-albany/6479-central-college-rd.html,oh,new-albany,6479-central-college-rd
https://locations.tacobell.com/mn/anoka/647-w-main-st.html,mn,anoka,647-w-main-st
https://locations.tacobell.com/nv/las-vegas/6461-boulder-hwy.html,nv,las-vegas,6461-boulder-hwy
https://locations.tacobell.com/il/chicago/6460-n-sheridan-road.html,il,chicago,6460-n-sheridan-road
https://locations.tacobell.com/co/denver/6460-e-yale-ave.html,co,denver,6460-e-yale-ave
https://locations.tacobell.com/id/meridian/645-s-main-st.html,id,meridian,645-s-main-st
https://locations.tacobell.com/la/shreveport/645-e--kings-highway.html,la,shreveport,645-e--kings-highway
https://locations.tacobell.com/ca/citrus-heights/6440-antelope-rd.html,ca,citrus-heights,6440-antelope-rd
https://locations.tacobell.com/in/whitestown/6430-center-dr.html,in,whitestown,6430-center-dr
https://locations.tacobell.com/co/colorado-springs/6425-source-center-point.html,co,colorado-springs,6425-source-center-point
https://locations.tacobell.com/md/clinton/6420-coventry-way.html,md,clinton,6420-coventry-way
https://locations.tacobell.com/ri/middletown/641-w-main-rd.html,ri,middletown,641-w-main-rd
https://locations.tacobell.com/fl/leesburg/641-north-14-st.html,fl,leesburg,641-north-14-st
https://locations.tacobell.com/ca/long-beach/6407-stearns-ave-.html,ca,long-beach,6407-stearns-ave-
https://locations.tacobell.com/nc/raleigh/6405-falls-of-neuse-rd-.html,nc,raleigh,6405-falls-of-neuse-rd-
https://locations.tacobell.com/nc/raleigh/6404-glenwood-ave.html,nc,raleigh,6404-glenwood-ave
https://locations.tacobell.com/nc/whitsett/6405-w-interstate-ct.html,nc,whitsett,6405-w-interstate-ct
https://locations.tacobell.com/nv/reno/6401-s-virginia.html,nv,reno,6401-s-virginia
https://locations.tacobell.com/ia/des-moines/640-southwest-9th-st.html,ia,des-moines,640-southwest-9th-st
https://locations.tacobell.com/ca/seal-beach/640-pacific-coast-hwy.html,ca,seal-beach,640-pacific-coast-hwy
https://locations.tacobell.com/fl/north-miami/640-ne-125th-street.html,fl,north-miami,640-ne-125th-street
https://locations.tacobell.com/fl/palmetto/640-10th-street-east.html,fl,palmetto,640-10th-street-east
https://locations.tacobell.com/wv/charles-town/64-flowing-springs-rd.html,wv,charles-town,64-flowing-springs-rd
https://locations.tacobell.com/co/arvada/6390-sheridan-blvd.html,co,arvada,6390-sheridan-blvd
https://locations.tacobell.com/in/decatur/639-n-13th-st.html,in,decatur,639-n-13th-st
https://locations.tacobell.com/fl/lake-worth/6380-hypoluxu-road.html,fl,lake-worth,6380-hypoluxu-road
https://locations.tacobell.com/ny/hicksville/638-s-oyster-bay-rd.html,ny,hicksville,638-s-oyster-bay-rd
https://locations.tacobell.com/tx/beaumont/6365-phelan-blvd.html,tx,beaumont,6365-phelan-blvd
https://locations.tacobell.com/il/gurnee/6360-grand-ave.html,il,gurnee,6360-grand-ave
https://locations.tacobell.com/oh/marengo/636-state-route-61.html,oh,marengo,636-state-route-61
https://locations.tacobell.com/co/aurora/6350-south-parker-road.html,co,aurora,6350-south-parker-road
https://locations.tacobell.com/mo/kansas-city/6350-nw-barry-road.html,mo,kansas-city,6350-nw-barry-road
https://locations.tacobell.com/mo/kansas-city/6350-north-lucerne.html,mo,kansas-city,6350-north-lucerne
https://locations.tacobell.com/ca/albany/635-san-pablo-ave.html,ca,albany,635-san-pablo-ave
https://locations.tacobell.com/ks/kansas-city/635-s-7th-st.html,ks,kansas-city,635-s-7th-st
https://locations.tacobell.com/mi/bridgeport/6345-dixie-highway.html,mi,bridgeport,6345-dixie-highway
https://locations.tacobell.com/in/fort-wayne/6343-w--jefferson-blvd-.html,in,fort-wayne,6343-w--jefferson-blvd-
https://locations.tacobell.com/il/benton/634-west-main-street.html,il,benton,634-west-main-street
https://locations.tacobell.com/tx/lake-worth/6331-lake-worth-blvd.html,tx,lake-worth,6331-lake-worth-blvd
https://locations.tacobell.com/ut/american-fork/633-s-500-e.html,ut,american-fork,633-s-500-e
https://locations.tacobell.com/mt/billings/633-main-st.html,mt,billings,633-main-st
https://locations.tacobell.com/ma/springfield/633-liberty-st-.html,ma,springfield,633-liberty-st-
https://locations.tacobell.com/in/indianapolis/6327-e-82nd-st.html,in,indianapolis,6327-e-82nd-st
https://locations.tacobell.com/oh/reynoldsburg/6325-e-main-st.html,oh,reynoldsburg,6325-e-main-st
https://locations.tacobell.com/mo/gladstone/6321-n-oak-trafficway.html,mo,gladstone,6321-n-oak-trafficway
https://locations.tacobell.com/oh/reynoldsburg/6320-tussing-rd.html,oh,reynoldsburg,6320-tussing-rd
https://locations.tacobell.com/id/burley/632-overland-ave.html,id,burley,632-overland-ave
https://locations.tacobell.com/ut/clearfield/632-n-main-st.html,ut,clearfield,632-n-main-st
https://locations.tacobell.com/ca/san-diego/632-dennery-road.html,ca,san-diego,632-dennery-road
https://locations.tacobell.com/md/oxon-hill/6315-oxon-hill-road.html,md,oxon-hill,6315-oxon-hill-road
https://locations.tacobell.com/mi/portage/6314-s--westnedge.html,mi,portage,6314-s--westnedge
https://locations.tacobell.com/fl/miami/6310-s-dixie-hwy.html,fl,miami,6310-s-dixie-hwy
https://locations.tacobell.com/tx/midlothian/631-e-main-st.html,tx,midlothian,631-e-main-st
https://locations.tacobell.com/ks/junction-city/631-e-chestnut-st.html,ks,junction-city,631-e-chestnut-st
https://locations.tacobell.com/fl/rockledge/631-barnes-blvd-.html,fl,rockledge,631-barnes-blvd-
https://locations.tacobell.com/ca/marysville/631-10th-street.html,ca,marysville,631-10th-street
https://locations.tacobell.com/ca/woodland-hills/6303-platt-ave.html,ca,woodland-hills,6303-platt-ave
https://locations.tacobell.com/al/mobile/6301-cottage-hill-road.html,al,mobile,6301-cottage-hill-road
https://locations.tacobell.com/ca/lake-isabella/6300-lake-isabella-blvd.html,ca,lake-isabella,6300-lake-isabella-blvd
https://locations.tacobell.com/in/portage/6300-ameriplex-dr.html,in,portage,6300-ameriplex-dr
https://locations.tacobell.com/oh/tiffin/630-west-market-st-.html,oh,tiffin,630-west-market-st-
https://locations.tacobell.com/nc/wilmington/630-s-college-rd.html,nc,wilmington,630-s-college-rd
https://locations.tacobell.com/fl/miami/630-ne-79th-st.html,fl,miami,630-ne-79th-st
https://locations.tacobell.com/ca/oakland/630-hegenberger-rd.html,ca,oakland,630-hegenberger-rd
https://locations.tacobell.com/va/chester/630-e--hundred-rd.html,va,chester,630-e--hundred-rd
https://locations.tacobell.com/nc/pittsboro/63-lowes-drive.html,nc,pittsboro,63-lowes-drive
https://locations.tacobell.com/la/gretna/62b-westbank-expressway.html,la,gretna,62b-westbank-expressway
https://locations.tacobell.com/mo/springfield/629-west-sunshine-street.html,mo,springfield,629-west-sunshine-street
https://locations.tacobell.com/ar/harrison/629-highway-6265-north.html,ar,harrison,629-highway-6265-north
https://locations.tacobell.com/md/elkridge/6281-washington-blvd.html,md,elkridge,6281-washington-blvd
https://locations.tacobell.com/fl/milton/6281-hwy-90-west.html,fl,milton,6281-hwy-90-west
https://locations.tacobell.com/va/colonial-heights/628-southpark-blvd.html,va,colonial-heights,628-southpark-blvd
https://locations.tacobell.com/in/bluffton/628-n-main-st.html,in,bluffton,628-n-main-st
https://locations.tacobell.com/va/chesapeake/628-grassfield-pkwy.html,va,chesapeake,628-grassfield-pkwy
https://locations.tacobell.com/wi/fitchburg/6275-mckee-road.html,wi,fitchburg,6275-mckee-road
https://locations.tacobell.com/ca/escondido/627-n--escondido-blvd-.html,ca,escondido,627-n--escondido-blvd-
https://locations.tacobell.com/ca/stockton/627-n-wilson-way.html,ca,stockton,627-n-wilson-way
https://locations.tacobell.com/wi/milwaukee/6268-s--27th-street.html,wi,milwaukee,6268-s--27th-street
https://locations.tacobell.com/fl/greenacres/6265-lake-worth-rd.html,fl,greenacres,6265-lake-worth-rd
https://locations.tacobell.com/in/gas-city/6265-e-500-s.html,in,gas-city,6265-e-500-s
https://locations.tacobell.com/tx/watauga/6261-rufe-snow-drive.html,tx,watauga,6261-rufe-snow-drive
https://locations.tacobell.com/mo/saint-louis/626-n-kings-highway-blvd.html,mo,saint-louis,626-n-kings-highway-blvd
https://locations.tacobell.com/la/alexandria/626-mac-arthur.html,la,alexandria,626-mac-arthur
https://locations.tacobell.com/ga/morrow/6259-jonesboro-rd.html,ga,morrow,6259-jonesboro-rd
https://locations.tacobell.com/or/hillsboro/6255-se-tuallatin-valley.html,or,hillsboro,6255-se-tuallatin-valley
https://locations.tacobell.com/md/capitol-heights/6250-central-ave.html,md,capitol-heights,6250-central-ave
https://locations.tacobell.com/nc/asheboro/625-w-dixie-dr.html,nc,asheboro,625-w-dixie-dr
https://locations.tacobell.com/co/steamboat-springs/625-snapdragon-way.html,co,steamboat-springs,625-snapdragon-way
https://locations.tacobell.com/md/westminster/625-baltimore-blvd.html,md,westminster,625-baltimore-blvd
https://locations.tacobell.com/oh/centerville/6240-wilmington-pike.html,oh,centerville,6240-wilmington-pike
https://locations.tacobell.com/ia/cedar-rapids/624-1st-ave-ne.html,ia,cedar-rapids,624-1st-ave-ne
https://locations.tacobell.com/il/kewanee/623-tenney-st.html,il,kewanee,623-tenney-st
https://locations.tacobell.com/in/south-bend/6225-brick-rd.html,in,south-bend,6225-brick-rd
https://locations.tacobell.com/in/fort-wayne/6224-bluffton-rd.html,in,fort-wayne,6224-bluffton-rd
https://locations.tacobell.com/nj/elmwood-park/622-market-street.html,nj,elmwood-park,622-market-street
https://locations.tacobell.com/nc/whittier/622-casino-trail.html,nc,whittier,622-casino-trail
https://locations.tacobell.com/pa/greensburg/6217-route-30.html,pa,greensburg,6217-route-30
https://locations.tacobell.com/ga/macon/6215-zebulon-road.html,ga,macon,6215-zebulon-road
https://locations.tacobell.com/in/speedway/6215-crawfordsville-rd.html,in,speedway,6215-crawfordsville-rd
https://locations.tacobell.com/in/fort-wayne/6211-stellhorn-rd.html,in,fort-wayne,6211-stellhorn-rd
https://locations.tacobell.com/tn/memphis/6210-winchester-rd.html,tn,memphis,6210-winchester-rd
https://locations.tacobell.com/tx/cleburne/621-w-henderson-st.html,tx,cleburne,621-w-henderson-st
https://locations.tacobell.com/al/bay-minette/621-mcmeans-ave.html,al,bay-minette,621-mcmeans-ave
https://locations.tacobell.com/ut/salt-lake-city/621-east-400-south.html,ut,salt-lake-city,621-east-400-south
https://locations.tacobell.com/nv/las-vegas/6200-west-lake-mead.html,nv,las-vegas,6200-west-lake-mead
https://locations.tacobell.com/va/suffolk/6200-college-drive.html,va,suffolk,6200-college-drive
https://locations.tacobell.com/md/catonsville/6200-baltimore-national-pike.html,md,catonsville,6200-baltimore-national-pike
https://locations.tacobell.com/ok/skiatook/620-w--rogers-blvd.html,ok,skiatook,620-w--rogers-blvd
https://locations.tacobell.com/ks/augusta/620-w-7th-ave-.html,ks,augusta,620-w-7th-ave-
https://locations.tacobell.com/wa/omak/620-omache-drive.html,wa,omak,620-omache-drive
https://locations.tacobell.com/va/front-royal/620-north-royal-avenue.html,va,front-royal,620-north-royal-avenue
https://locations.tacobell.com/il/alton/620-e--landmarks-blvd-.html,il,alton,620-e--landmarks-blvd-
https://locations.tacobell.com/pa/mckees-rocks/6190-steubenville-pike.html,pa,mckees-rocks,6190-steubenville-pike
https://locations.tacobell.com/wi/west-baraboo/619-w-pine-st.html,wi,west-baraboo,619-w-pine-st
https://locations.tacobell.com/ca/yuba-city/619-colusa-ave.html,ca,yuba-city,619-colusa-ave
https://locations.tacobell.com/ar/dardanelle/618-union-st.html,ar,dardanelle,618-union-st
https://locations.tacobell.com/tx/marshall/618-e-end-blvd-s.html,tx,marshall,618-e-end-blvd-s
https://locations.tacobell.com/in/indianapolis/6165-n-keystone-ave-.html,in,indianapolis,6165-n-keystone-ave-
https://locations.tacobell.com/tx/fort-worth/6162-meadowbrook-dr-.html,tx,fort-worth,6162-meadowbrook-dr-
https://locations.tacobell.com/il/rockford/6161-e-state-st.html,il,rockford,6161-e-state-st
https://locations.tacobell.com/fl/inverness/616-w-main-street.html,fl,inverness,616-w-main-street
https://locations.tacobell.com/wa/marysville/616-state-street.html,wa,marysville,616-state-street
https://locations.tacobell.com/wi/oconomowoc/616-east-wisconsin-ave.html,wi,oconomowoc,616-east-wisconsin-ave
https://locations.tacobell.com/oh/cambridge/61550-southgate-rd.html,oh,cambridge,61550-southgate-rd
https://locations.tacobell.com/ga/covington/6151-hwy-278-nw.html,ga,covington,6151-hwy-278-nw
https://locations.tacobell.com/hi/honolulu/615-waiakamilo-ave.html,hi,honolulu,615-waiakamilo-ave
https://locations.tacobell.com/tx/san-antonio/615-san-pedro-ave-.html,tx,san-antonio,615-san-pedro-ave-
https://locations.tacobell.com/oh/piketon/615-s-west-st.html,oh,piketon,615-s-west-st
https://locations.tacobell.com/mo/lees-summit/615-libby-lane.html,mo,lees-summit,615-libby-lane
https://locations.tacobell.com/sc/simpsonville/615-fairview-rd.html,sc,simpsonville,615-fairview-rd
https://locations.tacobell.com/in/carmel/615-e--carmel-drive.html,in,carmel,615-e--carmel-drive
https://locations.tacobell.com/sd/aberdeen/615-centennial-st-s.html,sd,aberdeen,615-centennial-st-s
https://locations.tacobell.com/oh/westerville/6140-sunbury-rd.html,oh,westerville,6140-sunbury-rd
https://locations.tacobell.com/ms/clarksdale/614-s-state-st.html,ms,clarksdale,614-s-state-st
https://locations.tacobell.com/sc/saint-george/6131-west-jim-bilton-blvd-.html,sc,saint-george,6131-west-jim-bilton-blvd-
https://locations.tacobell.com/ga/canton/6113-hickory-flat-highway.html,ga,canton,6113-hickory-flat-highway
https://locations.tacobell.com/az/mesa/6111-e-southern-ave.html,az,mesa,6111-e-southern-ave
https://locations.tacobell.com/ne/omaha/6110-n-72nd-st.html,ne,omaha,6110-n-72nd-st
https://locations.tacobell.com/mo/fenton/611-gravois-rd-.html,mo,fenton,611-gravois-rd-
https://locations.tacobell.com/tn/powell/611-east-emory-rd.html,tn,powell,611-east-emory-rd
https://locations.tacobell.com/tx/canyon/611-23rd-st.html,tx,canyon,611-23rd-st
https://locations.tacobell.com/tx/beaumont/6105-eastex-freeway.html,tx,beaumont,6105-eastex-freeway
https://locations.tacobell.com/ca/san-diego/6104-university-ave.html,ca,san-diego,6104-university-ave
https://locations.tacobell.com/tx/mckinney/6101-el-dorado-parkway.html,tx,mckinney,6101-el-dorado-parkway
https://locations.tacobell.com/in/noblesville/610-westfield-rd.html,in,noblesville,610-westfield-rd
https://locations.tacobell.com/mo/republic/610-u-s--hwy-60-east.html,mo,republic,610-u-s--hwy-60-east
https://locations.tacobell.com/il/taylorville/610-n-webster-st.html,il,taylorville,610-n-webster-st
https://locations.tacobell.com/al/fort-payne/610-glenn-blvd-sw.html,al,fort-payne,610-glenn-blvd-sw
https://locations.tacobell.com/in/kendallville/610-fairview-drive.html,in,kendallville,610-fairview-drive
https://locations.tacobell.com/ut/saint-george/610-east-st-george-blvd.html,ut,saint-george,610-east-st-george-blvd
https://locations.tacobell.com/ms/west-point/6095-highway-45-alt-south.html,ms,west-point,6095-highway-45-alt-south
https://locations.tacobell.com/ky/harrodsburg/609-south-college-st-.html,ky,harrodsburg,609-south-college-st-
https://locations.tacobell.com/mo/saint-peters/6082-mid-rivers-mall-dr-.html,mo,saint-peters,6082-mid-rivers-mall-dr-
https://locations.tacobell.com/ca/lodi/608-w-lodi-ave.html,ca,lodi,608-w-lodi-ave
https://locations.tacobell.com/oh/englewood/608-south-main-street.html,oh,englewood,608-south-main-street
https://locations.tacobell.com/va/blacksburg/608-n-main-st.html,va,blacksburg,608-n-main-st
https://locations.tacobell.com/ca/loomis/6079-horseshoe-bar-road.html,ca,loomis,6079-horseshoe-bar-road
https://locations.tacobell.com/oh/canal-winchester/6075-gender-road.html,oh,canal-winchester,6075-gender-road
https://locations.tacobell.com/mo/mexico/607-west-monroe-street.html,mo,mexico,607-west-monroe-street
https://locations.tacobell.com/oh/anna/607-e-main-street.html,oh,anna,607-e-main-street
https://locations.tacobell.com/fl/orlando/6065-s--goldenrod-rd-.html,fl,orlando,6065-s--goldenrod-rd-
https://locations.tacobell.com/ca/highland-park/6060-north-figueroa-street.html,ca,highland-park,6060-north-figueroa-street
https://locations.tacobell.com/nm/deming/606-west-pine-street.html,nm,deming,606-west-pine-street
https://locations.tacobell.com/wi/monroe/606-w--8th-street.html,wi,monroe,606-w--8th-street
https://locations.tacobell.com/ms/cleveland/606-n--davis.html,ms,cleveland,606-n--davis
https://locations.tacobell.com/tx/el-paso/6055-montana-ave-.html,tx,el-paso,6055-montana-ave-
https://locations.tacobell.com/in/portage/6053-us-highway-6.html,in,portage,6053-us-highway-6
https://locations.tacobell.com/oh/napoleon/605-wood-drive.html,oh,napoleon,605-wood-drive
https://locations.tacobell.com/or/silverton/605-west-c-street.html,or,silverton,605-west-c-street
https://locations.tacobell.com/mo/lees-summit/605-ne-highway-291.html,mo,lees-summit,605-ne-highway-291
https://locations.tacobell.com/mi/grand-rapids/605-leonard-street-nw.html,mi,grand-rapids,605-leonard-street-nw
https://locations.tacobell.com/la/opelousas/605-creswell-ln.html,la,opelousas,605-creswell-ln
https://locations.tacobell.com/il/oak-lawn/6049-west-95th-street.html,il,oak-lawn,6049-west-95th-street
https://locations.tacobell.com/tx/fort-worth/6040-s-hulen-st.html,tx,fort-worth,6040-s-hulen-st
https://locations.tacobell.com/tx/flower-mound/6040-long-prairie-dr-.html,tx,flower-mound,6040-long-prairie-dr-
https://locations.tacobell.com/mn/albertville/6040-labeaux-ave-ne.html,mn,albertville,6040-labeaux-ave-ne
https://locations.tacobell.com/tx/terrell/604-w-moore-st.html,tx,terrell,604-w-moore-st
https://locations.tacobell.com/va/norton/604-trent-st.html,va,norton,604-trent-st
https://locations.tacobell.com/mi/big-rapids/604-s-state-street.html,mi,big-rapids,604-s-state-street
https://locations.tacobell.com/ar/rogers/604-s-8th-street.html,ar,rogers,604-s-8th-street
https://locations.tacobell.com/il/chillicothe/604-n--4th-street.html,il,chillicothe,604-n--4th-street
https://locations.tacobell.com/ky/williamsburg/604-hwy-92-w.html,ky,williamsburg,604-hwy-92-w
https://locations.tacobell.com/ca/oakland/6035-telegraph-road.html,ca,oakland,6035-telegraph-road
https://locations.tacobell.com/mi/kalamazoo/6035-gull-rd.html,mi,kalamazoo,6035-gull-rd
https://locations.tacobell.com/nj/west-new-york/6035-bergenline-avenue.html,nj,west-new-york,6035-bergenline-avenue
https://locations.tacobell.com/ca/citrus-heights/6031-greenback-lane.html,ca,citrus-heights,6031-greenback-lane
https://locations.tacobell.com/ca/pleasanton/6030-johnson-dr.html,ca,pleasanton,6030-johnson-dr
https://locations.tacobell.com/oh/solon/6030-enterprise-pkwy.html,oh,solon,6030-enterprise-pkwy
https://locations.tacobell.com/mo/ofallon/603-s-main-st.html,mo,ofallon,603-s-main-st
https://locations.tacobell.com/me/bangor/603-broadway-street.html,me,bangor,603-broadway-street
https://locations.tacobell.com/fl/ellenton/6025-north-us-301.html,fl,ellenton,6025-north-us-301
https://locations.tacobell.com/ia/cedar-falls/6023-university-avenue.html,ia,cedar-falls,6023-university-avenue
https://locations.tacobell.com/tx/waxahachie/602-n-highway-77.html,tx,waxahachie,602-n-highway-77
https://locations.tacobell.com/nc/benson/602-e--main-st.html,nc,benson,602-e--main-st
https://locations.tacobell.com/al/enterprise/602-boll-weevil-circle.html,al,enterprise,602-boll-weevil-circle
https://locations.tacobell.com/ca/carlsbad/6017-paseo-del-norte.html,ca,carlsbad,6017-paseo-del-norte
https://locations.tacobell.com/ny/woodside/60-12-northern-blvd.html,ny,woodside,60-12-northern-blvd
https://locations.tacobell.com/nv/las-vegas/6010-w--tropicana.html,nv,las-vegas,6010-w--tropicana
https://locations.tacobell.com/or/seaside/601-south-roosevelt.html,or,seaside,601-south-roosevelt
https://locations.tacobell.com/mo/springfield/601-south-national-avenue.html,mo,springfield,601-south-national-avenue
https://locations.tacobell.com/ok/pryor/601-south-mill.html,ok,pryor,601-south-mill
https://locations.tacobell.com/mi/sturgis/601-s-centerville-rd.html,mi,sturgis,601-s-centerville-rd
https://locations.tacobell.com/tx/gainesville/601-medal-of-honor-blvd.html,tx,gainesville,601-medal-of-honor-blvd
https://locations.tacobell.com/il/elk-grove-village/601-meacham-rd.html,il,elk-grove-village,601-meacham-rd
https://locations.tacobell.com/tx/atlanta/601-highway-59-north.html,tx,atlanta,601-highway-59-north
https://locations.tacobell.com/nj/mount-holly/601-high-street.html,nj,mount-holly,601-high-street
https://locations.tacobell.com/ct/dayville/601-hartford-pike.html,ct,dayville,601-hartford-pike
https://locations.tacobell.com/nv/reno/601-e-moana-lane.html,nv,reno,601-e-moana-lane
https://locations.tacobell.com/ca/livermore/6005-preston-avenue.html,ca,livermore,6005-preston-avenue
https://locations.tacobell.com/fl/bradenton/6004-14th-street.html,fl,bradenton,6004-14th-street
https://locations.tacobell.com/ca/buena-park/6001-beach-blvd-.html,ca,buena-park,6001-beach-blvd-
https://locations.tacobell.com/tx/el-paso/6000-north-mesa-st.html,tx,el-paso,6000-north-mesa-st
https://locations.tacobell.com/ca/los-angeles/6000-crenshaw-blvd.html,ca,los-angeles,6000-crenshaw-blvd
https://locations.tacobell.com/la/abbeville/600-veterans-memorial-dr.html,la,abbeville,600-veterans-memorial-dr
https://locations.tacobell.com/ma/raynham/600-south-street.html,ma,raynham,600-south-street
https://locations.tacobell.com/ar/little-rock/600-south-bowman-road.html,ar,little-rock,600-south-bowman-road
https://locations.tacobell.com/ms/tupelo/600-s--gloster-st.html,ms,tupelo,600-s--gloster-st
https://locations.tacobell.com/ok/moore/600-nw-12th-st.html,ok,moore,600-nw-12th-st
https://locations.tacobell.com/tx/hutto/600-hwy-79.html,tx,hutto,600-hwy-79
https://locations.tacobell.com/ar/walnut-ridge/600-hwy-67-b.html,ar,walnut-ridge,600-hwy-67-b
https://locations.tacobell.com/ga/waynesboro/600-hopkins-corner-drive.html,ga,waynesboro,600-hopkins-corner-drive
https://locations.tacobell.com/az/bullhead-city/600-highway-95.html,az,bullhead-city,600-highway-95
https://locations.tacobell.com/wv/vienna/600-grand-central-ave.html,wv,vienna,600-grand-central-ave
https://locations.tacobell.com/fl/jacksonville/600-airport-center-dr-.html,fl,jacksonville,600-airport-center-dr-
https://locations.tacobell.com/ny/troy/60-vandenburgh-ave-.html,ny,troy,60-vandenburgh-ave-
https://locations.tacobell.com/ga/cleveland/60-parkway-plaza.html,ga,cleveland,60-parkway-plaza
https://locations.tacobell.com/ky/london/60-austin-lane.html,ky,london,60-austin-lane
https://locations.tacobell.com/ca/salinas/6-maple-street.html,ca,salinas,6-maple-street
https://locations.tacobell.com/nc/franklin/6-hyatt-rd.html,nc,franklin,6-hyatt-rd
https://locations.tacobell.com/ca/king-city/6-broadway-circle.html,ca,king-city,6-broadway-circle
https://locations.tacobell.com/md/la-plata/5995-crain-hwy-.html,md,la-plata,5995-crain-hwy-
https://locations.tacobell.com/fl/miami/599-ne-167-st.html,fl,miami,599-ne-167-st
https://locations.tacobell.com/co/fruita/599-kokopelli-blvd-.html,co,fruita,599-kokopelli-blvd-
https://locations.tacobell.com/ca/goleta/5980-hollister-avenue.html,ca,goleta,5980-hollister-avenue
https://locations.tacobell.com/tx/tyler/5978-old-jacksonville-hwy.html,tx,tyler,5978-old-jacksonville-hwy
https://locations.tacobell.com/fl/winter-haven/5975-cypress-garden-blvd.html,fl,winter-haven,5975-cypress-garden-blvd
https://locations.tacobell.com/la/houma/5974-w-main-st.html,la,houma,5974-w-main-st
https://locations.tacobell.com/nc/wilmington/5972-carolina-beach-rd.html,nc,wilmington,5972-carolina-beach-rd
https://locations.tacobell.com/fl/orlando/5960-central-florida-parkway.html,fl,orlando,5960-central-florida-parkway
https://locations.tacobell.com/ca/north-hollywood/5958-lankershim-blvd.html,ca,north-hollywood,5958-lankershim-blvd
https://locations.tacobell.com/mo/hazelwood/5950-howdershell-rd.html,mo,hazelwood,5950-howdershell-rd
https://locations.tacobell.com/ga/cumming/5945-bethelview-road.html,ga,cumming,5945-bethelview-road
https://locations.tacobell.com/ks/merriam/5930-ikea-way.html,ks,merriam,5930-ikea-way
https://locations.tacobell.com/ga/elberton/593-elbert-st.html,ga,elberton,593-elbert-st
https://locations.tacobell.com/fl/oakland-park/593-east-oakland-park-blvd.html,fl,oakland-park,593-east-oakland-park-blvd
https://locations.tacobell.com/mo/kansas-city/5925-independence-ave.html,mo,kansas-city,5925-independence-ave
https://locations.tacobell.com/al/atmore/5920-hwy-21.html,al,atmore,5920-hwy-21
https://locations.tacobell.com/ca/sacramento/5919-stockton-blvd.html,ca,sacramento,5919-stockton-blvd
https://locations.tacobell.com/wa/seattle/5918-15th-avenue-nw.html,wa,seattle,5918-15th-avenue-nw
https://locations.tacobell.com/nc/fayetteville/5915-yadkin-road.html,nc,fayetteville,5915-yadkin-road
https://locations.tacobell.com/fl/jacksonville/5905-merrill.html,fl,jacksonville,5905-merrill
https://locations.tacobell.com/al/wetumpka/5903-us-hwy-231.html,al,wetumpka,5903-us-hwy-231
https://locations.tacobell.com/nj/trenton/590-s-broad-street.html,nj,trenton,590-s-broad-street
https://locations.tacobell.com/hi/kapolei/590-farrington-hwy.html,hi,kapolei,590-farrington-hwy
https://locations.tacobell.com/ca/garden-grove/5891-chapman-ave.html,ca,garden-grove,5891-chapman-ave
https://locations.tacobell.com/va/alexandria/5890-kingstowne-center.html,va,alexandria,5890-kingstowne-center
https://locations.tacobell.com/or/saint-helens/58761-s-columbia-river-hwy.html,or,saint-helens,58761-s-columbia-river-hwy
https://locations.tacobell.com/fl/jacksonville/5875-new-kings-road.html,fl,jacksonville,5875-new-kings-road
https://locations.tacobell.com/ca/paradise/5859-clark-road.html,ca,paradise,5859-clark-road
https://locations.tacobell.com/sc/north-charleston/5856-rivers-ave.html,sc,north-charleston,5856-rivers-ave
https://locations.tacobell.com/ca/lakewood/5850-del-amo-blvd.html,ca,lakewood,5850-del-amo-blvd
https://locations.tacobell.com/ca/yucca-valley/58497-29-palms-hwy.html,ca,yucca-valley,58497-29-palms-hwy
https://locations.tacobell.com/ga/douglasville/5845-stewart-parkway.html,ga,douglasville,5845-stewart-parkway
https://locations.tacobell.com/va/virginia-beach/5845-northampton-blvd.html,va,virginia-beach,5845-northampton-blvd
https://locations.tacobell.com/oh/sylvania/5844-w-alexis-rd.html,oh,sylvania,5844-w-alexis-rd
https://locations.tacobell.com/pa/philadelphia/5840-old-york-rd.html,pa,philadelphia,5840-old-york-rd
https://locations.tacobell.com/az/phoenix/5825-s-35th-ave.html,az,phoenix,5825-s-35th-ave
https://locations.tacobell.com/tx/corpus-christi/5821-saratoga-blvd.html,tx,corpus-christi,5821-saratoga-blvd
https://locations.tacobell.com/de/middletown/582-middletown-warwick-rd.html,de,middletown,582-middletown-warwick-rd
https://locations.tacobell.com/il/bourbonnais/582-main-nw.html,il,bourbonnais,582-main-nw
https://locations.tacobell.com/va/richmond/5811-w-broad-st.html,va,richmond,5811-w-broad-st
https://locations.tacobell.com/fl/sarasota/5811-bee-ridge-road.html,fl,sarasota,5811-bee-ridge-road
https://locations.tacobell.com/ks/wichita/5808-e-central.html,ks,wichita,5808-e-central
https://locations.tacobell.com/tx/amarillo/5807-sw-45th-ave.html,tx,amarillo,5807-sw-45th-ave
https://locations.tacobell.com/ny/lockport/5802-s-transit-rd.html,ny,lockport,5802-s-transit-rd
https://locations.tacobell.com/nm/albuquerque/5801-wyoming-blvd-ne.html,nm,albuquerque,5801-wyoming-blvd-ne
https://locations.tacobell.com/ca/los-angeles/5801-s--vermont-ave-.html,ca,los-angeles,5801-s--vermont-ave-
https://locations.tacobell.com/pa/reading/5800-perkiomen-avenue.html,pa,reading,5800-perkiomen-avenue
https://locations.tacobell.com/tx/buda/580-old-san-antonio-rd-.html,tx,buda,580-old-san-antonio-rd-
https://locations.tacobell.com/ms/southaven/580-church-rd-.html,ms,southaven,580-church-rd-
https://locations.tacobell.com/or/salem/5795-commercial-st-se.html,or,salem,5795-commercial-st-se
https://locations.tacobell.com/al/gadsden/579-e--meighan-boulevard.html,al,gadsden,579-e--meighan-boulevard
https://locations.tacobell.com/md/severna-park/578-richie-hwy.html,md,severna-park,578-richie-hwy
https://locations.tacobell.com/ct/danielson/578-providence-rd-.html,ct,danielson,578-providence-rd-
https://locations.tacobell.com/fl/orlando/576-s--alafaya-trail.html,fl,orlando,576-s--alafaya-trail
https://locations.tacobell.com/ga/douglasville/5753-fairburn-road.html,ga,douglasville,5753-fairburn-road
https://locations.tacobell.com/wi/milwaukee/5751-west-fon-du-lac.html,wi,milwaukee,5751-west-fon-du-lac
https://locations.tacobell.com/ut/lindon/571-n--state-street.html,ut,lindon,571-n--state-street
https://locations.tacobell.com/oh/bucyrus/575-s-sandusky-ave.html,oh,bucyrus,575-s-sandusky-ave
https://locations.tacobell.com/in/greendale/575-eads-parkway-east.html,in,greendale,575-eads-parkway-east
https://locations.tacobell.com/tx/arlington/5745-interstate-20-w.html,tx,arlington,5745-interstate-20-w
https://locations.tacobell.com/il/monee/5737-w--monee-manhattan-road.html,il,monee,5737-w--monee-manhattan-road
https://locations.tacobell.com/nj/east-brunswick/572-route-18.html,nj,east-brunswick,572-route-18
https://locations.tacobell.com/tx/lubbock/5713-fourth-street.html,tx,lubbock,5713-fourth-street
https://locations.tacobell.com/nc/wallace/5710-s-nc-41-hwy.html,nc,wallace,5710-s-nc-41-hwy
https://locations.tacobell.com/nv/pahrump/571-s-highway-160.html,nv,pahrump,571-s-highway-160
https://locations.tacobell.com/tx/garland/5709-broadway-blvd-.html,tx,garland,5709-broadway-blvd-
https://locations.tacobell.com/az/glendale/5705-w-bell-rd.html,az,glendale,5705-w-bell-rd
https://locations.tacobell.com/fl/miami-lakes/5705-nw-163rd-street.html,fl,miami-lakes,5705-nw-163rd-street
https://locations.tacobell.com/ok/warr-acres/5704-nw-expressway.html,ok,warr-acres,5704-nw-expressway
https://locations.tacobell.com/mo/kansas-city/5704-e-red-bridge-rd.html,mo,kansas-city,5704-e-red-bridge-rd
https://locations.tacobell.com/pa/hummelstown/570-walton-avenue.html,pa,hummelstown,570-walton-avenue
https://locations.tacobell.com/ny/rockville-centre/570-sunrise-highway.html,ny,rockville-centre,570-sunrise-highway
https://locations.tacobell.com/ky/cadiz/57-hospitality-lane.html,ky,cadiz,57-hospitality-lane
https://locations.tacobell.com/al/hokes-bluff/5692-highway-278-east.html,al,hokes-bluff,5692-highway-278-east
https://locations.tacobell.com/ca/newark/5684-thornton-ave.html,ca,newark,5684-thornton-ave
https://locations.tacobell.com/va/burke/5661-burke-centre-parkway.html,va,burke,5661-burke-centre-parkway
https://locations.tacobell.com/tx/frisco/5656-eldorado-parkway.html,tx,frisco,5656-eldorado-parkway
https://locations.tacobell.com/ca/fresno/5651-east-kings-canyon-rd-.html,ca,fresno,5651-east-kings-canyon-rd-
https://locations.tacobell.com/co/colorado-springs/5650-north-academy-blvd.html,co,colorado-springs,5650-north-academy-blvd
https://locations.tacobell.com/wa/lacey/5650-martin-way.html,wa,lacey,5650-martin-way
https://locations.tacobell.com/tn/lexington/565-west-church-street.html,tn,lexington,565-west-church-street
https://locations.tacobell.com/pa/hazleton/565-susquehanna-blvd.html,pa,hazleton,565-susquehanna-blvd
https://locations.tacobell.com/mn/saint-paul/565-no-snelling.html,mn,saint-paul,565-no-snelling
https://locations.tacobell.com/or/salem/565-lancaster-dr-se.html,or,salem,565-lancaster-dr-se
https://locations.tacobell.com/ga/carrollton/565-bankhead-hwy.html,ga,carrollton,565-bankhead-hwy
https://locations.tacobell.com/nv/las-vegas/5645-s-rainbow-blvd.html,nv,las-vegas,5645-s-rainbow-blvd
https://locations.tacobell.com/ut/roy/5641-s-1900-w.html,ut,roy,5641-s-1900-w
https://locations.tacobell.com/ca/sacramento/5641-freeport-blvd-.html,ca,sacramento,5641-freeport-blvd-
https://locations.tacobell.com/mi/lansing/5634-s-cedar.html,mi,lansing,5634-s-cedar
https://locations.tacobell.com/wi/milwaukee/5630-w-north-ave.html,wi,milwaukee,5630-w-north-ave
https://locations.tacobell.com/ny/rensselaer/563-north-greenbush-road.html,ny,rensselaer,563-north-greenbush-road
https://locations.tacobell.com/ca/sacramento/5625-folsom-blvd.html,ca,sacramento,5625-folsom-blvd
https://locations.tacobell.com/wi/racine/5620-washington-ave.html,wi,racine,5620-washington-ave
https://locations.tacobell.com/ne/kearney/5620-1st-avenue.html,ne,kearney,5620-1st-avenue
https://locations.tacobell.com/il/countryside/5611-s-la-grange-rd.html,il,countryside,5611-s-la-grange-rd
https://locations.tacobell.com/wv/martinsburg/5610-hammonds-mill-road.html,wv,martinsburg,5610-hammonds-mill-road
https://locations.tacobell.com/ca/fresno/5610-blackstone-ave.html,ca,fresno,5610-blackstone-ave
https://locations.tacobell.com/ga/jackson/561-e-third-street.html,ga,jackson,561-e-third-street
https://locations.tacobell.com/tx/austin/5604-cameron-rd.html,tx,austin,5604-cameron-rd
https://locations.tacobell.com/mo/farmington/560-w-karsch-blvd.html,mo,farmington,560-w-karsch-blvd
https://locations.tacobell.com/nj/brick/560-brick-blvd.html,nj,brick,560-brick-blvd
https://locations.tacobell.com/mi/wyoming/560-28th-st-se.html,mi,wyoming,560-28th-st-se
https://locations.tacobell.com/ny/albany/56-wolf-road.html,ny,albany,56-wolf-road
https://locations.tacobell.com/ca/port-hueneme/559-w-channel-islands-blvd.html,ca,port-hueneme,559-w-channel-islands-blvd
https://locations.tacobell.com/fl/panama-city-beach/559-richard-jackson-blvd.html,fl,panama-city-beach,559-richard-jackson-blvd
https://locations.tacobell.com/va/culpeper/559-james-madison-hwy.html,va,culpeper,559-james-madison-hwy
https://locations.tacobell.com/ca/agoura-hills/5589-kanan-road.html,ca,agoura-hills,5589-kanan-road
https://locations.tacobell.com/ca/riverside/5587-arlington-avenue.html,ca,riverside,5587-arlington-avenue
https://locations.tacobell.com/az/florence/558-n-pinal-parkway.html,az,florence,558-n-pinal-parkway
https://locations.tacobell.com/tx/dallas/5575-n-jim-miller-rd.html,tx,dallas,5575-n-jim-miller-rd
https://locations.tacobell.com/ms/byram/5575-i-55-south.html,ms,byram,5575-i-55-south
https://locations.tacobell.com/pa/du-bois/5574-shaffer-rd-.html,pa,du-bois,5574-shaffer-rd-
https://locations.tacobell.com/co/littleton/5572-s--broadway.html,co,littleton,5572-s--broadway
https://locations.tacobell.com/wi/glendale/5560-port-washington-rd-n.html,wi,glendale,5560-port-washington-rd-n
https://locations.tacobell.com/mi/battle-creek/5560-beckley.html,mi,battle-creek,5560-beckley
https://locations.tacobell.com/fl/sarasota/5557-fruitville-rd.html,fl,sarasota,5557-fruitville-rd
https://locations.tacobell.com/in/elkhart/55560-ash-road.html,in,elkhart,55560-ash-road
https://locations.tacobell.com/hi/laie/55-510-kamehameha-hwy.html,hi,laie,55-510-kamehameha-hwy
https://locations.tacobell.com/ca/sacramento/5550-martin-luther-king-blvd.html,ca,sacramento,5550-martin-luther-king-blvd
https://locations.tacobell.com/ok/jenks/555-west-main-st.html,ok,jenks,555-west-main-st
https://locations.tacobell.com/co/northglenn/555-w--104th-ave-.html,co,northglenn,555-w--104th-ave-
https://locations.tacobell.com/ia/cedar-rapids/555-sw-33rd-avenue.html,ia,cedar-rapids,555-sw-33rd-avenue
https://locations.tacobell.com/ca/colfax/555-south-auburn-street.html,ca,colfax,555-south-auburn-street
https://locations.tacobell.com/ca/san-rafael/555-second-street.html,ca,san-rafael,555-second-street
https://locations.tacobell.com/fl/crystal-river/555-ne-hwy-19.html,fl,crystal-river,555-ne-hwy-19
https://locations.tacobell.com/ga/dacula/555-dacula-road.html,ga,dacula,555-dacula-road
https://locations.tacobell.com/ca/san-jose/5538-monterey-hwy.html,ca,san-jose,5538-monterey-hwy
https://locations.tacobell.com/ut/kearns/5534-west-6200-south.html,ut,kearns,5534-west-6200-south
https://locations.tacobell.com/mn/brooklyn-center/5532-brooklyn-blvd.html,mn,brooklyn-center,5532-brooklyn-blvd
https://locations.tacobell.com/nc/garner/5530-north-carolina-highway-42.html,nc,garner,5530-north-carolina-highway-42
https://locations.tacobell.com/tx/corpus-christi/5530-everhart.html,tx,corpus-christi,5530-everhart
https://locations.tacobell.com/wa/lacey/5520-corporate-center-lane-se.html,wa,lacey,5520-corporate-center-lane-se
https://locations.tacobell.com/ga/norcross/5518-jimmy-carter-blvd.html,ga,norcross,5518-jimmy-carter-blvd
https://locations.tacobell.com/va/fredericksburg/5511-plank-road.html,va,fredericksburg,5511-plank-road
https://locations.tacobell.com/fl/pensacola/5510-mobile-highway.html,fl,pensacola,5510-mobile-highway
https://locations.tacobell.com/ny/shirley/551-william-floyd-parkway.html,ny,shirley,551-william-floyd-parkway
https://locations.tacobell.com/nc/elkin/551-cc-camp-road.html,nc,elkin,551-cc-camp-road
https://locations.tacobell.com/tx/dallas/5506-e-mockingbird-ln-.html,tx,dallas,5506-e-mockingbird-ln-
https://locations.tacobell.com/fl/orlando/5503-s-semoran-blvd-.html,fl,orlando,5503-s-semoran-blvd-
https://locations.tacobell.com/md/brooklyn/5501-ritchie-hwy.html,md,brooklyn,5501-ritchie-hwy
https://locations.tacobell.com/oh/cincinnati/5500-colerain-ave.html,oh,cincinnati,5500-colerain-ave
https://locations.tacobell.com/co/broomfield/550-alter-street.html,co,broomfield,550-alter-street
https://locations.tacobell.com/md/prince-frederick/55-steeple-chase-drive.html,md,prince-frederick,55-steeple-chase-drive
https://locations.tacobell.com/ga/blue-ridge/5475-appalachian-hwy.html,ga,blue-ridge,5475-appalachian-hwy
https://locations.tacobell.com/tx/brownwood/547-w-commerce-st.html,tx,brownwood,547-w-commerce-st
https://locations.tacobell.com/ny/lynbrook/547-merrick-road.html,ny,lynbrook,547-merrick-road
https://locations.tacobell.com/in/elkhart/54633-county-road-17.html,in,elkhart,54633-county-road-17
https://locations.tacobell.com/ga/peachtree-corners/5460-peachtree-parkway.html,ga,peachtree-corners,5460-peachtree-parkway
https://locations.tacobell.com/mo/saint-louis/5453-telegraph-road.html,mo,saint-louis,5453-telegraph-road
https://locations.tacobell.com/oh/columbus/5449-west-broad-street.html,oh,columbus,5449-west-broad-street
https://locations.tacobell.com/wi/milwaukee/5441-n-lovers-lane-rd.html,wi,milwaukee,5441-n-lovers-lane-rd
https://locations.tacobell.com/ca/san-jose/5431-camden-ave-.html,ca,san-jose,5431-camden-ave-
https://locations.tacobell.com/va/fredericksburg/543-emancipation-hwy.html,va,fredericksburg,543-emancipation-hwy
https://locations.tacobell.com/ct/milford/543-bridgeport-ave.html,ct,milford,543-bridgeport-ave
https://locations.tacobell.com/mi/fruitport/5425-blueberry-lane.html,mi,fruitport,5425-blueberry-lane
https://locations.tacobell.com/wi/hales-corners/5420-south-108th-street.html,wi,hales-corners,5420-south-108th-street
https://locations.tacobell.com/oh/mason/5418-kings-center-way.html,oh,mason,5418-kings-center-way
https://locations.tacobell.com/ky/louisville/5414-newcut-rd.html,ky,louisville,5414-newcut-rd
https://locations.tacobell.com/ny/norwich/5412-ny-state-route-12.html,ny,norwich,5412-ny-state-route-12
https://locations.tacobell.com/fl/bradenton/5410-manatee-ave.html,fl,bradenton,5410-manatee-ave
https://locations.tacobell.com/ca/jackson/541-s-highway-49.html,ca,jackson,541-s-highway-49
https://locations.tacobell.com/ar/alma/541-highway-71-n.html,ar,alma,541-highway-71-n
https://locations.tacobell.com/in/indianapolis/5407-e-thompson-road.html,in,indianapolis,5407-e-thompson-road
https://locations.tacobell.com/ca/east-los-angeles/5406-whittier-blvd.html,ca,east-los-angeles,5406-whittier-blvd
https://locations.tacobell.com/fl/wesley-chapel/5406-county-rd-581.html,fl,wesley-chapel,5406-county-rd-581
https://locations.tacobell.com/tx/rowlett/5402-rowlett-road.html,tx,rowlett,5402-rowlett-road
https://locations.tacobell.com/tx/arlington/5401-s-cooper-st.html,tx,arlington,5401-s-cooper-st
https://locations.tacobell.com/fl/orlando/5400-n--orange-blossom-trail.html,fl,orlando,5400-n--orange-blossom-trail
https://locations.tacobell.com/va/king-george/5400-james-madison-parkway.html,va,king-george,5400-james-madison-parkway
https://locations.tacobell.com/wi/stevens-point/5400-highway-10-east.html,wi,stevens-point,5400-highway-10-east
https://locations.tacobell.com/co/englewood/540-west-hampden-avenue.html,co,englewood,540-west-hampden-avenue
https://locations.tacobell.com/nj/orange/540-main-street.html,nj,orange,540-main-street
https://locations.tacobell.com/va/virginia-beach/540-1st-colonial-rd.html,va,virginia-beach,540-1st-colonial-rd
https://locations.tacobell.com/il/fox-lake/54-s-us-highway-12.html,il,fox-lake,54-s-us-highway-12
https://locations.tacobell.com/fl/orange-park/54-blanding-blvd.html,fl,orange-park,54-blanding-blvd
https://locations.tacobell.com/ca/long-beach/5395-atlantic-ave.html,ca,long-beach,5395-atlantic-ave
https://locations.tacobell.com/al/mobile/5392-hwy-90-west.html,al,mobile,5392-hwy-90-west
https://locations.tacobell.com/mi/escanaba/539-n-lincoln-road.html,mi,escanaba,539-n-lincoln-road
https://locations.tacobell.com/ca/san-jose/5389-prospect-rd.html,ca,san-jose,5389-prospect-rd
https://locations.tacobell.com/ga/lithonia/5385-fairington-rd-.html,ga,lithonia,5385-fairington-rd-
https://locations.tacobell.com/al/montgomery/5380-atlanta-hwy.html,al,montgomery,5380-atlanta-hwy
https://locations.tacobell.com/fl/tampa/5367-ehrlich-road.html,fl,tampa,5367-ehrlich-road
https://locations.tacobell.com/tx/irving/5360-n-macarthur-blvd.html,tx,irving,5360-n-macarthur-blvd
https://locations.tacobell.com/in/mishawaka/536-west-mckinley-road.html,in,mishawaka,536-west-mckinley-road
https://locations.tacobell.com/tx/frisco/5359-lebanon-rd.html,tx,frisco,5359-lebanon-rd
https://locations.tacobell.com/ca/santa-paula/535-west-harvard-blvd.html,ca,santa-paula,535-west-harvard-blvd
https://locations.tacobell.com/ca/nipomo/535-w-tefft-street.html,ca,nipomo,535-w-tefft-street
https://locations.tacobell.com/ca/san-jose/535-w-capitol-expressway.html,ca,san-jose,535-w-capitol-expressway
https://locations.tacobell.com/nv/las-vegas/535-east-windmill.html,nv,las-vegas,535-east-windmill
https://locations.tacobell.com/oh/celina/535-east-market-street.html,oh,celina,535-east-market-street
https://locations.tacobell.com/mt/kalispell/535-e--idaho.html,mt,kalispell,535-e--idaho
https://locations.tacobell.com/tx/fort-worth/5340-blue-mound-rd.html,tx,fort-worth,5340-blue-mound-rd
https://locations.tacobell.com/in/warsaw/534-west-300-north.html,in,warsaw,534-west-300-north
https://locations.tacobell.com/or/bend/533-ne-bellevue-dr.html,or,bend,533-ne-bellevue-dr
https://locations.tacobell.com/or/klamath-falls/5327-south-6th-st.html,or,klamath-falls,5327-south-6th-st
https://locations.tacobell.com/co/arvada/5325-west-80th-ave.html,co,arvada,5325-west-80th-ave
https://locations.tacobell.com/va/prince-george/5322-oaklawn-blvd.html,va,prince-george,5322-oaklawn-blvd
https://locations.tacobell.com/tx/garland/5322-n-garland-ave.html,tx,garland,5322-n-garland-ave
https://locations.tacobell.com/la/west-monroe/5322-cypress-street.html,la,west-monroe,5322-cypress-street
https://locations.tacobell.com/tn/memphis/5320-knight-arnold-rd.html,tn,memphis,5320-knight-arnold-rd
https://locations.tacobell.com/ca/stockton/532-w-hammer-lane.html,ca,stockton,532-w-hammer-lane
https://locations.tacobell.com/fl/tampa/5318-east-fowler-ave.html,fl,tampa,5318-east-fowler-ave
https://locations.tacobell.com/tx/san-antonio/5315-rigsby-avenue.html,tx,san-antonio,5315-rigsby-avenue
https://locations.tacobell.com/pa/clifton-heights/5311-w--baltimore-avenue.html,pa,clifton-heights,5311-w--baltimore-avenue
https://locations.tacobell.com/ne/omaha/5310-south-108th-street.html,ne,omaha,5310-south-108th-street
https://locations.tacobell.com/in/anderson/5310-s--scatterfield-rd-.html,in,anderson,5310-s--scatterfield-rd-
https://locations.tacobell.com/tx/river-oaks/5304-river-oaks-blvd.html,tx,river-oaks,5304-river-oaks-blvd
https://locations.tacobell.com/nm/albuquerque/5303-san-mateo-blvd-ne.html,nm,albuquerque,5303-san-mateo-blvd-ne
https://locations.tacobell.com/in/indianapolis/5302-w-washington-st-.html,in,indianapolis,5302-w-washington-st-
https://locations.tacobell.com/mi/kalamazoo/5301-portage-road.html,mi,kalamazoo,5301-portage-road
https://locations.tacobell.com/tx/el-paso/5300-dyer-st.html,tx,el-paso,5300-dyer-st
https://locations.tacobell.com/nc/black-mountain/530-nc-highway-9.html,nc,black-mountain,530-nc-highway-9
https://locations.tacobell.com/oh/dayton/5281-salem-ave.html,oh,dayton,5281-salem-ave
https://locations.tacobell.com/il/paris/528-e--jasper-st-.html,il,paris,528-e--jasper-st-
https://locations.tacobell.com/az/wickenburg/528-e-wickenburg-way.html,az,wickenburg,528-e-wickenburg-way
https://locations.tacobell.com/nc/oxford/527-east-industry-drive.html,nc,oxford,527-east-industry-drive
https://locations.tacobell.com/co/arvada/5260-wadsworth-bypass.html,co,arvada,5260-wadsworth-bypass
https://locations.tacobell.com/in/indianapolis/5260-e--southport-rd-.html,in,indianapolis,5260-e--southport-rd-
https://locations.tacobell.com/mn/faribault/526-wilson-ave-nw.html,mn,faribault,526-wilson-ave-nw
https://locations.tacobell.com/fl/clermont/526-us-highway-27.html,fl,clermont,526-us-highway-27
https://locations.tacobell.com/tx/lancaster/526-north-interstate-35-east.html,tx,lancaster,526-north-interstate-35-east
https://locations.tacobell.com/il/peru/5257-trompeter-road.html,il,peru,5257-trompeter-road
https://locations.tacobell.com/mo/blue-springs/525-ne-coronado-drive.html,mo,blue-springs,525-ne-coronado-drive
https://locations.tacobell.com/nv/henderson/524-e-lake-mead-pkwy.html,nv,henderson,524-e-lake-mead-pkwy
https://locations.tacobell.com/ca/sanger/524-academy.html,ca,sanger,524-academy
https://locations.tacobell.com/va/williamsburg/5239-john-tyler-hwy.html,va,williamsburg,5239-john-tyler-hwy
https://locations.tacobell.com/tn/westmoreland/5236-highway-31e.html,tn,westmoreland,5236-highway-31e
https://locations.tacobell.com/va/grafton/5230-george-washington-mem-hwy.html,va,grafton,5230-george-washington-mem-hwy
https://locations.tacobell.com/ca/san-diego/5230-balboa-ave-.html,ca,san-diego,5230-balboa-ave-
https://locations.tacobell.com/fl/clearwater/5225-east-bay-drive.html,fl,clearwater,5225-east-bay-drive
https://locations.tacobell.com/co/denver/5225-e-colfax-ave.html,co,denver,5225-e-colfax-ave
https://locations.tacobell.com/va/woodford/5219-mudd-tavern-road.html,va,woodford,5219-mudd-tavern-road
https://locations.tacobell.com/nm/albuquerque/5215-lomas-ne.html,nm,albuquerque,5215-lomas-ne
https://locations.tacobell.com/tx/houston/5211-34th-street.html,tx,houston,5211-34th-street
https://locations.tacobell.com/ca/sacramento/5210-auburn-blvd.html,ca,sacramento,5210-auburn-blvd
https://locations.tacobell.com/fl/saint-petersburg/5210-34th-street-south.html,fl,saint-petersburg,5210-34th-street-south
https://locations.tacobell.com/tx/harker-heights/521-e--fm-2410.html,tx,harker-heights,521-e--fm-2410
https://locations.tacobell.com/ga/stone-mountain/5201-memorial-drive.html,ga,stone-mountain,5201-memorial-drive
https://locations.tacobell.com/tn/gray/5201-bobby-hicks-highway-.html,tn,gray,5201-bobby-hicks-highway-
https://locations.tacobell.com/ca/pacifica/5200-coast-highway.html,ca,pacifica,5200-coast-highway
https://locations.tacobell.com/nj/newark/52-jones-st-.html,nj,newark,52-jones-st-
https://locations.tacobell.com/sc/easley/5197-calhoun-memorial-hwy.html,sc,easley,5197-calhoun-memorial-hwy
https://locations.tacobell.com/va/virginia-beach/5195-shore-dr.html,va,virginia-beach,5195-shore-dr
https://locations.tacobell.com/oh/fostoria/519-plaza-drive.html,oh,fostoria,519-plaza-drive
https://locations.tacobell.com/md/linthicum-heights/5184-raynor-ave.html,md,linthicum-heights,5184-raynor-ave
https://locations.tacobell.com/tx/richardson/517-w-arapaho-rd-.html,tx,richardson,517-w-arapaho-rd-
https://locations.tacobell.com/nv/reno/5165-mae-anne-avenue.html,nv,reno,5165-mae-anne-avenue
https://locations.tacobell.com/al/montgomery/5163-carmichael-rd.html,al,montgomery,5163-carmichael-rd
https://locations.tacobell.com/ga/smyrna/5161-s--cobb-dr-.html,ga,smyrna,5161-s--cobb-dr-
https://locations.tacobell.com/ga/stone-mountain/5160-hwy-78.html,ga,stone-mountain,5160-hwy-78
https://locations.tacobell.com/pa/altoona/516-w-plank-rd.html,pa,altoona,516-w-plank-rd
https://locations.tacobell.com/mn/rochester/516-n-broadway.html,mn,rochester,516-n-broadway
https://locations.tacobell.com/wa/fife/5152-pacific-highway-east.html,wa,fife,5152-pacific-highway-east
https://locations.tacobell.com/oh/columbus/5152-n--high-street.html,oh,columbus,5152-n--high-street
https://locations.tacobell.com/fl/jacksonville/5151-university-blvd-w.html,fl,jacksonville,5151-university-blvd-w
https://locations.tacobell.com/mi/oscoda/5150-u-s--23-north.html,mi,oscoda,5150-u-s--23-north
https://locations.tacobell.com/wa/everett/515-sw-128th-street.html,wa,everett,515-sw-128th-street
https://locations.tacobell.com/mn/bemidji/515-paul-bunyan-drive.html,mn,bemidji,515-paul-bunyan-drive
https://locations.tacobell.com/fl/orlando/5147-s-kirkman-rd.html,fl,orlando,5147-s-kirkman-rd
https://locations.tacobell.com/ca/fresno/5145-n-cedar-ave.html,ca,fresno,5145-n-cedar-ave
https://locations.tacobell.com/la/marrero/5141-lapalco-blvd.html,la,marrero,5141-lapalco-blvd
https://locations.tacobell.com/ma/attleboro/514-washington-st.html,ma,attleboro,514-washington-st
https://locations.tacobell.com/tn/kingston/514-n-kentucky-st.html,tn,kingston,514-n-kentucky-st
https://locations.tacobell.com/ky/richmond/514-eastern-bypass.html,ky,richmond,514-eastern-bypass
https://locations.tacobell.com/tx/uvalde/514-e-main.html,tx,uvalde,514-e-main
https://locations.tacobell.com/ne/omaha/5139-north-90th-street.html,ne,omaha,5139-north-90th-street
https://locations.tacobell.com/in/south-bend/5131-w--western-avenue.html,in,south-bend,5131-w--western-avenue
https://locations.tacobell.com/ca/torrance/5125-pacific-coast-hwy.html,ca,torrance,5125-pacific-coast-hwy
https://locations.tacobell.com/pa/east-stroudsburg/5124-milford-rd.html,pa,east-stroudsburg,5124-milford-rd
https://locations.tacobell.com/ar/stuttgart/512-w--22nd-street.html,ar,stuttgart,512-w--22nd-street
https://locations.tacobell.com/nj/cherry-hill/512-haddonfield-road.html,nj,cherry-hill,512-haddonfield-road
https://locations.tacobell.com/ga/college-park/5119-old-national-highway.html,ga,college-park,5119-old-national-highway
https://locations.tacobell.com/ca/stockton/5115-west-lane.html,ca,stockton,5115-west-lane
https://locations.tacobell.com/ny/westbury/511-old-country-rd.html,ny,westbury,511-old-country-rd
https://locations.tacobell.com/ar/van-buren/511-north-plaza-dr.html,ar,van-buren,511-north-plaza-dr
https://locations.tacobell.com/fl/orlando/5109-international-dr-.html,fl,orlando,5109-international-dr-
https://locations.tacobell.com/wa/pasco/5105-north-road-68.html,wa,pasco,5105-north-road-68
https://locations.tacobell.com/oh/obetz/5101-groveport-road.html,oh,obetz,5101-groveport-road
https://locations.tacobell.com/wi/wauwatosa/510-n-mayfair-rd.html,wi,wauwatosa,510-n-mayfair-rd
https://locations.tacobell.com/ca/tulare/510-e-tulare-ave.html,ca,tulare,510-e-tulare-ave
https://locations.tacobell.com/mo/mount-vernon/510-e-mt-vernon-blvd.html,mo,mount-vernon,510-e-mt-vernon-blvd
https://locations.tacobell.com/il/saint-charles/510-dunham-road.html,il,saint-charles,510-dunham-road
https://locations.tacobell.com/il/northlake/51-w--north-avenue.html,il,northlake,51-w--north-avenue
https://locations.tacobell.com/ut/bountiful/509-west-500-south.html,ut,bountiful,509-west-500-south
https://locations.tacobell.com/fl/destin/509-hwy-98-east.html,fl,destin,509-hwy-98-east
https://locations.tacobell.com/ut/herriman/5088-w-13400-south.html,ut,herriman,5088-w-13400-south
https://locations.tacobell.com/ga/acworth/5080-cherokee-st.html,ga,acworth,5080-cherokee-st
https://locations.tacobell.com/nj/belleville/508-washington-avenue.html,nj,belleville,508-washington-avenue
https://locations.tacobell.com/ok/mcalester/508-s-george-nigh-expy.html,ok,mcalester,508-s-george-nigh-expy
https://locations.tacobell.com/mo/columbia/508-e-nifong-blvd.html,mo,columbia,508-e-nifong-blvd
https://locations.tacobell.com/mi/kalamazoo/5076-south-9th-street.html,mi,kalamazoo,5076-south-9th-street
https://locations.tacobell.com/oh/saint-clairsville/50737-valley-frontage-rd.html,oh,saint-clairsville,50737-valley-frontage-rd
https://locations.tacobell.com/mo/nixa/507-west-mt-vernon-street.html,mo,nixa,507-west-mt-vernon-street
https://locations.tacobell.com/nc/graham/507-south-main-street.html,nc,graham,507-south-main-street
https://locations.tacobell.com/ky/taylor-mill/5067-sandman-dr.html,ky,taylor-mill,5067-sandman-dr
https://locations.tacobell.com/mi/saginaw/5066-state-st-.html,mi,saginaw,5066-state-st-
https://locations.tacobell.com/oh/cincinnati/5060-delhi-ave.html,oh,cincinnati,5060-delhi-ave
https://locations.tacobell.com/mi/standish/506-main-st.html,mi,standish,506-main-st
https://locations.tacobell.com/tn/erwin/506-jonesborough-road.html,tn,erwin,506-jonesborough-road
https://locations.tacobell.com/fl/jacksonville/5054-normandy-blvd.html,fl,jacksonville,5054-normandy-blvd
https://locations.tacobell.com/tx/denton/5050-teasley-lane.html,tx,denton,5050-teasley-lane
https://locations.tacobell.com/co/denver/5050-s-quebec.html,co,denver,5050-s-quebec
https://locations.tacobell.com/tx/allen/505-west-mcdermott-drive.html,tx,allen,505-west-mcdermott-drive
https://locations.tacobell.com/tx/dallas/505-w-illinois-ave.html,tx,dallas,505-w-illinois-ave
https://locations.tacobell.com/ok/henryetta/505-e-main.html,ok,henryetta,505-e-main
https://locations.tacobell.com/mi/grand-rapids/5049-northland-dr.html,mi,grand-rapids,5049-northland-dr
https://locations.tacobell.com/co/littleton/5041-s--jellison-way.html,co,littleton,5041-s--jellison-way
https://locations.tacobell.com/nm/santa-fe/5040-promenade-blvd.html,nm,santa-fe,5040-promenade-blvd
https://locations.tacobell.com/ar/trumann/504-hwy--63.html,ar,trumann,504-hwy--63
https://locations.tacobell.com/md/bel-air/504-baltimore-pike.html,md,bel-air,504-baltimore-pike
https://locations.tacobell.com/mo/saint-louis/5031-natural-bridge.html,mo,saint-louis,5031-natural-bridge
https://locations.tacobell.com/in/plainfield/5030-cambridge-way.html,in,plainfield,5030-cambridge-way
https://locations.tacobell.com/mn/hinckley/503-fire-monument-road.html,mn,hinckley,503-fire-monument-road
https://locations.tacobell.com/ca/stockton/5025-s-highway-99.html,ca,stockton,5025-s-highway-99
https://locations.tacobell.com/tx/texarkana/5021-n--stateline-road.html,tx,texarkana,5021-n--stateline-road
https://locations.tacobell.com/va/newport-news/5020-w-mercury-blvd.html,va,newport-news,5020-w-mercury-blvd
https://locations.tacobell.com/tx/austin/502-w-william-cannon-dr.html,tx,austin,502-w-william-cannon-dr
https://locations.tacobell.com/tx/garland/502-s-garland-ave.html,tx,garland,502-s-garland-ave
https://locations.tacobell.com/wv/spencer/450-ripley-rd.html,wv,spencer,450-ripley-rd
https://locations.tacobell.com/tx/bastrop/502-highway-71-w.html,tx,bastrop,502-highway-71-w
https://locations.tacobell.com/co/colorado-springs/502-garden-of-the-gods-road.html,co,colorado-springs,502-garden-of-the-gods-road
https://locations.tacobell.com/mi/saline/502-east-michigan-avenue.html,mi,saline,502-east-michigan-avenue
https://locations.tacobell.com/mi/kalamazoo/5013-w-main.html,mi,kalamazoo,5013-w-main
https://locations.tacobell.com/in/indianapolis/5010-east-county-line-rd.html,in,indianapolis,5010-east-county-line-rd
https://locations.tacobell.com/la/bossier-city/501-stockwell-road.html,la,bossier-city,501-stockwell-road
https://locations.tacobell.com/il/danville/501-south-gilbert.html,il,danville,501-south-gilbert
https://locations.tacobell.com/fl/okeechobee/501-ne-park-street.html,fl,okeechobee,501-ne-park-street
https://locations.tacobell.com/tn/gordonsville/501-gordonsville-highway.html,tn,gordonsville,501-gordonsville-highway
https://locations.tacobell.com/ga/sylvester/501-east-franklin-street.html,ga,sylvester,501-east-franklin-street
https://locations.tacobell.com/fl/hialeah/501-east-49th-street.html,fl,hialeah,501-east-49th-street
https://locations.tacobell.com/mo/saint-louis/501-chouteau.html,mo,saint-louis,501-chouteau
https://locations.tacobell.com/il/minooka/501-bob-blair-road.html,il,minooka,501-bob-blair-road
https://locations.tacobell.com/wa/auburn/501-15th-st--n-e-.html,wa,auburn,501-15th-st--n-e-
https://locations.tacobell.com/ca/coachella/50060-harrison-st-.html,ca,coachella,50060-harrison-st-
https://locations.tacobell.com/wa/everett/5006-132nd-street-se.html,wa,everett,5006-132nd-street-se
https://locations.tacobell.com/tx/the-colony/5005-main-street.html,tx,the-colony,5005-main-street
https://locations.tacobell.com/ks/roeland-park/5004-roe-blvd-.html,ks,roeland-park,5004-roe-blvd-
https://locations.tacobell.com/va/portsmouth/5004-george-washington-hwy-.html,va,portsmouth,5004-george-washington-hwy-
https://locations.tacobell.com/ca/roseville/5002-foothills-blvd.html,ca,roseville,5002-foothills-blvd
https://locations.tacobell.com/ca/rohnert-park/5000-redwood-dr.html,ca,rohnert-park,5000-redwood-dr
https://locations.tacobell.com/al/mobile/5000-moffett-rd.html,al,mobile,5000-moffett-rd
https://locations.tacobell.com/la/la-place/500-west-airline-highway.html,la,la-place,500-west-airline-highway
https://locations.tacobell.com/il/chicago/500-w--madison-ave.html,il,chicago,500-w--madison-ave
https://locations.tacobell.com/ca/kingsburg/500-sierra-street.html,ca,kingsburg,500-sierra-street
https://locations.tacobell.com/tx/tyler/500-s-southwest-loop-323.html,tx,tyler,500-s-southwest-loop-323
https://locations.tacobell.com/nj/hackensack/500-s-river-st.html,nj,hackensack,500-s-river-st
https://locations.tacobell.com/ok/ada/500-n-mississippi.html,ok,ada,500-n-mississippi
https://locations.tacobell.com/va/martinsville/500-liberty-st.html,va,martinsville,500-liberty-st
https://locations.tacobell.com/co/woodland-park/500-e-midland-ave.html,co,woodland-park,500-e-midland-ave
https://locations.tacobell.com/ca/san-mateo/500-e-4th-ave.html,ca,san-mateo,500-e-4th-ave
https://locations.tacobell.com/ca/pleasant-hill/500-contra-costa-blvd.html,ca,pleasant-hill,500-contra-costa-blvd
https://locations.tacobell.com/pa/fairless-hills/500-commerce-blvd.html,pa,fairless-hills,500-commerce-blvd
https://locations.tacobell.com/tx/waco/500-cleveland.html,tx,waco,500-cleveland
https://locations.tacobell.com/fl/ormond-beach/50-williamson-blvd.html,fl,ormond-beach,50-williamson-blvd
https://locations.tacobell.com/il/buffalo-grove/50-w-dundee-road.html,il,buffalo-grove,50-w-dundee-road
https://locations.tacobell.com/co/johnstown/50-telep-ave.html,co,johnstown,50-telep-ave
https://locations.tacobell.com/fl/la-belle/50-north-lee-street.html,fl,la-belle,50-north-lee-street
https://locations.tacobell.com/oh/newton-falls/50-north-canal-street.html,oh,newton-falls,50-north-canal-street
https://locations.tacobell.com/fl/deerfield-beach/50-n-federal-hwy.html,fl,deerfield-beach,50-n-federal-hwy
https://locations.tacobell.com/ga/suwanee/50-celebration-drive.html,ga,suwanee,50-celebration-drive
https://locations.tacobell.com/pa/bala-cynwyd/5-w--city-avenue.html,pa,bala-cynwyd,5-w--city-avenue
https://locations.tacobell.com/il/belleville/5-south-belt-west.html,il,belleville,5-south-belt-west
https://locations.tacobell.com/pa/philadelphia/499-franklin-mills-circle.html,pa,philadelphia,499-franklin-mills-circle
https://locations.tacobell.com/mi/allendale/4989-lake-michigan-dr.html,mi,allendale,4989-lake-michigan-dr
https://locations.tacobell.com/tx/mckinney/4980-w-university-drive.html,tx,mckinney,4980-w-university-drive
https://locations.tacobell.com/nv/sun-valley/4978-sun-valley-blvd.html,nv,sun-valley,4978-sun-valley-blvd
https://locations.tacobell.com/az/fort-mohave/4978-s-highway-95.html,az,fort-mohave,4978-s-highway-95
https://locations.tacobell.com/ca/fresno/4972-e-caeser-chavez.html,ca,fresno,4972-e-caeser-chavez
https://locations.tacobell.com/ms/ripley/497-city-avenue.html,ms,ripley,497-city-avenue
https://locations.tacobell.com/la/bossier-city/4960-barksdale-blvd.html,la,bossier-city,4960-barksdale-blvd
https://locations.tacobell.com/ga/moultrie/496-veterans-parkway-n.html,ga,moultrie,496-veterans-parkway-n
https://locations.tacobell.com/fl/kissimmee/4951-w-irlo-brnsn-mem-hwy.html,fl,kissimmee,4951-w-irlo-brnsn-mem-hwy
https://locations.tacobell.com/az/tucson/4951-s-campbell-ave.html,az,tucson,4951-s-campbell-ave
https://locations.tacobell.com/az/glendale/4950-w--thunderbird-rd.html,az,glendale,4950-w--thunderbird-rd
https://locations.tacobell.com/fl/altamonte-springs/495-w-state-rd-436.html,fl,altamonte-springs,495-w-state-rd-436
https://locations.tacobell.com/az/tucson/495-e--wetmore-rd-.html,az,tucson,495-e--wetmore-rd-
https://locations.tacobell.com/va/abingdon/495-cummings-st.html,va,abingdon,495-cummings-st
https://locations.tacobell.com/ny/depew/4940-transit-rd.html,ny,depew,4940-transit-rd
https://locations.tacobell.com/or/portland/4933-se-powell-blvd.html,or,portland,4933-se-powell-blvd
https://locations.tacobell.com/ga/brunswick/4930-new-jesup-hwy.html,ga,brunswick,4930-new-jesup-hwy
https://locations.tacobell.com/hi/kapaa/4-927-kuhio-hwy.html,hi,kapaa,4-927-kuhio-hwy
https://locations.tacobell.com/nc/wilson/4925-us-hwy-264.html,nc,wilson,4925-us-hwy-264
https://locations.tacobell.com/va/arlington/4923-lee-hwy.html,va,arlington,4923-lee-hwy
https://locations.tacobell.com/nc/southport/4921-long-beach-road.html,nc,southport,4921-long-beach-road
https://locations.tacobell.com/ny/middletown/492-route-211-east.html,ny,middletown,492-route-211-east
https://locations.tacobell.com/wa/lynnwood/4919-196th-street-s-w.html,wa,lynnwood,4919-196th-street-s-w
https://locations.tacobell.com/ca/north-highlands/4915-watt-ave.html,ca,north-highlands,4915-watt-ave
https://locations.tacobell.com/oh/dublin/4915-tuttle-crossing-blvd.html,oh,dublin,4915-tuttle-crossing-blvd
https://locations.tacobell.com/ca/modesto/4911-mchenry-avenue.html,ca,modesto,4911-mchenry-avenue
https://locations.tacobell.com/ar/fort-smith/4910-towson-avenue.html,ar,fort-smith,4910-towson-avenue
https://locations.tacobell.com/ky/louisville/4910-shelbyville-rd.html,ky,louisville,4910-shelbyville-rd
https://locations.tacobell.com/me/saco/491-main-st-.html,me,saco,491-main-st-
https://locations.tacobell.com/or/portland/4909-n-lombard-st-.html,or,portland,4909-n-lombard-st-
https://locations.tacobell.com/ms/hattiesburg/4908-hardy-st.html,ms,hattiesburg,4908-hardy-st
https://locations.tacobell.com/mi/flint/4903-fenton-road.html,mi,flint,4903-fenton-road
https://locations.tacobell.com/nm/albuquerque/4901-gibson-blvd-s-e-.html,nm,albuquerque,4901-gibson-blvd-s-e-
https://locations.tacobell.com/co/commerce-city/4901-east-60th-ave.html,co,commerce-city,4901-east-60th-ave
https://locations.tacobell.com/mn/minneapolis/4900-central-ave-ne.html,mn,minneapolis,4900-central-ave-ne
https://locations.tacobell.com/ms/clinton/490-springridge.html,ms,clinton,490-springridge
https://locations.tacobell.com/il/south-elgin/490-randall-road.html,il,south-elgin,490-randall-road
https://locations.tacobell.com/ny/hempstead/490-peninsula-blvd.html,ny,hempstead,490-peninsula-blvd
https://locations.tacobell.com/ca/orange/490-n-tustin-st.html,ca,orange,490-n-tustin-st
https://locations.tacobell.com/ny/bay-shore/490-e-main-street.html,ny,bay-shore,490-e-main-street
https://locations.tacobell.com/pa/etters/49-robin-hood-drive.html,pa,etters,49-robin-hood-drive
https://locations.tacobell.com/va/lexington/49-e--midland-trail.html,va,lexington,49-e--midland-trail
https://locations.tacobell.com/wv/charmco/4891-midland-trail-west.html,wv,charmco,4891-midland-trail-west
https://locations.tacobell.com/nv/las-vegas/4880-w--frias-avenue.html,nv,las-vegas,4880-w--frias-avenue
https://locations.tacobell.com/ga/lawrenceville/4880-sugarloaf-parkway.html,ga,lawrenceville,4880-sugarloaf-parkway
https://locations.tacobell.com/ga/marietta/4880-lower-roswell-rd.html,ga,marietta,4880-lower-roswell-rd
https://locations.tacobell.com/ia/des-moines/4875-merle-hay-ln.html,ia,des-moines,4875-merle-hay-ln
https://locations.tacobell.com/nv/las-vegas/4870-w-flamingo.html,nv,las-vegas,4870-w-flamingo
https://locations.tacobell.com/fl/miami-gardens/4870-nw-183-st.html,fl,miami-gardens,4870-nw-183-st
https://locations.tacobell.com/wi/de-forest/4866-county-highway-v.html,wi,de-forest,4866-county-highway-v
https://locations.tacobell.com/fl/fort-myers/4860-palm-beach-blvd.html,fl,fort-myers,4860-palm-beach-blvd
https://locations.tacobell.com/ca/fresno/4857-e-mckinley-ave.html,ca,fresno,4857-e-mckinley-ave
https://locations.tacobell.com/tn/knoxville/4854-n--broadway-st-.html,tn,knoxville,4854-n--broadway-st-
https://locations.tacobell.com/az/scottsdale/4854-east-bell-road.html,az,scottsdale,4854-east-bell-road
https://locations.tacobell.com/or/portland/4852-nw-bethany-blvd.html,or,portland,4852-nw-bethany-blvd
https://locations.tacobell.com/az/phoenix/4850-n--99th-ave.html,az,phoenix,4850-n--99th-ave
https://locations.tacobell.com/va/zion-crossroads/485-market-street.html,va,zion-crossroads,485-market-street
https://locations.tacobell.com/ct/hartford/485-flatbush-ave-.html,ct,hartford,485-flatbush-ave-
https://locations.tacobell.com/ok/oklahoma-city/4839-nw-39th-street.html,ok,oklahoma-city,4839-nw-39th-street
https://locations.tacobell.com/ok/shawnee/4837-n--kickapoo.html,ok,shawnee,4837-n--kickapoo
https://locations.tacobell.com/nv/las-vegas/4835-s--ft--apache.html,nv,las-vegas,4835-s--ft--apache
https://locations.tacobell.com/ny/port-jefferson-station/4833-nesconset-hwy.html,ny,port-jefferson-station,4833-nesconset-hwy
https://locations.tacobell.com/ga/jefferson/4821-us-hwy-129-north.html,ga,jefferson,4821-us-hwy-129-north
https://locations.tacobell.com/ms/meridian/4821-8th-street.html,ms,meridian,4821-8th-street
https://locations.tacobell.com/mn/alexandria/4817-hwy-29-s.html,mn,alexandria,4817-hwy-29-s
https://locations.tacobell.com/az/phoenix/4815-east-warner.html,az,phoenix,4815-east-warner
https://locations.tacobell.com/nm/albuquerque/4815-4th-st--nw.html,nm,albuquerque,4815-4th-st--nw
https://locations.tacobell.com/tn/millington/4811-navy-rd.html,tn,millington,4811-navy-rd
https://locations.tacobell.com/ca/davis/4811-chiles-road.html,ca,davis,4811-chiles-road
https://locations.tacobell.com/tx/austin/4811-braker-lane-west.html,tx,austin,4811-braker-lane-west
https://locations.tacobell.com/ga/calhoun/481-highway-53-e.html,ga,calhoun,481-highway-53-e
https://locations.tacobell.com/nc/greensboro/4809-w-market-st.html,nc,greensboro,4809-w-market-st
https://locations.tacobell.com/ga/holly-springs/4808-holly-springs-parkway.html,ga,holly-springs,4808-holly-springs-parkway
https://locations.tacobell.com/nj/south-plainfield/4807-stelton-rd.html,nj,south-plainfield,4807-stelton-rd
https://locations.tacobell.com/pa/pittsburgh/4801-mcknight-road.html,pa,pittsburgh,4801-mcknight-road
https://locations.tacobell.com/ne/omaha/4801-l-st.html,ne,omaha,4801-l-st
https://locations.tacobell.com/ma/norwell/48-washington-st.html,ma,norwell,48-washington-st
https://locations.tacobell.com/nm/belen/48-i-25-bypass.html,nm,belen,48-i-25-bypass
https://locations.tacobell.com/co/wheat-ridge/4795-kipling-st-.html,co,wheat-ridge,4795-kipling-st-
https://locations.tacobell.com/oh/columbus/4770-saw-mill-rd.html,oh,columbus,4770-saw-mill-rd
https://locations.tacobell.com/id/ponderay/476930-hwy-95-n.html,id,ponderay,476930-hwy-95-n
https://locations.tacobell.com/az/phoenix/4751-e-shea-blvd.html,az,phoenix,4751-e-shea-blvd
https://locations.tacobell.com/nc/nashville/475-w-washington-st.html,nc,nashville,475-w-washington-st
https://locations.tacobell.com/tx/jasper/475-east-gibson-street.html,tx,jasper,475-east-gibson-street
https://locations.tacobell.com/in/fort-wayne/4747-coldwater-rd.html,in,fort-wayne,4747-coldwater-rd
https://locations.tacobell.com/ny/syracuse/4743-onondaga-blvd.html,ny,syracuse,4743-onondaga-blvd
https://locations.tacobell.com/tx/fairfield/474-interstate-45-n.html,tx,fairfield,474-interstate-45-n
https://locations.tacobell.com/oh/warren/473-south-street.html,oh,warren,473-south-street
https://locations.tacobell.com/tx/midland/4727-n--midkiff-drive.html,tx,midland,4727-n--midkiff-drive
https://locations.tacobell.com/ny/brockport/4721-lake-rd.html,ny,brockport,4721-lake-rd
https://locations.tacobell.com/ks/lawrence/4721-bauer-farm-drive.html,ks,lawrence,4721-bauer-farm-drive
https://locations.tacobell.com/sc/myrtle-beach/4720-socastee-blvd.html,sc,myrtle-beach,4720-socastee-blvd
https://locations.tacobell.com/va/fredericksburg/4720-mine-road.html,va,fredericksburg,4720-mine-road
https://locations.tacobell.com/la/raceland/4720-hwy-1.html,la,raceland,4720-hwy-1
https://locations.tacobell.com/ga/roswell/4720-alabama-rd--ne.html,ga,roswell,4720-alabama-rd--ne
https://locations.tacobell.com/tx/dallas/4717-vista-wood-blvd-.html,tx,dallas,4717-vista-wood-blvd-
https://locations.tacobell.com/tx/san-antonio/4714-rittiman-rd.html,tx,san-antonio,4714-rittiman-rd
https://locations.tacobell.com/la/metairie/4713-veterans-memorial-blvd.html,la,metairie,4713-veterans-memorial-blvd
https://locations.tacobell.com/ok/tulsa/4710-s-peoria-ave.html,ok,tulsa,4710-s-peoria-ave
https://locations.tacobell.com/nc/fayetteville/4705-ramsey-st.html,nc,fayetteville,4705-ramsey-st
https://locations.tacobell.com/ok/tulsa/4703-e-51st-st.html,ok,tulsa,4703-e-51st-st
https://locations.tacobell.com/fl/kenneth-city/4703-66th-street-north.html,fl,kenneth-city,4703-66th-street-north
https://locations.tacobell.com/ok/del-city/4700-se-29th-st-.html,ok,del-city,4700-se-29th-st-
https://locations.tacobell.com/md/baltimore/4700-boston-street.html,md,baltimore,4700-boston-street
https://locations.tacobell.com/me/brewer/470-wilson-street.html,me,brewer,470-wilson-street
https://locations.tacobell.com/oh/dayton/47-woodman-dr-.html,oh,dayton,47-woodman-dr-
https://locations.tacobell.com/ky/carrollton/47-kinman-drive.html,ky,carrollton,47-kinman-drive
https://locations.tacobell.com/mo/byrnes-mill/4698-highway-w.html,mo,byrnes-mill,4698-highway-w
https://locations.tacobell.com/or/keizer/4690-river-road-n.html,or,keizer,4690-river-road-n
https://locations.tacobell.com/fl/marianna/4689-highway-90.html,fl,marianna,4689-highway-90
https://locations.tacobell.com/in/hobart/4681-west-61st-avenue.html,in,hobart,4681-west-61st-avenue
https://locations.tacobell.com/va/arlington/4681-king-st-.html,va,arlington,4681-king-st-
https://locations.tacobell.com/ca/orange/468-south-main-street.html,ca,orange,468-south-main-street
https://locations.tacobell.com/ca/concord/4674-clayton-road.html,ca,concord,4674-clayton-road
https://locations.tacobell.com/ga/union-city/4661-jonesboro-rd.html,ga,union-city,4661-jonesboro-rd
https://locations.tacobell.com/tn/memphis/4655-riverdale-road.html,tn,memphis,4655-riverdale-road
https://locations.tacobell.com/oh/hilliard/4652-cemetery-rd.html,oh,hilliard,4652-cemetery-rd
https://locations.tacobell.com/ca/sacramento/4651-mack-rd.html,ca,sacramento,4651-mack-rd
https://locations.tacobell.com/tx/fort-worth/4650-n--tarrant-pkwy.html,tx,fort-worth,4650-n--tarrant-pkwy
https://locations.tacobell.com/fl/auburndale/465-havendale-blvd.html,fl,auburndale,465-havendale-blvd
https://locations.tacobell.com/ca/south-san-francisco/465-el-camino-real.html,ca,south-san-francisco,465-el-camino-real
https://locations.tacobell.com/fl/tampa/4647-west-kennedy-blvd.html,fl,tampa,4647-west-kennedy-blvd
https://locations.tacobell.com/co/timnath/4645-weitzel-street.html,co,timnath,4645-weitzel-street
https://locations.tacobell.com/ky/louisville/4643-dixie-hwy.html,ky,louisville,4643-dixie-hwy
https://locations.tacobell.com/pa/harrisburg/4640-jonestown-road.html,pa,harrisburg,4640-jonestown-road
https://locations.tacobell.com/il/roscoe/4638-e--rockton-road.html,il,roscoe,4638-e--rockton-road
https://locations.tacobell.com/co/greeley/4638-centerplace-drive.html,co,greeley,4638-centerplace-drive
https://locations.tacobell.com/tx/groves/4630-twin-city-hwy.html,tx,groves,4630-twin-city-hwy
https://locations.tacobell.com/ma/worcester/463-lincoln-street.html,ma,worcester,463-lincoln-street
https://locations.tacobell.com/nc/greensboro/4620-w-gate-city-blvd.html,nc,greensboro,4620-w-gate-city-blvd
https://locations.tacobell.com/ky/owensboro/4620-frederica.html,ky,owensboro,4620-frederica
https://locations.tacobell.com/pa/sayre/462-n--keystone-avenue.html,pa,sayre,462-n--keystone-avenue
https://locations.tacobell.com/or/portland/4616-n-interstate-ave.html,or,portland,4616-n-interstate-ave
https://locations.tacobell.com/tx/dallas/4616-frankford-road.html,tx,dallas,4616-frankford-road
https://locations.tacobell.com/la/zachary/4608-highway-19.html,la,zachary,4608-highway-19
https://locations.tacobell.com/in/hammond/4605-calumet-avenue.html,in,hammond,4605-calumet-avenue
https://locations.tacobell.com/la/new-orleans/4603-chef-menteur-hwy.html,la,new-orleans,4603-chef-menteur-hwy
https://locations.tacobell.com/nm/farmington/4601-e-main-st.html,nm,farmington,4601-e-main-st
https://locations.tacobell.com/tx/wichita-falls/4600-bel-air-blvd.html,tx,wichita-falls,4600-bel-air-blvd
https://locations.tacobell.com/pa/washington/460-washington-road.html,pa,washington,460-washington-road
https://locations.tacobell.com/fl/pinellas-park/4599-park-blvd.html,fl,pinellas-park,4599-park-blvd
https://locations.tacobell.com/va/virginia-beach/4597-virginia-beach-blvd.html,va,virginia-beach,4597-virginia-beach-blvd
https://locations.tacobell.com/oh/youngstown/458-boardman-canfield-road.html,oh,youngstown,458-boardman-canfield-road
https://locations.tacobell.com/co/walsenburg/457-a-us-highway-85-87.html,co,walsenburg,457-a-us-highway-85-87
https://locations.tacobell.com/ma/springfield/456-sumner-ave.html,ma,springfield,456-sumner-ave
https://locations.tacobell.com/ms/waveland/456-highway-90.html,ms,waveland,456-highway-90
https://locations.tacobell.com/ga/suwanee/455-peachtree-industrial-blvd.html,ga,suwanee,455-peachtree-industrial-blvd
https://locations.tacobell.com/tx/vidor/455-n-main-st.html,tx,vidor,455-n-main-st
https://locations.tacobell.com/nv/carson-city/4539-n--carson-street.html,nv,carson-city,4539-n--carson-street
https://locations.tacobell.com/az/claypool/4529-west-highway-60.html,az,claypool,4529-west-highway-60
https://locations.tacobell.com/oh/austintown/4523-mahoning-avenue.html,oh,austintown,4523-mahoning-avenue
https://locations.tacobell.com/la/shreveport/4520-northport-blvd.html,la,shreveport,4520-northport-blvd
https://locations.tacobell.com/ca/farmersville/452-w-noble-ave-.html,ca,farmersville,452-w-noble-ave-
https://locations.tacobell.com/oh/columbus/4517-kenny-rd.html,oh,columbus,4517-kenny-rd
https://locations.tacobell.com/tx/el-paso/4515-woodrow-bean-dr-.html,tx,el-paso,4515-woodrow-bean-dr-
https://locations.tacobell.com/tx/lacy-lakeview/4513-n-ih-35.html,tx,lacy-lakeview,4513-n-ih-35
https://locations.tacobell.com/hi/honolulu/4510-salt-lake-blvd.html,hi,honolulu,4510-salt-lake-blvd
https://locations.tacobell.com/in/elkhart/4510-elkhart-road.html,in,elkhart,4510-elkhart-road
https://locations.tacobell.com/ga/dallas/451-nathan-dean-blvd.html,ga,dallas,451-nathan-dean-blvd
https://locations.tacobell.com/ca/coalinga/451-e--elm-avenue.html,ca,coalinga,451-e--elm-avenue
https://locations.tacobell.com/tx/snyder/4508-college-ave.html,tx,snyder,4508-college-ave
https://locations.tacobell.com/tx/texarkana/4507-west-7th-street.html,tx,texarkana,4507-west-7th-street
https://locations.tacobell.com/in/indianapolis/4502-w--38th-street.html,in,indianapolis,4502-w--38th-street
https://locations.tacobell.com/ne/lincoln/4502-o-street.html,ne,lincoln,4502-o-street
https://locations.tacobell.com/in/evansville/4501-1st-ave.html,in,evansville,4501-1st-ave
https://locations.tacobell.com/tx/haltom-city/4500-western-center-blvd.html,tx,haltom-city,4500-western-center-blvd
https://locations.tacobell.com/tx/mesquite/4500-gus-thomasson-rd-.html,tx,mesquite,4500-gus-thomasson-rd-
https://locations.tacobell.com/or/salem/450-wallace-rd-nw.html,or,salem,450-wallace-rd-nw
https://locations.tacobell.com/co/lafayette/450-w-south-boulder-rd.html,co,lafayette,450-w-south-boulder-rd
https://locations.tacobell.com/ca/porterville/450-w-olive-ave-.html,ca,porterville,450-w-olive-ave-
https://locations.tacobell.com/pa/shrewsbury/450-shrewsbury-commons.html,pa,shrewsbury,450-shrewsbury-commons
https://locations.tacobell.com/nv/mesquite/450-n-sandhill-blvd.html,nv,mesquite,450-n-sandhill-blvd
https://locations.tacobell.com/md/hagerstown/450-dual-hwy.html,md,hagerstown,450-dual-hwy
https://locations.tacobell.com/wi/menasha/450-3rd-st.html,wi,menasha,450-3rd-st
https://locations.tacobell.com/ct/norwich/45-salem-turnpike.html,ct,norwich,45-salem-turnpike
https://locations.tacobell.com/vt/rutland/45-farrell-road.html,vt,rutland,45-farrell-road
https://locations.tacobell.com/ca/stockton/45-e-harding-way.html,ca,stockton,45-e-harding-way
https://locations.tacobell.com/fl/jacksonville/4495-roosevelt-blvd-.html,fl,jacksonville,4495-roosevelt-blvd-
https://locations.tacobell.com/ga/hiram/4495-jimmy-lee-smith-parkway.html,ga,hiram,4495-jimmy-lee-smith-parkway
https://locations.tacobell.com/sd/rapid-city/449-e--stumer-road.html,sd,rapid-city,449-e--stumer-road
https://locations.tacobell.com/va/ashburn/44855-lakeview-overlook-plaza.html,va,ashburn,44855-lakeview-overlook-plaza
https://locations.tacobell.com/co/denver/4480-n-peoria-street.html,co,denver,4480-n-peoria-street
https://locations.tacobell.com/or/medford/448-e-jackson-st-.html,or,medford,448-e-jackson-st-
https://locations.tacobell.com/oh/norwood/4478-montgomery-rd-.html,oh,norwood,4478-montgomery-rd-
https://locations.tacobell.com/ca/fairfield/4475-central-way.html,ca,fairfield,4475-central-way
https://locations.tacobell.com/tx/corinth/4471-fm-2181.html,tx,corinth,4471-fm-2181
https://locations.tacobell.com/ca/pittsburg/4470-century-blvd.html,ca,pittsburg,4470-century-blvd
https://locations.tacobell.com/co/denver/447-south-broadway.html,co,denver,447-south-broadway
https://locations.tacobell.com/tn/henderson/447-e-main.html,tn,henderson,447-e-main
https://locations.tacobell.com/fl/west-palm-beach/4466-forest-hill-blvd.html,fl,west-palm-beach,4466-forest-hill-blvd
https://locations.tacobell.com/ga/forest-park/4465-jonesboro.html,ga,forest-park,4465-jonesboro
https://locations.tacobell.com/nc/shallotte/4461-main-street.html,nc,shallotte,4461-main-street
https://locations.tacobell.com/fl/casselberry/4460-s-highway-17-92.html,fl,casselberry,4460-s-highway-17-92
https://locations.tacobell.com/or/forest-grove/4455-pacific-avenue.html,or,forest-grove,4455-pacific-avenue
https://locations.tacobell.com/az/mesa/4444-east-main-street.html,az,mesa,4444-east-main-street
https://locations.tacobell.com/nv/las-vegas/4441-north-rancho.html,nv,las-vegas,4441-north-rancho
https://locations.tacobell.com/il/bolingbrook/444-n-bolingbrook-dr.html,il,bolingbrook,444-n-bolingbrook-dr
https://locations.tacobell.com/me/waterville/444-kennedy-memorial-drive.html,me,waterville,444-kennedy-memorial-drive
https://locations.tacobell.com/in/indianapolis/444-e-thompson-road.html,in,indianapolis,444-e-thompson-road
https://locations.tacobell.com/tx/corpus-christi/4434-ayers-street.html,tx,corpus-christi,4434-ayers-street
https://locations.tacobell.com/tx/arlington/4431-s--collins-st-.html,tx,arlington,4431-s--collins-st-
https://locations.tacobell.com/az/phoenix/4430-south-48th-street.html,az,phoenix,4430-south-48th-street
https://locations.tacobell.com/pa/philadelphia/4430-north-broad-st.html,pa,philadelphia,4430-north-broad-st
https://locations.tacobell.com/az/show-low/4425-s-white-mountain-road.html,az,show-low,4425-s-white-mountain-road
https://locations.tacobell.com/ar/little-rock/4424-markham-road.html,ar,little-rock,4424-markham-road
https://locations.tacobell.com/in/evansville/4422-west-lloyd-expressway.html,in,evansville,4422-west-lloyd-expressway
https://locations.tacobell.com/nc/wilmington/4422-s-17th-st.html,nc,wilmington,4422-s-17th-st
https://locations.tacobell.com/hi/lihue/4422-kukui-grove-st.html,hi,lihue,4422-kukui-grove-st
https://locations.tacobell.com/oh/warren/4419-mahoning-ave-nw.html,oh,warren,4419-mahoning-ave-nw
https://locations.tacobell.com/mi/ludington/4418-w-us-highway-10.html,mi,ludington,4418-w-us-highway-10
https://locations.tacobell.com/va/chantilly/4418-chantilly-place.html,va,chantilly,4418-chantilly-place
https://locations.tacobell.com/ca/culver-city/4416-sepulveda-blvd.html,ca,culver-city,4416-sepulveda-blvd
https://locations.tacobell.com/tn/knoxville/4413-western-ave.html,tn,knoxville,4413-western-ave
https://locations.tacobell.com/mo/hannibal/4413-mcmasters-ave.html,mo,hannibal,4413-mcmasters-ave
https://locations.tacobell.com/co/monument/441-highway-105.html,co,monument,441-highway-105
https://locations.tacobell.com/tn/kingsport/4409-fort-henry-drive.html,tn,kingsport,4409-fort-henry-drive
https://locations.tacobell.com/ks/kansas-city/4401-shawnee-drive.html,ks,kansas-city,4401-shawnee-drive
https://locations.tacobell.com/ca/san-diego/4401-mission-blvd-.html,ca,san-diego,4401-mission-blvd-
https://locations.tacobell.com/tx/killeen/4400-s--clear-creek-rd.html,tx,killeen,4400-s--clear-creek-rd
https://locations.tacobell.com/tx/boerne/440-w-bandera-rd.html,tx,boerne,440-w-bandera-rd
https://locations.tacobell.com/or/madras/44-sw-5th-st.html,or,madras,44-sw-5th-st
https://locations.tacobell.com/az/lake-havasu-city/44-n-lake-havasu-ave.html,az,lake-havasu-city,44-n-lake-havasu-ave
https://locations.tacobell.com/va/richmond/4388-south-laburnum-avenue.html,va,richmond,4388-south-laburnum-avenue
https://locations.tacobell.com/fl/west-palm-beach/4385-45th-st.html,fl,west-palm-beach,4385-45th-st
https://locations.tacobell.com/ak/soldotna/43845-sterling-hwy.html,ak,soldotna,43845-sterling-hwy
https://locations.tacobell.com/mi/flint/4382-w-pierson-rd.html,mi,flint,4382-w-pierson-rd
https://locations.tacobell.com/oh/youngstown/4380-youngstown-poland-rd.html,oh,youngstown,4380-youngstown-poland-rd
https://locations.tacobell.com/ga/kennesaw/4370-wade-green-road.html,ga,kennesaw,4370-wade-green-road
https://locations.tacobell.com/tn/memphis/4370-summer-ave.html,tn,memphis,4370-summer-ave
https://locations.tacobell.com/ny/monticello/4370-ny-42.html,ny,monticello,4370-ny-42
https://locations.tacobell.com/oh/marion/436-n-main-st.html,oh,marion,436-n-main-st
https://locations.tacobell.com/az/glendale/4351-w--olive.html,az,glendale,4351-w--olive
https://locations.tacobell.com/in/lebanon/435-n-mount-zion-rd.html,in,lebanon,435-n-mount-zion-rd
https://locations.tacobell.com/fl/mary-esther/435-mary-esther-blvd-.html,fl,mary-esther,435-mary-esther-blvd-
https://locations.tacobell.com/ar/monticello/435-highway-425-north.html,ar,monticello,435-highway-425-north
https://locations.tacobell.com/ga/columbus/4348-buena-vista-rd.html,ga,columbus,4348-buena-vista-rd
https://locations.tacobell.com/mi/lansing/4347-w-saginaw-hwy.html,mi,lansing,4347-w-saginaw-hwy
https://locations.tacobell.com/ca/hemet/43466-state-highway-74.html,ca,hemet,43466-state-highway-74
https://locations.tacobell.com/ca/antioch/4346-lone-tree-way.html,ca,antioch,4346-lone-tree-way
https://locations.tacobell.com/oh/liberty-township/4345-hamilton-middletown-rd.html,oh,liberty-township,4345-hamilton-middletown-rd
https://locations.tacobell.com/ca/fair-oaks/4343-sunrise-blvd.html,ca,fair-oaks,4343-sunrise-blvd
https://locations.tacobell.com/tx/abilene/4341-south-1st-street.html,tx,abilene,4341-south-1st-street
https://locations.tacobell.com/tx/dallas/4341-lemmon-ave.html,tx,dallas,4341-lemmon-ave
https://locations.tacobell.com/ca/rocklin/4340-rocklin-rd.html,ca,rocklin,4340-rocklin-rd
https://locations.tacobell.com/ca/clovis/434-west-shaw-avenue.html,ca,clovis,434-west-shaw-avenue
https://locations.tacobell.com/fl/panama-city/434-s-tyndall-parkway.html,fl,panama-city,434-s-tyndall-parkway
https://locations.tacobell.com/mi/clio/4337-w-vienna-road.html,mi,clio,4337-w-vienna-road
https://locations.tacobell.com/ga/loganville/4335-atlanta-hwy.html,ga,loganville,4335-atlanta-hwy
https://locations.tacobell.com/fl/west-palm-beach/4331-okeechobee-blvd-.html,fl,west-palm-beach,4331-okeechobee-blvd-
https://locations.tacobell.com/tn/memphis/4330-elvis-presley-blvd.html,tn,memphis,4330-elvis-presley-blvd
https://locations.tacobell.com/ut/provo/433-n-900-e.html,ut,provo,433-n-900-e
https://locations.tacobell.com/wi/stevens-point/433-division-st.html,wi,stevens-point,433-division-st
https://locations.tacobell.com/sc/lexington/4328-sunset-blvd.html,sc,lexington,4328-sunset-blvd
https://locations.tacobell.com/ca/stockton/4327-east-highway-88.html,ca,stockton,4327-east-highway-88
https://locations.tacobell.com/va/ashburn/43230-southern-walk-plaza.html,va,ashburn,43230-southern-walk-plaza
https://locations.tacobell.com/mo/saint-louis/4320-butler-hill-road.html,mo,saint-louis,4320-butler-hill-road
https://locations.tacobell.com/ca/sacramento/4318-marconi-ave.html,ca,sacramento,4318-marconi-ave
https://locations.tacobell.com/tx/houston/4317-lockwood-drive.html,tx,houston,4317-lockwood-drive
https://locations.tacobell.com/al/huntsville/4315-university-dr-nw.html,al,huntsville,4315-university-dr-nw
https://locations.tacobell.com/fl/new-port-richey/4312-u-s--highway-19.html,fl,new-port-richey,4312-u-s--highway-19
https://locations.tacobell.com/ut/ogden/4312-harrison-blvd.html,ut,ogden,4312-harrison-blvd
https://locations.tacobell.com/mi/swartz-creek/4311-elms-rd.html,mi,swartz-creek,4311-elms-rd
https://locations.tacobell.com/nv/las-vegas/4310-e-craig-road.html,nv,las-vegas,4310-e-craig-road
https://locations.tacobell.com/ca/hollister/431-tres-pinos-rd.html,ca,hollister,431-tres-pinos-rd
https://locations.tacobell.com/tx/laredo/4309-san-bernardo.html,tx,laredo,4309-san-bernardo
https://locations.tacobell.com/pa/erie/4305-peach-street.html,pa,erie,4305-peach-street
https://locations.tacobell.com/la/lake-charles/4305-nelson-rd.html,la,lake-charles,4305-nelson-rd
https://locations.tacobell.com/ca/hawthorne/4305-el-segundo-blvd.html,ca,hawthorne,4305-el-segundo-blvd
https://locations.tacobell.com/az/phoenix/4304-w-indian-school-rd.html,az,phoenix,4304-w-indian-school-rd
https://locations.tacobell.com/ky/louisville/4304-outer-loop.html,ky,louisville,4304-outer-loop
https://locations.tacobell.com/fl/tampa/4302-n--armenia-avenue.html,fl,tampa,4302-n--armenia-avenue
https://locations.tacobell.com/de/wilmington/4302-kirkwood-hwy.html,de,wilmington,4302-kirkwood-hwy
https://locations.tacobell.com/ca/burbank/4301-w-magnolia-blvd.html,ca,burbank,4301-w-magnolia-blvd
https://locations.tacobell.com/tx/round-rock/4301-sunrise-rd.html,tx,round-rock,4301-sunrise-rd
https://locations.tacobell.com/tx/fort-worth/4300-highway-360.html,tx,fort-worth,4300-highway-360
https://locations.tacobell.com/la/new-orleans/4300-general-degaulle-dr-.html,la,new-orleans,4300-general-degaulle-dr-
https://locations.tacobell.com/pa/warminster/430-york-rd-.html,pa,warminster,430-york-rd-
https://locations.tacobell.com/pa/hermitage/430-s-hermitage-rd.html,pa,hermitage,430-s-hermitage-rd
https://locations.tacobell.com/mo/kansas-city/430-ne-barry-rd.html,mo,kansas-city,430-ne-barry-rd
https://locations.tacobell.com/pa/johnstown/430-galleria-drive.html,pa,johnstown,430-galleria-drive
https://locations.tacobell.com/ga/tucker/4295-lawrenceville-highway.html,ga,tucker,4295-lawrenceville-highway
https://locations.tacobell.com/or/eugene/4295-barger-dr.html,or,eugene,4295-barger-dr
https://locations.tacobell.com/ga/evans/4292-washington-rd.html,ga,evans,4292-washington-rd
https://locations.tacobell.com/ga/buford/4291-hwy-20.html,ga,buford,4291-hwy-20
https://locations.tacobell.com/ca/san-diego/4290-clairemont-mesa-blvd.html,ca,san-diego,4290-clairemont-mesa-blvd
https://locations.tacobell.com/ga/atlanta/429-ponce-de-leon-ave.html,ga,atlanta,429-ponce-de-leon-ave
https://locations.tacobell.com/ny/binghamton/429-court-st.html,ny,binghamton,429-court-st
https://locations.tacobell.com/ca/san-francisco/4285-mission-st-.html,ca,san-francisco,4285-mission-st-
https://locations.tacobell.com/fl/wildwood/428-east-sr-44.html,fl,wildwood,428-east-sr-44
https://locations.tacobell.com/ca/indio/42750-b-jackson-st-.html,ca,indio,42750-b-jackson-st-
https://locations.tacobell.com/ca/los-angeles/4270-south-central-ave-.html,ca,los-angeles,4270-south-central-ave-
https://locations.tacobell.com/wi/fond-du-lac/427-w-johnson-ave.html,wi,fond-du-lac,427-w-johnson-ave
https://locations.tacobell.com/mi/cedar-springs/4269-17-mile-road-se.html,mi,cedar-springs,4269-17-mile-road-se
https://locations.tacobell.com/or/gresham/4265-se-182nd-ave.html,or,gresham,4265-se-182nd-ave
https://locations.tacobell.com/ky/elizabethtown/426-w--dixie-hwy.html,ky,elizabethtown,426-w--dixie-hwy
https://locations.tacobell.com/pa/wilkes-barre/426-kidder-street.html,pa,wilkes-barre,426-kidder-street
https://locations.tacobell.com/ny/amherst/4258-maple-road.html,ny,amherst,4258-maple-road
https://locations.tacobell.com/oh/canfield/4254-boardman-canfield-road.html,oh,canfield,4254-boardman-canfield-road
https://locations.tacobell.com/mo/saint-louis/4254-bayless-ave.html,mo,saint-louis,4254-bayless-ave
https://locations.tacobell.com/wi/johnson-creek/425-wright-rd.html,wi,johnson-creek,425-wright-rd
https://locations.tacobell.com/mn/minneapolis/425-w-broadway.html,mn,minneapolis,425-w-broadway
https://locations.tacobell.com/tx/bridgeport/425-us-hwy-380.html,tx,bridgeport,425-us-hwy-380
https://locations.tacobell.com/nj/hillside/425-route-22.html,nj,hillside,425-route-22
https://locations.tacobell.com/wa/pullman/425-ne-stadium-way.html,wa,pullman,425-ne-stadium-way
https://locations.tacobell.com/ms/picayune/425-memorial-blvd.html,ms,picayune,425-memorial-blvd
https://locations.tacobell.com/ca/davis/425-g-street.html,ca,davis,425-g-street
https://locations.tacobell.com/va/pennington-gap/42487-e--morgan-ave.html,va,pennington-gap,42487-e--morgan-ave
https://locations.tacobell.com/va/dale-city/4248-dale-blvd.html,va,dale-city,4248-dale-blvd
https://locations.tacobell.com/ca/sacramento/4244-florin-rd.html,ca,sacramento,4244-florin-rd
https://locations.tacobell.com/ia/sioux-city/4220-s-lewis-blvd.html,ia,sioux-city,4220-s-lewis-blvd
https://locations.tacobell.com/mn/blaine/4240-pheasant-ridge-dr-ne.html,mn,blaine,4240-pheasant-ridge-dr-ne
https://locations.tacobell.com/va/virginia-beach/4236-holland-rd.html,va,virginia-beach,4236-holland-rd
https://locations.tacobell.com/mi/walker/4234-lake-michigan-drive.html,mi,walker,4234-lake-michigan-drive
https://locations.tacobell.com/mo/camdenton/423-e-highway-54.html,mo,camdenton,423-e-highway-54
https://locations.tacobell.com/id/nampa/4226-garrity-blvd.html,id,nampa,4226-garrity-blvd
https://locations.tacobell.com/fl/orlando/4225-e-colonial-drive.html,fl,orlando,4225-e-colonial-drive
https://locations.tacobell.com/pa/erie/4225-buffalo-road.html,pa,erie,4225-buffalo-road
https://locations.tacobell.com/va/roanoke/4220-franklin-rd-sw.html,va,roanoke,4220-franklin-rd-sw
https://locations.tacobell.com/la/baton-rouge/4220-burbank-dr.html,la,baton-rouge,4220-burbank-dr
https://locations.tacobell.com/ks/wichita/422-east-47th-south.html,ks,wichita,422-east-47th-south
https://locations.tacobell.com/tx/sherman/4214-n--highway-75.html,tx,sherman,4214-n--highway-75
https://locations.tacobell.com/hi/honolulu/4211-waialae-ave.html,hi,honolulu,4211-waialae-ave
https://locations.tacobell.com/mo/independence/4210-s-noland-rd.html,mo,independence,4210-s-noland-rd
https://locations.tacobell.com/ia/ames/421-s-duff-avenue.html,ia,ames,421-s-duff-avenue
https://locations.tacobell.com/ri/greenville/421-putnam-pike.html,ri,greenville,421-putnam-pike
https://locations.tacobell.com/ca/manteca/421-e-yosemite-ave.html,ca,manteca,421-e-yosemite-ave
https://locations.tacobell.com/wi/madison/421-commerce-drive.html,wi,madison,421-commerce-drive
https://locations.tacobell.com/ma/saugus/421-broadway.html,ma,saugus,421-broadway
https://locations.tacobell.com/az/phoenix/4209-w-bell-rd.html,az,phoenix,4209-w-bell-rd
https://locations.tacobell.com/oh/dayton/4206-north-main-street.html,oh,dayton,4206-north-main-street
https://locations.tacobell.com/il/mount-vernon/4205-broadway.html,il,mount-vernon,4205-broadway
https://locations.tacobell.com/fl/naples/4201-tamiami-trail.html,fl,naples,4201-tamiami-trail
https://locations.tacobell.com/fl/tallahassee/4200-w-tennessee-st.html,fl,tallahassee,4200-w-tennessee-st
https://locations.tacobell.com/fl/davie/4200-sw-64th-ave-.html,fl,davie,4200-sw-64th-ave-
https://locations.tacobell.com/ny/geneseo/4200-lakeville-road.html,ny,geneseo,4200-lakeville-road
https://locations.tacobell.com/ca/chino-hills/4200-chino-hills-pkwy.html,ca,chino-hills,4200-chino-hills-pkwy
https://locations.tacobell.com/il/macomb/420-west-jackson.html,il,macomb,420-west-jackson
https://locations.tacobell.com/il/new-lenox/420-w-maple-st-.html,il,new-lenox,420-w-maple-st-
https://locations.tacobell.com/ma/franklin/420-w-central-st.html,ma,franklin,420-w-central-st
https://locations.tacobell.com/ky/covington/420-w-4th-street.html,ky,covington,420-w-4th-street
https://locations.tacobell.com/il/crystal-lake/420-virginia-st.html,il,crystal-lake,420-virginia-st
https://locations.tacobell.com/in/ferdinand/420-south-main-st.html,in,ferdinand,420-south-main-st
https://locations.tacobell.com/tx/mcallen/420-s--10th.html,tx,mcallen,420-s--10th
https://locations.tacobell.com/oh/youngstown/420-fifth-avenue.html,oh,youngstown,420-fifth-avenue
https://locations.tacobell.com/or/springfield/4198-main-st.html,or,springfield,4198-main-st
https://locations.tacobell.com/co/colorado-springs/4195-n-academy.html,co,colorado-springs,4195-n-academy
https://locations.tacobell.com/ky/lexington/4191-tates-creek-centre-rd.html,ky,lexington,4191-tates-creek-centre-rd
https://locations.tacobell.com/az/phoenix/419-west-bell-road.html,az,phoenix,419-west-bell-road
https://locations.tacobell.com/ga/warner-robins/419-n-davis-dr.html,ga,warner-robins,419-n-davis-dr
https://locations.tacobell.com/tx/killeen/419-east-rancier.html,tx,killeen,419-east-rancier
https://locations.tacobell.com/fl/miami/4185-sw-147th-avenue.html,fl,miami,4185-sw-147th-avenue
https://locations.tacobell.com/la/denham-springs/418-florida-blvd.html,la,denham-springs,418-florida-blvd
https://locations.tacobell.com/tx/abilene/4165-s-danville-dr.html,tx,abilene,4165-s-danville-dr
https://locations.tacobell.com/fl/lakeland/4165-highway-98-n.html,fl,lakeland,4165-highway-98-n
https://locations.tacobell.com/tx/dallas/4151-lbj-fwy.html,tx,dallas,4151-lbj-fwy
https://locations.tacobell.com/ca/san-francisco/4150-geary-boulevard.html,ca,san-francisco,4150-geary-boulevard
https://locations.tacobell.com/wa/toppenish/415-south-elm-street.html,wa,toppenish,415-south-elm-street
https://locations.tacobell.com/ga/martinez/415-s-belair-road.html,ga,martinez,415-s-belair-road
https://locations.tacobell.com/oh/cincinnati/4147-hamilton-ave-.html,oh,cincinnati,4147-hamilton-ave-
https://locations.tacobell.com/tx/rio-grande-city/4147-east-highway-83.html,tx,rio-grande-city,4147-east-highway-83
https://locations.tacobell.com/wi/milwaukee/4143-north-76th-street.html,wi,milwaukee,4143-north-76th-street
https://locations.tacobell.com/wi/la-crosse/4141-mormon-coulee-ct.html,wi,la-crosse,4141-mormon-coulee-ct
https://locations.tacobell.com/mo/springfield/4140-s-lipscomb-ave.html,mo,springfield,4140-s-lipscomb-ave
https://locations.tacobell.com/tx/san-antonio/414-sw-military-dr.html,tx,san-antonio,414-sw-military-dr
https://locations.tacobell.com/nd/fargo/4135-13th-ave-south.html,nd,fargo,4135-13th-ave-south
https://locations.tacobell.com/wi/manitowoc/4133-harbor-town-lane.html,wi,manitowoc,4133-harbor-town-lane
https://locations.tacobell.com/ny/batavia/413-west-main-street.html,ny,batavia,413-west-main-street
https://locations.tacobell.com/il/park-forest/413-sauk-trail.html,il,park-forest,413-sauk-trail
https://locations.tacobell.com/mo/saint-peters/4120-mexico-road.html,mo,saint-peters,4120-mexico-road
https://locations.tacobell.com/wi/madison/4120-e-washington-ave.html,wi,madison,4120-e-washington-ave
https://locations.tacobell.com/ga/swainsboro/412-south-main-street.html,ga,swainsboro,412-south-main-street
https://locations.tacobell.com/mo/desloge/412-n-state-st.html,mo,desloge,412-n-state-st
https://locations.tacobell.com/ks/hutchinson/412-e-4th-ave.html,ks,hutchinson,412-e-4th-ave
https://locations.tacobell.com/ca/big-bear-lake/41170-big-bear-blvd.html,ca,big-bear-lake,41170-big-bear-blvd
https://locations.tacobell.com/tx/amarillo/4116-i-40-w.html,tx,amarillo,4116-i-40-w
https://locations.tacobell.com/il/mchenry/4112-w-elm-st.html,il,mchenry,4112-w-elm-st
https://locations.tacobell.com/tx/vernon/4112-hillcrest-plaza.html,tx,vernon,4112-hillcrest-plaza
https://locations.tacobell.com/mi/bay-city/4111-e-wilder-road.html,mi,bay-city,4111-e-wilder-road
https://locations.tacobell.com/mo/columbia/411-s-providence-rd.html,mo,columbia,411-s-providence-rd
https://locations.tacobell.com/al/prattville/411-s-memorial-dr.html,al,prattville,411-s-memorial-dr
https://locations.tacobell.com/ca/woodland/411-pioneer-ave.html,ca,woodland,411-pioneer-ave
https://locations.tacobell.com/la/deridder/411-n-pine-st.html,la,deridder,411-n-pine-st
https://locations.tacobell.com/tn/knoxville/411-merchant-dr.html,tn,knoxville,411-merchant-dr
https://locations.tacobell.com/ky/versailles/411-lexington-rd.html,ky,versailles,411-lexington-rd
https://locations.tacobell.com/ca/santa-ana/411-e-first-street.html,ca,santa-ana,411-e-first-street
https://locations.tacobell.com/il/ottawa/4109-columbus-st.html,il,ottawa,4109-columbus-st
https://locations.tacobell.com/ne/bellevue/4105-twin-creek-dr-.html,ne,bellevue,4105-twin-creek-dr-
https://locations.tacobell.com/co/denver/4105-chambers-road.html,co,denver,4105-chambers-road
https://locations.tacobell.com/va/chesapeake/4103-portsmouth-blvd.html,va,chesapeake,4103-portsmouth-blvd
https://locations.tacobell.com/wa/spokane/4101-no-market-st.html,wa,spokane,4101-no-market-st
https://locations.tacobell.com/nc/wilmington/4101-market-st.html,nc,wilmington,4101-market-st
https://locations.tacobell.com/ca/newport-beach/4101-jamboree-rd.html,ca,newport-beach,4101-jamboree-rd
https://locations.tacobell.com/ca/irvine/4101-campus-drive.html,ca,irvine,4101-campus-drive
https://locations.tacobell.com/ca/temecula/41005-winchester-road.html,ca,temecula,41005-winchester-road
https://locations.tacobell.com/sd/sioux-falls/4100-west-12th-street.html,sd,sioux-falls,4100-west-12th-street
https://locations.tacobell.com/co/fort-collins/4100-s--college-ave-.html,co,fort-collins,4100-s--college-ave-
https://locations.tacobell.com/ca/oceanside/4100-oceanside-blvd-.html,ca,oceanside,4100-oceanside-blvd-
https://locations.tacobell.com/la/bossier-city/4100-industrial-dr.html,la,bossier-city,4100-industrial-dr
https://locations.tacobell.com/wa/east-wenatchee/410-valley-mall-parkway.html,wa,east-wenatchee,410-valley-mall-parkway
https://locations.tacobell.com/mn/northfield/410-s-hwy-3.html,mn,northfield,410-s-hwy-3
https://locations.tacobell.com/tx/red-oak/410-n-i35-service-rd.html,tx,red-oak,410-n-i35-service-rd
https://locations.tacobell.com/fl/merritt-island/410-n-courtenay-pkwy.html,fl,merritt-island,410-n-courtenay-pkwy
https://locations.tacobell.com/ky/florence/410-mt-zion-road.html,ky,florence,410-mt-zion-road
https://locations.tacobell.com/ca/moraga/410-moraga-rd.html,ca,moraga,410-moraga-rd
https://locations.tacobell.com/ct/east-windsor/41-prospect-hill-rd-.html,ct,east-windsor,41-prospect-hill-rd-
https://locations.tacobell.com/fl/tarpon-springs/40976-us-highway-19-north.html,fl,tarpon-springs,40976-us-highway-19-north
https://locations.tacobell.com/nj/hillsborough/409-us-highway-206.html,nj,hillsborough,409-us-highway-206
https://locations.tacobell.com/az/chandler/4080-s-gilbert-rd-.html,az,chandler,4080-s-gilbert-rd-
https://locations.tacobell.com/ca/american-canyon/408-napa-junction-rd-.html,ca,american-canyon,408-napa-junction-rd-
https://locations.tacobell.com/mi/burton/4071-davison-rd.html,mi,burton,4071-davison-rd
https://locations.tacobell.com/ks/junction-city/407-w--18th-street.html,ks,junction-city,407-w--18th-street
https://locations.tacobell.com/ar/springdale/406-s--thompson.html,ar,springdale,406-s--thompson
https://locations.tacobell.com/ca/petaluma/406-east-washington-street.html,ca,petaluma,406-east-washington-street
https://locations.tacobell.com/md/abingdon/406-constant-friendship-blvd.html,md,abingdon,406-constant-friendship-blvd
https://locations.tacobell.com/ca/fresno/4050-w-shaw-ave.html,ca,fresno,4050-w-shaw-ave
https://locations.tacobell.com/nv/carson-city/4050-s-carson-st-.html,nv,carson-city,4050-s-carson-st-
https://locations.tacobell.com/wi/waukesha/405-w-sunset-dr.html,wi,waukesha,405-w-sunset-dr
https://locations.tacobell.com/tx/mexia/405-north-ross-ave.html,tx,mexia,405-north-ross-ave
https://locations.tacobell.com/il/sterling/405-locust-street.html,il,sterling,405-locust-street
https://locations.tacobell.com/mo/willard/405-e--walnut-lane.html,mo,willard,405-e--walnut-lane
https://locations.tacobell.com/co/colorado-springs/405-e--platte-avenue.html,co,colorado-springs,405-e--platte-avenue
https://locations.tacobell.com/tx/levelland/405-e--hwy-114.html,tx,levelland,405-e--hwy-114
https://locations.tacobell.com/md/temple-hills/4045-branch-ave.html,md,temple-hills,4045-branch-ave
https://locations.tacobell.com/ga/powder-springs/4042-powder-springs-rd.html,ga,powder-springs,4042-powder-springs-rd
https://locations.tacobell.com/ca/carmichael/4041-manzanita-avenue.html,ca,carmichael,4041-manzanita-avenue
https://locations.tacobell.com/ga/macon/4040-bloomfield-rd.html,ga,macon,4040-bloomfield-rd
https://locations.tacobell.com/tx/gilmer/404-north-wood.html,tx,gilmer,404-north-wood
https://locations.tacobell.com/tx/killeen/404-n-fort-hood-st.html,tx,killeen,404-n-fort-hood-st
https://locations.tacobell.com/tx/mckinney/404-n-central-expressway.html,tx,mckinney,404-n-central-expressway
https://locations.tacobell.com/ct/new-london/404-colman-st.html,ct,new-london,404-colman-st
https://locations.tacobell.com/nc/morehead-city/4039-arendell-st.html,nc,morehead-city,4039-arendell-st
https://locations.tacobell.com/ca/orange/4035-w-chapman.html,ca,orange,4035-w-chapman
https://locations.tacobell.com/az/phoenix/4035-n-7th-ave.html,az,phoenix,4035-n-7th-ave
https://locations.tacobell.com/nc/jacksonville/403-s-marine-blvd.html,nc,jacksonville,403-s-marine-blvd
https://locations.tacobell.com/ar/mena/403-highway-71-n.html,ar,mena,403-highway-71-n
https://locations.tacobell.com/ga/cartersville/403-e-main-street.html,ga,cartersville,403-e-main-street
https://locations.tacobell.com/ga/norcross/4025-holcomb-bridge-rd.html,ga,norcross,4025-holcomb-bridge-rd
https://locations.tacobell.com/md/colmar-manor/4021-bladensburg-rd.html,md,colmar-manor,4021-bladensburg-rd
https://locations.tacobell.com/fl/panama-city/4020-w--23rd--street.html,fl,panama-city,4020-w--23rd--street
https://locations.tacobell.com/ok/enid/402-south-van-buren.html,ok,enid,402-south-van-buren
https://locations.tacobell.com/ky/murray/402-n-12th-st.html,ky,murray,402-n-12th-st
https://locations.tacobell.com/pa/reading/402-madison-ave-.html,pa,reading,402-madison-ave-
https://locations.tacobell.com/tx/harlingen/402-dixieland-rd.html,tx,harlingen,402-dixieland-rd
https://locations.tacobell.com/tx/lubbock/402-ave-q.html,tx,lubbock,402-ave-q
https://locations.tacobell.com/tn/rogersville/4018-highway-66.html,tn,rogersville,4018-highway-66
https://locations.tacobell.com/in/new-albany/4018-grant-line-road.html,in,new-albany,4018-grant-line-road
https://locations.tacobell.com/mo/kansas-city/4017-blue-ridge-cut-off.html,mo,kansas-city,4017-blue-ridge-cut-off
https://locations.tacobell.com/ar/hot-springs/4016-central-ave.html,ar,hot-springs,4016-central-ave
https://locations.tacobell.com/ca/fresno/4015-west-clinton-avenue.html,ca,fresno,4015-west-clinton-avenue
https://locations.tacobell.com/fl/avon-park/401-us-highway-27-south.html,fl,avon-park,401-us-highway-27-south
https://locations.tacobell.com/nj/magnolia/401-s--whitehorse-pike.html,nj,magnolia,401-s--whitehorse-pike
https://locations.tacobell.com/nv/las-vegas/401-s-decatur-blvd-.html,nv,las-vegas,401-s-decatur-blvd-
https://locations.tacobell.com/nv/las-vegas/401-n-nellis-blvd.html,nv,las-vegas,401-n-nellis-blvd
https://locations.tacobell.com/tn/knoxville/401-lovell-rd.html,tn,knoxville,401-lovell-rd
https://locations.tacobell.com/pa/carlisle/401-east-high-street.html,pa,carlisle,401-east-high-street
https://locations.tacobell.com/va/norfolk/4009-hampton-blvd-.html,va,norfolk,4009-hampton-blvd-
https://locations.tacobell.com/tx/san-marcos/4007-ih-35-s.html,tx,san-marcos,4007-ih-35-s
https://locations.tacobell.com/nj/delran/4006-route-130.html,nj,delran,4006-route-130
https://locations.tacobell.com/ca/oakhurst/40020-hwy-49.html,ca,oakhurst,40020-hwy-49
https://locations.tacobell.com/wa/yakima/4002-fruitvale-blvd.html,wa,yakima,4002-fruitvale-blvd
https://locations.tacobell.com/wi/kenosha/4002-52nd-street.html,wi,kenosha,4002-52nd-street
https://locations.tacobell.com/il/loves-park/4001-mcfarland-road.html,il,loves-park,4001-mcfarland-road
https://locations.tacobell.com/ks/maize/4000-north-maize-road.html,ks,maize,4000-north-maize-road
https://locations.tacobell.com/mn/rochester/4000-marketplace-dr-nw.html,mn,rochester,4000-marketplace-dr-nw
https://locations.tacobell.com/pa/saint-clair/400-terry-rich-blvd.html,pa,saint-clair,400-terry-rich-blvd
https://locations.tacobell.com/ia/red-oak/400-senate-avenue.html,ia,red-oak,400-senate-avenue
https://locations.tacobell.com/il/woodstock/400-s-eastwood-dr.html,il,woodstock,400-s-eastwood-dr
https://locations.tacobell.com/ny/yorkville/400-oriskany-blvd.html,ny,yorkville,400-oriskany-blvd
https://locations.tacobell.com/me/scarborough/400-gallery-boulevard.html,me,scarborough,400-gallery-boulevard
https://locations.tacobell.com/ca/san-pablo/40-san-pablo-towne-ctr.html,ca,san-pablo,40-san-pablo-towne-ctr
https://locations.tacobell.com/ca/hollister/40-san-felipe-road.html,ca,hollister,40-san-felipe-road
https://locations.tacobell.com/pa/blairsville/40-corporate-campus-dr-.html,pa,blairsville,40-corporate-campus-dr-
https://locations.tacobell.com/ma/ayer/4-sandy-pond-rd.html,ma,ayer,4-sandy-pond-rd
https://locations.tacobell.com/ma/plymouth/4-plaza-way.html,ma,plymouth,4-plaza-way
https://locations.tacobell.com/ar/greenbrier/4-n-broadview-st.html,ar,greenbrier,4-n-broadview-st
https://locations.tacobell.com/nh/hooksett/4-chambers-drive.html,nh,hooksett,4-chambers-drive
https://locations.tacobell.com/tn/memphis/3995-s--3rd-st-.html,tn,memphis,3995-s--3rd-st-
https://locations.tacobell.com/oh/port-clinton/3990-e-harbor-rd.html,oh,port-clinton,3990-e-harbor-rd
https://locations.tacobell.com/sc/west-columbia/3983-platt-springs-rd.html,sc,west-columbia,3983-platt-springs-rd
https://locations.tacobell.com/ky/maysville/398-market-square-drive.html,ky,maysville,398-market-square-drive
https://locations.tacobell.com/fl/lauderdale-lakes/3970-w-oakland-park-blvd.html,fl,lauderdale-lakes,3970-w-oakland-park-blvd
https://locations.tacobell.com/oh/sharonville/3970-hauck-road.html,oh,sharonville,3970-hauck-road
https://locations.tacobell.com/ca/san-luis-obispo/397-santa-rosa.html,ca,san-luis-obispo,397-santa-rosa
https://locations.tacobell.com/la/moss-bluff/396-sam-houston-jones-pkwy.html,la,moss-bluff,396-sam-houston-jones-pkwy
https://locations.tacobell.com/ca/murrieta/39557-los-alamos-rd.html,ca,murrieta,39557-los-alamos-rd
https://locations.tacobell.com/va/bluefield/3951-college-ave.html,va,bluefield,3951-college-ave
https://locations.tacobell.com/tx/beaumont/3950-walden-rd.html,tx,beaumont,3950-walden-rd
https://locations.tacobell.com/ky/louisville/3950-taylorsville-road.html,ky,louisville,3950-taylorsville-road
https://locations.tacobell.com/ny/seaford/3950-sunrise-hwy.html,ny,seaford,3950-sunrise-hwy
https://locations.tacobell.com/in/fort-wayne/3950-east-dupont-rd.html,in,fort-wayne,3950-east-dupont-rd
https://locations.tacobell.com/tx/cedar-hill/395-n-hwy-67.html,tx,cedar-hill,395-n-hwy-67
https://locations.tacobell.com/ks/kansas-city/3948-rainbow-blvd.html,ks,kansas-city,3948-rainbow-blvd
https://locations.tacobell.com/pa/monaca/3948-brodhead-rd.html,pa,monaca,3948-brodhead-rd
https://locations.tacobell.com/ny/levittown/3946-hempstead-turnpike.html,ny,levittown,3946-hempstead-turnpike
https://locations.tacobell.com/ga/valdosta/3946-bemiss-road.html,ga,valdosta,3946-bemiss-road
https://locations.tacobell.com/oh/whitehall/3944-e-broad-st.html,oh,whitehall,3944-e-broad-st
https://locations.tacobell.com/pa/uniontown/394-mcclellandtown-rd-.html,pa,uniontown,394-mcclellandtown-rd-
https://locations.tacobell.com/ms/philadelphia/394-main-street.html,ms,philadelphia,394-main-street
https://locations.tacobell.com/in/michigan-city/3936-s-franklin.html,in,michigan-city,3936-s-franklin
https://locations.tacobell.com/ca/palm-desert/39335-washington-st-.html,ca,palm-desert,39335-washington-st-
https://locations.tacobell.com/az/tucson/3930-east-22nd-street.html,az,tucson,3930-east-22nd-street
https://locations.tacobell.com/mo/independence/3927-bolger-road.html,mo,independence,3927-bolger-road
https://locations.tacobell.com/la/carencro/3924-ne-evangeline-trwy.html,la,carencro,3924-ne-evangeline-trwy
https://locations.tacobell.com/tx/paris/3922-lamar-ave-.html,tx,paris,3922-lamar-ave-
https://locations.tacobell.com/nj/vineland/3920-s-delsea-dr.html,nj,vineland,3920-s-delsea-dr
https://locations.tacobell.com/ms/southaven/3920-goodman-rd.html,ms,southaven,3920-goodman-rd
https://locations.tacobell.com/az/sierra-vista/3920-east-fry-blvd.html,az,sierra-vista,3920-east-fry-blvd
https://locations.tacobell.com/ct/danbury/392-main-st.html,ct,danbury,392-main-st
https://locations.tacobell.com/ca/newark/39199-cedar-blvd-.html,ca,newark,39199-cedar-blvd-
https://locations.tacobell.com/ne/omaha/3917-s-42nd-st.html,ne,omaha,3917-s-42nd-st
https://locations.tacobell.com/oh/cincinnati/3911-red-bank-rd.html,oh,cincinnati,3911-red-bank-rd
https://locations.tacobell.com/or/lincoln-city/3820-ne-highway-101.html,or,lincoln-city,3820-ne-highway-101
https://locations.tacobell.com/in/indianapolis/3910-madison-avenue.html,in,indianapolis,3910-madison-avenue
https://locations.tacobell.com/ms/horn-lake/3910-goodman-road-west.html,ms,horn-lake,3910-goodman-road-west
https://locations.tacobell.com/sc/walterboro/391-bells-hwy.html,sc,walterboro,391-bells-hwy
https://locations.tacobell.com/or/portland/3908-se-82nd-ave.html,or,portland,3908-se-82nd-ave
https://locations.tacobell.com/nc/winterville/3906-s-memorial-drive.html,nc,winterville,3906-s-memorial-drive
https://locations.tacobell.com/ca/murrieta/39056-winchester-rd.html,ca,murrieta,39056-winchester-rd
https://locations.tacobell.com/de/wilmington/3902-concord-pke.html,de,wilmington,3902-concord-pke
https://locations.tacobell.com/co/thornton/3901-e-120th-ave.html,co,thornton,3901-e-120th-ave
https://locations.tacobell.com/ca/modesto/3900-pelandale-ave.html,ca,modesto,3900-pelandale-ave
https://locations.tacobell.com/ar/north-little-rock/3900-mccain-blvd.html,ar,north-little-rock,3900-mccain-blvd
https://locations.tacobell.com/ny/rochester/3900-dewey-avenue.html,ny,rochester,3900-dewey-avenue
https://locations.tacobell.com/fl/hialeah/390-west-29th-street.html,fl,hialeah,390-west-29th-street
https://locations.tacobell.com/co/colorado-springs/390-n-union-blvd.html,co,colorado-springs,390-n-union-blvd
https://locations.tacobell.com/ca/dublin/3890-fallon-rd.html,ca,dublin,3890-fallon-rd
https://locations.tacobell.com/ca/oceanside/3895-mission-ave.html,ca,oceanside,3895-mission-ave
https://locations.tacobell.com/tx/grand-prairie/3890-s-great-southwest-pkwy.html,tx,grand-prairie,3890-s-great-southwest-pkwy
https://locations.tacobell.com/pa/mcmurray/3887-washington-road.html,pa,mcmurray,3887-washington-road
https://locations.tacobell.com/ga/stockbridge/3887-highway-138-se.html,ga,stockbridge,3887-highway-138-se
https://locations.tacobell.com/fl/ruskin/3886-sun-city-center.html,fl,ruskin,3886-sun-city-center
https://locations.tacobell.com/ok/bartlesville/3875-se-green-country-rd.html,ok,bartlesville,3875-se-green-country-rd
https://locations.tacobell.com/mn/north-branch/38706-14th-avenue.html,mn,north-branch,38706-14th-avenue
https://locations.tacobell.com/ca/el-monte/3858-north-peck-rd.html,ca,el-monte,3858-north-peck-rd
https://locations.tacobell.com/ne/omaha/3855-dodge-street.html,ne,omaha,3855-dodge-street
https://locations.tacobell.com/al/mobile/3843-airport-blvd.html,al,mobile,3843-airport-blvd
https://locations.tacobell.com/in/indianapolis/3842-s--emerson-ave.html,in,indianapolis,3842-s--emerson-ave
https://locations.tacobell.com/la/metairie/3840-veterans-memorial-blvd.html,la,metairie,3840-veterans-memorial-blvd
https://locations.tacobell.com/la/alexandria/3840-alexandria-mall-dr.html,la,alexandria,3840-alexandria-mall-dr
https://locations.tacobell.com/ga/bethlehem/384-exchange-blvd.html,ga,bethlehem,384-exchange-blvd
https://locations.tacobell.com/fl/tallahassee/3839-capital-circle-ne.html,fl,tallahassee,3839-capital-circle-ne
https://locations.tacobell.com/oh/columbus/3834-morse-road.html,oh,columbus,3834-morse-road
https://locations.tacobell.com/il/quincy/3828-broadway.html,il,quincy,3828-broadway
https://locations.tacobell.com/oh/portsmouth/3826-us-highway-23.html,oh,portsmouth,3826-us-highway-23
https://locations.tacobell.com/tx/tyler/3825-troup-highway.html,tx,tyler,3825-troup-highway
https://locations.tacobell.com/nc/raleigh/3821-western-blvd.html,nc,raleigh,3821-western-blvd
https://locations.tacobell.com/nc/durham/3821-north-duke-street.html,nc,durham,3821-north-duke-street
https://locations.tacobell.com/tx/texarkana/3820-st--michael-drive.html,tx,texarkana,3820-st--michael-drive
https://locations.tacobell.com/ca/sacramento/3820-northgate-blvd.html,ca,sacramento,3820-northgate-blvd
https://locations.tacobell.com/ky/jackson/382-highway-15-north.html,ky,jackson,382-highway-15-north
https://locations.tacobell.com/or/ontario/382-e-idaho-ave.html,or,ontario,382-e-idaho-ave
https://locations.tacobell.com/co/longmont/3818-state-highway-119.html,co,longmont,3818-state-highway-119
https://locations.tacobell.com/ky/bardstown/3818-e--john-rowan-blvd.html,ky,bardstown,3818-e--john-rowan-blvd
https://locations.tacobell.com/wa/lacey/3815-pacific-avenue-s-e-.html,wa,lacey,3815-pacific-avenue-s-e-
https://locations.tacobell.com/in/bloomington/3811-w-state-road-46.html,in,bloomington,3811-w-state-road-46
https://locations.tacobell.com/nj/howell/3810-rt-9-s.html,nj,howell,3810-rt-9-s
https://locations.tacobell.com/tx/grand-prairie/381-w-highway-303.html,tx,grand-prairie,381-w-highway-303
https://locations.tacobell.com/tx/tyler/3808-s-broadway-ave.html,tx,tyler,3808-s-broadway-ave
https://locations.tacobell.com/tx/odessa/3807-e-42nd-st.html,tx,odessa,3807-e-42nd-st
https://locations.tacobell.com/in/lafayette/3805-south-street.html,in,lafayette,3805-south-street
https://locations.tacobell.com/fl/tampa/3803-west-minnehaha-street.html,fl,tampa,3803-west-minnehaha-street
https://locations.tacobell.com/ne/york/3803-s--lincoln-avenue.html,ne,york,3803-s--lincoln-avenue
https://locations.tacobell.com/fl/tampa/3802-south-dale-mabry-highway.html,fl,tampa,3802-south-dale-mabry-highway
https://locations.tacobell.com/tx/fort-worth/3801-valentine-st.html,tx,fort-worth,3801-valentine-st
https://locations.tacobell.com/in/kokomo/3801-s-reed-rd.html,in,kokomo,3801-s-reed-rd
https://locations.tacobell.com/fl/palm-beach-gardens/3800-northlake-blvd.html,fl,palm-beach-gardens,3800-northlake-blvd
https://locations.tacobell.com/ky/glasgow/380-n-l--roger-wells-blvd-.html,ky,glasgow,380-n-l--roger-wells-blvd-
https://locations.tacobell.com/ca/gilroy/380-east-10th-st.html,ca,gilroy,380-east-10th-st
https://locations.tacobell.com/tx/allen/380-e-stacy-rd.html,tx,allen,380-e-stacy-rd
https://locations.tacobell.com/ca/palmdale/37910-47th-street-east.html,ca,palmdale,37910-47th-street-east
https://locations.tacobell.com/oh/amelia/3790-waterford-parkway.html,oh,amelia,3790-waterford-parkway
https://locations.tacobell.com/de/newark/379-e-chestnut-hill-plaza-rd.html,de,newark,379-e-chestnut-hill-plaza-rd
https://locations.tacobell.com/al/alexander-city/3779-highway-280.html,al,alexander-city,3779-highway-280
https://locations.tacobell.com/la/thibodaux/377-n-canal-blvd.html,la,thibodaux,377-n-canal-blvd
https://locations.tacobell.com/fl/lake-mary/3755-w--lake-mary-blvd-.html,fl,lake-mary,3755-w--lake-mary-blvd-
https://locations.tacobell.com/fl/miami/3750-nw-79th-ave.html,fl,miami,3750-nw-79th-ave
https://locations.tacobell.com/ca/blythe/375-s-lovekin-blvd.html,ca,blythe,375-s-lovekin-blvd
https://locations.tacobell.com/nc/sylva/375-e-main-st.html,nc,sylva,375-e-main-st
https://locations.tacobell.com/nc/greensboro/3740-battleground-ave.html,nc,greensboro,3740-battleground-ave
https://locations.tacobell.com/or/sandy/37317-highway-26.html,or,sandy,37317-highway-26
https://locations.tacobell.com/ny/buffalo/3730-union-road.html,ny,buffalo,3730-union-road
https://locations.tacobell.com/wa/marysville/3729-116th-st-ne.html,wa,marysville,3729-116th-st-ne
https://locations.tacobell.com/ca/visalia/3727-south-mooney-blvd.html,ca,visalia,3727-south-mooney-blvd
https://locations.tacobell.com/oh/youngstown/3726-market-street.html,oh,youngstown,3726-market-street
https://locations.tacobell.com/tx/beaumont/3725-college-street.html,tx,beaumont,3725-college-street
https://locations.tacobell.com/ca/fremont/37236-fremont-blvd.html,ca,fremont,37236-fremont-blvd
https://locations.tacobell.com/nc/wilson/3720-nash-st-n.html,nc,wilson,3720-nash-st-n
https://locations.tacobell.com/nv/las-vegas/3717-south-las-vegas-blvd.html,nv,las-vegas,3717-south-las-vegas-blvd
https://locations.tacobell.com/ny/north-syracuse/3716-brewerton-road.html,ny,north-syracuse,3716-brewerton-road
https://locations.tacobell.com/in/indianapolis/3715-n-post-rd.html,in,indianapolis,3715-n-post-rd
https://locations.tacobell.com/mo/saint-louis/3715-lemay-ferry-road.html,mo,saint-louis,3715-lemay-ferry-road
https://locations.tacobell.com/ca/stockton/3714-east-hammer-lane.html,ca,stockton,3714-east-hammer-lane
https://locations.tacobell.com/fl/bradenton/3710-cortez-rd-w.html,fl,bradenton,3710-cortez-rd-w
https://locations.tacobell.com/ut/hurricane/379-w-state-street.html,ut,hurricane,379-w-state-street
https://locations.tacobell.com/sc/greenville/3709-pelham-road.html,sc,greenville,3709-pelham-road
https://locations.tacobell.com/la/baton-rouge/3709-hollywood-st.html,la,baton-rouge,3709-hollywood-st
https://locations.tacobell.com/va/virginia-beach/3708-virginia-beach-blvd.html,va,virginia-beach,3708-virginia-beach-blvd
https://locations.tacobell.com/ne/hastings/3706-cimarron-ave-.html,ne,hastings,3706-cimarron-ave-
https://locations.tacobell.com/wa/bellevue/3705-128th-ave-s-e.html,wa,bellevue,3705-128th-ave-s-e
https://locations.tacobell.com/in/bloomington/3702-w-3rd-st.html,in,bloomington,3702-w-3rd-st
https://locations.tacobell.com/mo/lees-summit/3701-sw-hollywood-drive.html,mo,lees-summit,3701-sw-hollywood-drive
https://locations.tacobell.com/il/glen-ellyn/370-roosevelt-road.html,il,glen-ellyn,370-roosevelt-road
https://locations.tacobell.com/ca/lincoln/37-lincoln-blvd.html,ca,lincoln,37-lincoln-blvd
https://locations.tacobell.com/ca/san-jose/3690-stevens-creek-blvd.html,ca,san-jose,3690-stevens-creek-blvd
https://locations.tacobell.com/va/norfolk/3690-sewells-point-road.html,va,norfolk,3690-sewells-point-road
https://locations.tacobell.com/me/farmington/369-wilton-road.html,me,farmington,369-wilton-road
https://locations.tacobell.com/fl/orlando/369-s-avalon-park-blvd.html,fl,orlando,369-s-avalon-park-blvd
https://locations.tacobell.com/id/boise/3680-n-eagle-rd.html,id,boise,3680-n-eagle-rd
https://locations.tacobell.com/ny/bath/368-w--morris-st.html,ny,bath,368-w--morris-st
https://locations.tacobell.com/ny/plattsburgh/367-cornelia-street.html,ny,plattsburgh,367-cornelia-street
https://locations.tacobell.com/nv/las-vegas/3661-e--bonanza-road.html,nv,las-vegas,3661-e--bonanza-road
https://locations.tacobell.com/nj/perth-amboy/366-convery-blvd.html,nj,perth-amboy,366-convery-blvd
https://locations.tacobell.com/az/anthem/3659-w--anthem-way.html,az,anthem,3659-w--anthem-way
https://locations.tacobell.com/fl/deerfield-beach/3652-w-hillsboro-blvd.html,fl,deerfield-beach,3652-w-hillsboro-blvd
https://locations.tacobell.com/ks/kansas-city/3651-state-avenue.html,ks,kansas-city,3651-state-avenue
https://locations.tacobell.com/fl/miramar/3650-utopia-drive.html,fl,miramar,3650-utopia-drive
https://locations.tacobell.com/ut/ogden/365-east-12th-street.html,ut,ogden,365-east-12th-street
https://locations.tacobell.com/fl/cocoa-beach/3645-n-atlantic-ave.html,fl,cocoa-beach,3645-n-atlantic-ave
https://locations.tacobell.com/nc/winston-salem/3644-reynolda-road.html,nc,winston-salem,3644-reynolda-road
https://locations.tacobell.com/ga/decatur/3644-flat-shoals-road.html,ga,decatur,3644-flat-shoals-road
https://locations.tacobell.com/in/terre-haute/3636-s--us-highwy-41.html,in,terre-haute,3636-s--us-highwy-41
https://locations.tacobell.com/tx/dallas/3636-forest-lane.html,tx,dallas,3636-forest-lane
https://locations.tacobell.com/la/lafayette/3630-ambassador-caffery-pkwy.html,la,lafayette,3630-ambassador-caffery-pkwy
https://locations.tacobell.com/vt/saint-albans-town/363-swanton-road.html,vt,saint-albans-town,363-swanton-road
https://locations.tacobell.com/ca/los-angeles/3629-south-vermont-avenue.html,ca,los-angeles,3629-south-vermont-avenue
https://locations.tacobell.com/az/glendale/3626-w--pinnacle-peak-rd-.html,az,glendale,3626-w--pinnacle-peak-rd-
https://locations.tacobell.com/wa/kennewick/3623-plaza-way.html,wa,kennewick,3623-plaza-way
https://locations.tacobell.com/pa/philadelphia/3619-aramingo-avenue.html,pa,philadelphia,3619-aramingo-avenue
https://locations.tacobell.com/ga/oakwood/3615-mundy-mill-rd.html,ga,oakwood,3615-mundy-mill-rd
https://locations.tacobell.com/in/logansport/3615-e-market-st.html,in,logansport,3615-e-market-st
https://locations.tacobell.com/fl/ormond-beach/361-w-granda-blvd.html,fl,ormond-beach,361-w-granda-blvd
https://locations.tacobell.com/ks/great-bend/3607-west-10th-street.html,ks,great-bend,3607-west-10th-street
https://locations.tacobell.com/fl/miramar/3606-red-road.html,fl,miramar,3606-red-road
https://locations.tacobell.com/ca/turlock/3606-n-golden-state-blvd-.html,ca,turlock,3606-n-golden-state-blvd-
https://locations.tacobell.com/mi/flint/3606-corunna-rd-.html,mi,flint,3606-corunna-rd-
https://locations.tacobell.com/fl/lakeland/3605-south-florida-avenue.html,fl,lakeland,3605-south-florida-avenue
https://locations.tacobell.com/oh/columbus/3605-s-high-st.html,oh,columbus,3605-s-high-st
https://locations.tacobell.com/ga/atlanta/3604-bakers-ferry-rd-sw.html,ga,atlanta,3604-bakers-ferry-rd-sw
https://locations.tacobell.com/tx/longview/3603-estes-parkway.html,tx,longview,3603-estes-parkway
https://locations.tacobell.com/ca/modesto/3601-yosemite-avenue.html,ca,modesto,3601-yosemite-avenue
https://locations.tacobell.com/in/indianapolis/3601-kentucky-avenue.html,in,indianapolis,3601-kentucky-avenue
https://locations.tacobell.com/az/gilbert/3601-east-baseline-road.html,az,gilbert,3601-east-baseline-road
https://locations.tacobell.com/fl/saint-cloud/3601-13th-st.html,fl,saint-cloud,3601-13th-st
https://locations.tacobell.com/la/donaldsonville/1525-marchand-drive.html,la,donaldsonville,1525-marchand-drive
https://locations.tacobell.com/ca/vallejo/3600-sonoma-blvd.html,ca,vallejo,3600-sonoma-blvd
https://locations.tacobell.com/fl/saint-petersburg/3600-4th-street-north.html,fl,saint-petersburg,3600-4th-street-north
https://locations.tacobell.com/pa/east-freedom/310-travelers-road.html,pa,east-freedom,310-travelers-road
https://locations.tacobell.com/ny/ronkonkoma/360-portion-road.html,ny,ronkonkoma,360-portion-road
https://locations.tacobell.com/oh/fairborn/360-north-broad-street.html,oh,fairborn,360-north-broad-street
https://locations.tacobell.com/oh/oxford/36-lynn-ave.html,oh,oxford,36-lynn-ave
https://locations.tacobell.com/fl/haines-city/35995-hwy-27.html,fl,haines-city,35995-hwy-27
https://locations.tacobell.com/nv/las-vegas/3595-s-durango-dr.html,nv,las-vegas,3595-s-durango-dr
https://locations.tacobell.com/fl/miami/3595-biscayne-blvd.html,fl,miami,3595-biscayne-blvd
https://locations.tacobell.com/in/jasper/3592-newton-st.html,in,jasper,3592-newton-st
https://locations.tacobell.com/ga/suwanee/3579-peachtree-pkwy.html,ga,suwanee,3579-peachtree-pkwy
https://locations.tacobell.com/tx/el-paso/3570-zaragoza.html,tx,el-paso,3570-zaragoza
https://locations.tacobell.com/nc/durham/3570-hillsborough-rd.html,nc,durham,3570-hillsborough-rd
https://locations.tacobell.com/fl/pompano-beach/357-w--atlantic-blvd.html,fl,pompano-beach,357-w--atlantic-blvd
https://locations.tacobell.com/tn/memphis/3569-democrat-rd.html,tn,memphis,3569-democrat-rd
https://locations.tacobell.com/ca/los-angeles/3562-s-la-cienega-blvd.html,ca,los-angeles,3562-s-la-cienega-blvd
https://locations.tacobell.com/tx/the-colony/3561-plano-parkway.html,tx,the-colony,3561-plano-parkway
https://locations.tacobell.com/ca/sacramento/356-florin-rd.html,ca,sacramento,356-florin-rd
https://locations.tacobell.com/nm/albuquerque/3555-isleta-blvd-sw.html,nm,albuquerque,3555-isleta-blvd-sw
https://locations.tacobell.com/co/aurora/3554-s-tower-road.html,co,aurora,3554-s-tower-road
https://locations.tacobell.com/mo/osage-beach/3554-osage-beach-pkwy.html,mo,osage-beach,3554-osage-beach-pkwy
https://locations.tacobell.com/va/fredericksburg/3551-plank-road.html,va,fredericksburg,3551-plank-road
https://locations.tacobell.com/oh/youngstown/3551-belmont-avenue.html,oh,youngstown,3551-belmont-avenue
https://locations.tacobell.com/fl/clearwater/3550-ulmerton-rd.html,fl,clearwater,3550-ulmerton-rd
https://locations.tacobell.com/nv/north-las-vegas/355-w--centennial-parkway.html,nv,north-las-vegas,355-w--centennial-parkway
https://locations.tacobell.com/ky/frankfort/355-leonardwood-road.html,ky,frankfort,355-leonardwood-road
https://locations.tacobell.com/ct/new-haven/355-foxon-blvd.html,ct,new-haven,355-foxon-blvd
https://locations.tacobell.com/ut/magna/3545-south-8400-west.html,ut,magna,3545-south-8400-west
https://locations.tacobell.com/va/collinsville/3544-virginia-ave.html,va,collinsville,3544-virginia-ave
https://locations.tacobell.com/ca/oakland/3535-35th-avenue.html,ca,oakland,3535-35th-avenue
https://locations.tacobell.com/wi/new-berlin/3530-s-moorland-road.html,wi,new-berlin,3530-s-moorland-road
https://locations.tacobell.com/mo/kirkwood/353-south-kirkwood-road.html,mo,kirkwood,353-south-kirkwood-road
https://locations.tacobell.com/nc/hillsborough/353-s--churton-street.html,nc,hillsborough,353-s--churton-street
https://locations.tacobell.com/fl/tallahassee/3529-apalachee-pkwy.html,fl,tallahassee,3529-apalachee-pkwy
https://locations.tacobell.com/in/columbus/3520-jonathan-moore-pike.html,in,columbus,3520-jonathan-moore-pike
https://locations.tacobell.com/ky/louisville/3520-bardstown-rd-.html,ky,louisville,3520-bardstown-rd-
https://locations.tacobell.com/az/mesa/352-e-brown-rd.html,az,mesa,352-e-brown-rd
https://locations.tacobell.com/az/phoenix/3517-w-glendale-ave.html,az,phoenix,3517-w-glendale-ave
https://locations.tacobell.com/ga/east-point/3517-camp-creek-parkway.html,ga,east-point,3517-camp-creek-parkway
https://locations.tacobell.com/mo/springfield/3511-w-chestnut-expy-.html,mo,springfield,3511-w-chestnut-expy-
https://locations.tacobell.com/mo/branson/3511-shepherd-hills-expy.html,mo,branson,3511-shepherd-hills-expy
https://locations.tacobell.com/il/chicago/3511-devon-avenue.html,il,chicago,3511-devon-avenue
https://locations.tacobell.com/fl/sarasota/3510-clark-road.html,fl,sarasota,3510-clark-road
https://locations.tacobell.com/nc/durham/3509-westgate-dr.html,nc,durham,3509-westgate-dr
https://locations.tacobell.com/il/chicago/3509-n-harlem.html,il,chicago,3509-n-harlem
https://locations.tacobell.com/nj/union-city/3509-john-f-kennedy.html,nj,union-city,3509-john-f-kennedy
https://locations.tacobell.com/az/phoenix/3507-w--peoria-ave-.html,az,phoenix,3507-w--peoria-ave-
https://locations.tacobell.com/ca/stockton/3507-w-hammer-lane.html,ca,stockton,3507-w-hammer-lane
https://locations.tacobell.com/in/elkhart/3505-s-main-st.html,in,elkhart,3505-s-main-st
https://locations.tacobell.com/co/greeley/3503-w-10th-st.html,co,greeley,3503-w-10th-st
https://locations.tacobell.com/fl/ocala/3501-west-silver-springs-blvd.html,fl,ocala,3501-west-silver-springs-blvd
https://locations.tacobell.com/tx/austin/3501-wells-branch-pkwy.html,tx,austin,3501-wells-branch-pkwy
https://locations.tacobell.com/mo/saint-louis/3501-s-grand-ave.html,mo,saint-louis,3501-s-grand-ave
https://locations.tacobell.com/tx/bryan/3501-east-29th-street.html,tx,bryan,3501-east-29th-street
https://locations.tacobell.com/ar/pine-bluff/3501-camden-rd.html,ar,pine-bluff,3501-camden-rd
https://locations.tacobell.com/fl/fort-lauderdale/3500-west-broward-blvd.html,fl,fort-lauderdale,3500-west-broward-blvd
https://locations.tacobell.com/ny/syracuse/3500-w-genesee-st.html,ny,syracuse,3500-w-genesee-st
https://locations.tacobell.com/ca/el-centro/350-wake-ave-.html,ca,el-centro,350-wake-ave-
https://locations.tacobell.com/co/denver/350-south-federal-blvd.html,co,denver,350-south-federal-blvd
https://locations.tacobell.com/ny/hudson/350-fairview-ave-.html,ny,hudson,350-fairview-ave-
https://locations.tacobell.com/or/brookings/350-5th-street.html,or,brookings,350-5th-street
https://locations.tacobell.com/az/phoenix/34906-n-valley-parkway.html,az,phoenix,34906-n-valley-parkway
https://locations.tacobell.com/tn/memphis/3490-elvis-presley-blvd.html,tn,memphis,3490-elvis-presley-blvd
https://locations.tacobell.com/nc/winston-salem/349-akron-drive.html,nc,winston-salem,349-akron-drive
https://locations.tacobell.com/ga/marietta/3480-ernest-w-barrett-pkwy-sw.html,ga,marietta,3480-ernest-w-barrett-pkwy-sw
https://locations.tacobell.com/ma/hadley/348-russell-street.html,ma,hadley,348-russell-street
https://locations.tacobell.com/ut/west-valley-city/3475-west-3500-south.html,ut,west-valley-city,3475-west-3500-south
https://locations.tacobell.com/nv/winnemucca/3475-construction-way.html,nv,winnemucca,3475-construction-way
https://locations.tacobell.com/mi/holland/3471-w-shore-dr.html,mi,holland,3471-w-shore-dr
https://locations.tacobell.com/tx/dallas/3470-illinois-ave-.html,tx,dallas,3470-illinois-ave-
https://locations.tacobell.com/wv/morgantown/347-patteson-dr.html,wv,morgantown,347-patteson-dr
https://locations.tacobell.com/mn/saint-paul/3464-n--rice-street.html,mn,saint-paul,3464-n--rice-street
https://locations.tacobell.com/mi/chesterfield/34626-23-mile-road.html,mi,chesterfield,34626-23-mile-road
https://locations.tacobell.com/az/flagstaff/3460-e-route-66.html,az,flagstaff,3460-e-route-66
https://locations.tacobell.com/oh/toledo/3460-airport-hwy.html,oh,toledo,3460-airport-hwy
https://locations.tacobell.com/wa/port-orchard/3458-se-mile-hill-dr.html,wa,port-orchard,3458-se-mile-hill-dr
https://locations.tacobell.com/ga/columbus/3456-victory-drive.html,ga,columbus,3456-victory-drive
https://locations.tacobell.com/ks/wichita/3455-south-meridian-.html,ks,wichita,3455-south-meridian-
https://locations.tacobell.com/az/tucson/3455-e-grant-rd.html,az,tucson,3455-e-grant-rd
https://locations.tacobell.com/or/salem/3455-commercial-st-se.html,or,salem,3455-commercial-st-se
https://locations.tacobell.com/ca/union-city/34525-alvarado-niles-road.html,ca,union-city,34525-alvarado-niles-road
https://locations.tacobell.com/fl/the-villages/3450-wedgewood-lane.html,fl,the-villages,3450-wedgewood-lane
https://locations.tacobell.com/fl/stuart/3450-s-e--federal-highway.html,fl,stuart,3450-s-e--federal-highway
https://locations.tacobell.com/il/wheaton/345-rice-lake-square.html,il,wheaton,345-rice-lake-square
https://locations.tacobell.com/ut/west-valley-city/3447-south-5600-west.html,ut,west-valley-city,3447-south-5600-west
https://locations.tacobell.com/ca/antioch/3445-deer-valley-rd.html,ca,antioch,3445-deer-valley-rd
https://locations.tacobell.com/tx/san-angelo/3444-sherwood-way.html,tx,san-angelo,3444-sherwood-way
https://locations.tacobell.com/mo/saint-louis/3440-so-kings-highway.html,mo,saint-louis,3440-so-kings-highway
https://locations.tacobell.com/mo/sullivan/344-s-service-rd-e.html,mo,sullivan,344-s-service-rd-e
https://locations.tacobell.com/co/colorado-springs/3436-research-parkway-blvd.html,co,colorado-springs,3436-research-parkway-blvd
https://locations.tacobell.com/sc/piedmont/3431-highway-153.html,sc,piedmont,3431-highway-153
https://locations.tacobell.com/fl/fort-myers/3431-cleveland-ave.html,fl,fort-myers,3431-cleveland-ave
https://locations.tacobell.com/ma/ludlow/343-center-street.html,ma,ludlow,343-center-street
https://locations.tacobell.com/in/indianapolis/3423-w-86th-st.html,in,indianapolis,3423-w-86th-st
https://locations.tacobell.com/il/oswego/3423-orchard-rd.html,il,oswego,3423-orchard-rd
https://locations.tacobell.com/tx/austin/3421-w-william-cannon-dr.html,tx,austin,3421-w-william-cannon-dr
https://locations.tacobell.com/tx/denison/3420-w--fm-120.html,tx,denison,3420-w--fm-120
https://locations.tacobell.com/or/beaverton/3420-sw-cedar-hills-blvd.html,or,beaverton,3420-sw-cedar-hills-blvd
https://locations.tacobell.com/or/newberg/3420-portland-road.html,or,newberg,3420-portland-road
https://locations.tacobell.com/tx/carrollton/3420-e-hebron-parkway.html,tx,carrollton,3420-e-hebron-parkway
https://locations.tacobell.com/oh/marietta/342-pike-street.html,oh,marietta,342-pike-street
https://locations.tacobell.com/ca/roseville/342-north-sunrise-blvd.html,ca,roseville,342-north-sunrise-blvd
https://locations.tacobell.com/ms/vicksburg/3416-pemberton-square-blvd.html,ms,vicksburg,3416-pemberton-square-blvd
https://locations.tacobell.com/nv/las-vegas/3415-e--russell-road.html,nv,las-vegas,3415-e--russell-road
https://locations.tacobell.com/ny/malone/3414-state-route-11.html,ny,malone,3414-state-route-11
https://locations.tacobell.com/ca/dana-point/34117-pacific-coast-hwy.html,ca,dana-point,34117-pacific-coast-hwy
https://locations.tacobell.com/ca/sacramento/3411-bradshaw-road.html,ca,sacramento,3411-bradshaw-road
https://locations.tacobell.com/oh/dayton/3410-york-commons-blvd.html,oh,dayton,3410-york-commons-blvd
https://locations.tacobell.com/ga/sharpsburg/3410-highway-34-e.html,ga,sharpsburg,3410-highway-34-e
https://locations.tacobell.com/sc/greenville/3409-w-blueridge-dr.html,sc,greenville,3409-w-blueridge-dr
https://locations.tacobell.com/nc/walkertown/3409-pearlview-drive.html,nc,walkertown,3409-pearlview-drive
https://locations.tacobell.com/fl/gainesville/3408-sw-archer-rd.html,fl,gainesville,3408-sw-archer-rd
https://locations.tacobell.com/ne/columbus/3408-23rd-street.html,ne,columbus,3408-23rd-street
https://locations.tacobell.com/ca/yucaipa/34077-yucaipa-blvd.html,ca,yucaipa,34077-yucaipa-blvd
https://locations.tacobell.com/la/lake-charles/3407-gerstner-memorial-blvd.html,la,lake-charles,3407-gerstner-memorial-blvd
https://locations.tacobell.com/wa/camas/3405-ne-3rd-ave.html,wa,camas,3405-ne-3rd-ave
https://locations.tacobell.com/mo/saint-joseph/3402-s-belt-hwy.html,mo,saint-joseph,3402-s-belt-hwy
https://locations.tacobell.com/oh/columbus/3402-cleveland-ave.html,oh,columbus,3402-cleveland-ave
https://locations.tacobell.com/tx/lindale/3401-south-main-street.html,tx,lindale,3401-south-main-street
https://locations.tacobell.com/fl/saint-petersburg/3401-5th-avenue-n.html,fl,saint-petersburg,3401-5th-avenue-n
https://locations.tacobell.com/sd/sioux-falls/3400-s-louise-avenue.html,sd,sioux-falls,3400-s-louise-avenue
https://locations.tacobell.com/ky/fort-wright/3400-madison-pike.html,ky,fort-wright,3400-madison-pike
https://locations.tacobell.com/mt/missoula/3400-brooks-street.html,mt,missoula,3400-brooks-street
https://locations.tacobell.com/tx/kenedy/340-n-sunset-strip-st.html,tx,kenedy,340-n-sunset-strip-st
https://locations.tacobell.com/ca/chula-vista/340-east-h-street.html,ca,chula-vista,340-east-h-street
https://locations.tacobell.com/ms/natchez/34-sergeant-prentiss-dr.html,ms,natchez,34-sergeant-prentiss-dr
https://locations.tacobell.com/me/skowhegan/339a-madison-avenue.html,me,skowhegan,339a-madison-avenue
https://locations.tacobell.com/ca/long-beach/3398-norwalk-blvd.html,ca,long-beach,3398-norwalk-blvd
https://locations.tacobell.com/al/thomasville/33951-hwy-43-north.html,al,thomasville,33951-hwy-43-north
https://locations.tacobell.com/ga/acworth/3390-cobb-parkway-n-w-.html,ga,acworth,3390-cobb-parkway-n-w-
https://locations.tacobell.com/ma/revere/339-squire-road.html,ma,revere,339-squire-road
https://locations.tacobell.com/ca/livingston/339-joseph-gallo-drive.html,ca,livingston,339-joseph-gallo-drive
https://locations.tacobell.com/ga/atlanta/3385-buford-hwy.html,ga,atlanta,3385-buford-hwy
https://locations.tacobell.com/mi/flint/3383-s-linden-rd.html,mi,flint,3383-s-linden-rd
https://locations.tacobell.com/ca/cameron-park/3382-coach-ln.html,ca,cameron-park,3382-coach-ln
https://locations.tacobell.com/pa/allentown/3380-lehigh-street.html,pa,allentown,3380-lehigh-street
https://locations.tacobell.com/tn/memphis/3378-poplar-ave.html,tn,memphis,3378-poplar-ave
https://locations.tacobell.com/id/boise/3377-west-state.html,id,boise,3377-west-state
https://locations.tacobell.com/va/hampton/3375-commander-shepard-boulevard.html,va,hampton,3375-commander-shepard-boulevard
https://locations.tacobell.com/in/columbia-city/337-w-plaza-dr.html,in,columbia-city,337-w-plaza-dr
https://locations.tacobell.com/ks/andover/336-s-andover-rd.html,ks,andover,336-s-andover-rd
https://locations.tacobell.com/wi/racine/3358-douglas-avenue.html,wi,racine,3358-douglas-avenue
https://locations.tacobell.com/ia/keokuk/3356-main-street.html,ia,keokuk,3356-main-street
https://locations.tacobell.com/tx/bedford/3351-harwood-road.html,tx,bedford,3351-harwood-road
https://locations.tacobell.com/ny/bronx/3351-conners-street.html,ny,bronx,3351-conners-street
https://locations.tacobell.com/il/chicago/3350-w--roosevelt-rd.html,il,chicago,3350-w--roosevelt-rd
https://locations.tacobell.com/nm/las-cruces/3350-rinconada-blvd-.html,nm,las-cruces,3350-rinconada-blvd-
https://locations.tacobell.com/in/indianapolis/3350-e-washington-street.html,in,indianapolis,3350-e-washington-street
https://locations.tacobell.com/az/kingman/3350-e-andy-devine.html,az,kingman,3350-e-andy-devine
https://locations.tacobell.com/il/west-chicago/335-neltnor-blvd-.html,il,west-chicago,335-neltnor-blvd-
https://locations.tacobell.com/ca/el-cajon/335-n-second-st-.html,ca,el-cajon,335-n-second-st-
https://locations.tacobell.com/mo/cape-girardeau/335-n-kingshighway-st.html,mo,cape-girardeau,335-n-kingshighway-st
https://locations.tacobell.com/fl/titusville/3343-columbia-blvd.html,fl,titusville,3343-columbia-blvd
https://locations.tacobell.com/mo/springfield/3340-south-campbell.html,mo,springfield,3340-south-campbell
https://locations.tacobell.com/wy/casper/3340-c-y-ave.html,wy,casper,3340-c-y-ave
https://locations.tacobell.com/md/cumberland/334-queen-city-drive.html,md,cumberland,334-queen-city-drive
https://locations.tacobell.com/ky/owensboro/3335-villa-point.html,ky,owensboro,3335-villa-point
https://locations.tacobell.com/wi/milwaukee/3334-s--27th-st-.html,wi,milwaukee,3334-s--27th-st-
https://locations.tacobell.com/co/pueblo/3333-north-elizabeth.html,co,pueblo,3333-north-elizabeth
https://locations.tacobell.com/fl/lake-worth/3330-s-congress-ave.html,fl,lake-worth,3330-s-congress-ave
https://locations.tacobell.com/md/forestville/3330-donnell-dr.html,md,forestville,3330-donnell-dr
https://locations.tacobell.com/fl/ocala/3325-nw-pine-avenue.html,fl,ocala,3325-nw-pine-avenue
https://locations.tacobell.com/tx/austin/3324-slaughter-lane.html,tx,austin,3324-slaughter-lane
https://locations.tacobell.com/tx/forest-hill/3324-se-loop-820.html,tx,forest-hill,3324-se-loop-820
https://locations.tacobell.com/nm/alamogordo/3323-n--white-sands-blvd-.html,nm,alamogordo,3323-n--white-sands-blvd-
https://locations.tacobell.com/tx/irving/3321-n-belt-line-rd-.html,tx,irving,3321-n-belt-line-rd-
https://locations.tacobell.com/in/fort-wayne/3320-saint-joe-center-rd.html,in,fort-wayne,3320-saint-joe-center-rd
https://locations.tacobell.com/wa/bremerton/3320-kitsap-way.html,wa,bremerton,3320-kitsap-way
https://locations.tacobell.com/md/baltimore/3319-pulaski-hwy.html,md,baltimore,3319-pulaski-hwy
https://locations.tacobell.com/ca/hemet/3317-w--florida-ave-.html,ca,hemet,3317-w--florida-ave-
https://locations.tacobell.com/mn/saint-cloud/3311-2nd-st-s.html,mn,saint-cloud,3311-2nd-st-s
https://locations.tacobell.com/nd/bismarck/3310-state-street.html,nd,bismarck,3310-state-street
https://locations.tacobell.com/tn/pigeon-forge/3310-parkway.html,tn,pigeon-forge,3310-parkway
https://locations.tacobell.com/ne/lincoln/3310-n-27th-st.html,ne,lincoln,3310-n-27th-st
https://locations.tacobell.com/tx/amarillo/3309-washington-st.html,tx,amarillo,3309-washington-st
https://locations.tacobell.com/sd/sioux-falls/3309-e-10th-st.html,sd,sioux-falls,3309-e-10th-st
https://locations.tacobell.com/ar/searcy/3307-e-race.html,ar,searcy,3307-e-race
https://locations.tacobell.com/va/roanoke/3306-westmoreland-drive.html,va,roanoke,3306-westmoreland-drive
https://locations.tacobell.com/fl/palatka/3306-crill-ave.html,fl,palatka,3306-crill-ave
https://locations.tacobell.com/la/kenner/3302-williams-blvd.html,la,kenner,3302-williams-blvd
https://locations.tacobell.com/oh/toledo/3302-west-central.html,oh,toledo,3302-west-central
https://locations.tacobell.com/mo/saint-joseph/3301-north-belt-hwy.html,mo,saint-joseph,3301-north-belt-hwy
https://locations.tacobell.com/mo/columbia/3301-clark-lane.html,mo,columbia,3301-clark-lane
https://locations.tacobell.com/ia/dubuque/3300-hillcrest-road.html,ia,dubuque,3300-hillcrest-road
https://locations.tacobell.com/va/woodstock/330-west-reservoir-road.html,va,woodstock,330-west-reservoir-road
https://locations.tacobell.com/ms/jackson/330-w-northside-dr.html,ms,jackson,330-w-northside-dr
https://locations.tacobell.com/ny/monroe/330-larkin-drive.html,ny,monroe,330-larkin-drive
https://locations.tacobell.com/nc/greenville/330-east-arlington-blvd.html,nc,greenville,330-east-arlington-blvd
https://locations.tacobell.com/pa/lewisburg/33-north-derr-drive.html,pa,lewisburg,33-north-derr-drive
https://locations.tacobell.com/ma/fairhaven/33-alden-road.html,ma,fairhaven,33-alden-road
https://locations.tacobell.com/va/petersburg/3294-s--crater-road.html,va,petersburg,3294-s--crater-road
https://locations.tacobell.com/ga/cairo/329-us-hwy-84-e.html,ga,cairo,329-us-hwy-84-e
https://locations.tacobell.com/ny/new-rochelle/329-main-st.html,ny,new-rochelle,329-main-st
https://locations.tacobell.com/fl/palm-harbor/32899-us-highway-19-n.html,fl,palm-harbor,32899-us-highway-19-n
https://locations.tacobell.com/ga/doraville/3283-northcrest-rd.html,ga,doraville,3283-northcrest-rd
https://locations.tacobell.com/ks/wichita/328-s-west-st.html,ks,wichita,328-s-west-st
https://locations.tacobell.com/wa/oak-harbor/32780-state-highway-20.html,wa,oak-harbor,32780-state-highway-20
https://locations.tacobell.com/ms/jackson/3276-highway-80-west.html,ms,jackson,3276-highway-80-west
https://locations.tacobell.com/mi/whitehall/3271-colby-rd.html,mi,whitehall,3271-colby-rd
https://locations.tacobell.com/ca/vista/3271-business-park-dr.html,ca,vista,3271-business-park-dr
https://locations.tacobell.com/oh/toledo/3265-w-laskey-rd.html,oh,toledo,3265-w-laskey-rd
https://locations.tacobell.com/nv/las-vegas/3264-s--nellis-blvd.html,nv,las-vegas,3264-s--nellis-blvd
https://locations.tacobell.com/mi/saginaw/3262-e-holland-road.html,mi,saginaw,3262-e-holland-road
https://locations.tacobell.com/nv/las-vegas/3260-n-durango-rd.html,nv,las-vegas,3260-n-durango-rd
https://locations.tacobell.com/sc/belton/326-s--main-street.html,sc,belton,326-s--main-street
https://locations.tacobell.com/sc/orangeburg/3259-st--matthews-road.html,sc,orangeburg,3259-st--matthews-road
https://locations.tacobell.com/co/aurora/3259-south-parker-road.html,co,aurora,3259-south-parker-road
https://locations.tacobell.com/ms/pascagoula/3259-denny-avenue.html,ms,pascagoula,3259-denny-avenue
https://locations.tacobell.com/co/boulder/3255-28th-street.html,co,boulder,3255-28th-street
https://locations.tacobell.com/il/harvard/325-s-division-st.html,il,harvard,325-s-division-st
https://locations.tacobell.com/ny/lawrence/325-rockaway-turnpike.html,ny,lawrence,325-rockaway-turnpike
https://locations.tacobell.com/ma/fitchburg/325-john-fitch-hwy.html,ma,fitchburg,325-john-fitch-hwy
https://locations.tacobell.com/co/colorado-springs/325-east-fillmore-street.html,co,colorado-springs,325-east-fillmore-street
https://locations.tacobell.com/in/marion/3244-s-western-ave.html,in,marion,3244-s-western-ave
https://locations.tacobell.com/mi/grand-rapids/3243-plainfield-avenue.html,mi,grand-rapids,3243-plainfield-avenue
https://locations.tacobell.com/ga/kennesaw/3240-barrett-lakes-blvd-nw.html,ga,kennesaw,3240-barrett-lakes-blvd-nw
https://locations.tacobell.com/ca/anaheim/324-s-brookhurst.html,ca,anaheim,324-s-brookhurst
https://locations.tacobell.com/va/chesapeake/3236-western-branch-blvd.html,va,chesapeake,3236-western-branch-blvd
https://locations.tacobell.com/mi/fenton/3234-owen-road.html,mi,fenton,3234-owen-road
https://locations.tacobell.com/tn/memphis/3233-thomas-st.html,tn,memphis,3233-thomas-st
https://locations.tacobell.com/mi/kalamazoo/3233-s-westnedge-ave.html,mi,kalamazoo,3233-s-westnedge-ave
https://locations.tacobell.com/co/clifton/3231-i-70-business-loop.html,co,clifton,3231-i-70-business-loop
https://locations.tacobell.com/tx/duncanville/323-s-cedar-ridge-drive.html,tx,duncanville,323-s-cedar-ridge-drive
https://locations.tacobell.com/oh/vandalia/323-e--national-rd.html,oh,vandalia,323-e--national-rd
https://locations.tacobell.com/nc/raleigh/3224-s-wilmington-st.html,nc,raleigh,3224-s-wilmington-st
https://locations.tacobell.com/tx/dallas/3223-fort-worth-ave.html,tx,dallas,3223-fort-worth-ave
https://locations.tacobell.com/ga/augusta/3222-wrightsboro-rd.html,ga,augusta,3222-wrightsboro-rd
https://locations.tacobell.com/tx/corpus-christi/3221-s-staples-st.html,tx,corpus-christi,3221-s-staples-st
https://locations.tacobell.com/nv/las-vegas/3221-north-rancho-drive.html,nv,las-vegas,3221-north-rancho-drive
https://locations.tacobell.com/al/roanoke/3221-hwy-431.html,al,roanoke,3221-hwy-431
https://locations.tacobell.com/wi/appleton/3221-east-express-court.html,wi,appleton,3221-east-express-court
https://locations.tacobell.com/az/kingman/3220-stockton-hill-rd.html,az,kingman,3220-stockton-hill-rd
https://locations.tacobell.com/or/springfield/3220-gateway-st.html,or,springfield,3220-gateway-st
https://locations.tacobell.com/wa/kent/322-washington-ave-south.html,wa,kent,322-washington-ave-south
https://locations.tacobell.com/il/antioch/322-w-state-route-173.html,il,antioch,322-w-state-route-173
https://locations.tacobell.com/il/wood-dale/322-w-irving-park-rd.html,il,wood-dale,322-w-irving-park-rd
https://locations.tacobell.com/nh/salem/322-s--broadway.html,nh,salem,322-s--broadway
https://locations.tacobell.com/oh/beavercreek/3218-dayton-xenia-rd.html,oh,beavercreek,3218-dayton-xenia-rd
https://locations.tacobell.com/ne/omaha/3211-n-108th-st.html,ne,omaha,3211-n-108th-st
https://locations.tacobell.com/mn/edina/3210-southdale-circle.html,mn,edina,3210-southdale-circle
https://locations.tacobell.com/mn/moorhead/321-south-8th-street.html,mn,moorhead,321-south-8th-street
https://locations.tacobell.com/nc/elizabethtown/321-s--poplar-st.html,nc,elizabethtown,321-s--poplar-st
https://locations.tacobell.com/nh/concord/321-loudon-rd.html,nh,concord,321-loudon-rd
https://locations.tacobell.com/wi/wisconsin-dells/321-highway-13.html,wi,wisconsin-dells,321-highway-13
https://locations.tacobell.com/fl/tallahassee/3209-n--monroe-st.html,fl,tallahassee,3209-n--monroe-st
https://locations.tacobell.com/va/virginia-beach/3209-holland-rd.html,va,virginia-beach,3209-holland-rd
https://locations.tacobell.com/in/south-bend/3208-lincolnway-west.html,in,south-bend,3208-lincolnway-west
https://locations.tacobell.com/sc/greenville/3207-n-pleasantburg-dr.html,sc,greenville,3207-n-pleasantburg-dr
https://locations.tacobell.com/wi/sheboygan/3205-erie-ave.html,wi,sheboygan,3205-erie-ave
https://locations.tacobell.com/mo/saint-louis/3204-telegraph-rd.html,mo,saint-louis,3204-telegraph-rd
https://locations.tacobell.com/ok/broken-arrow/3202-s-juniper-ave.html,ok,broken-arrow,3202-s-juniper-ave
https://locations.tacobell.com/in/muncie/3201-n-morrison.html,in,muncie,3201-n-morrison
https://locations.tacobell.com/oh/lima/3201-elida-rd.html,oh,lima,3201-elida-rd
https://locations.tacobell.com/ca/union-city/32002-alvarado.html,ca,union-city,32002-alvarado
https://locations.tacobell.com/nj/hamilton/3200-south-broad-st.html,nj,hamilton,3200-south-broad-st
https://locations.tacobell.com/il/waukegan/3200-n-lewis-ave.html,il,waukegan,3200-n-lewis-ave
https://locations.tacobell.com/la/pineville/3200-monroe-hwy.html,la,pineville,3200-monroe-hwy
https://locations.tacobell.com/ky/elizabethtown/3200-leitchfield-road.html,ky,elizabethtown,3200-leitchfield-road
https://locations.tacobell.com/pa/corry/322-w--columbus-ave.html,pa,corry,322-w--columbus-ave
https://locations.tacobell.com/wa/renton/320-rainier-avenue-south.html,wa,renton,320-rainier-avenue-south
https://locations.tacobell.com/ky/lexington/320-new-circle-rd--n-w-.html,ky,lexington,320-new-circle-rd--n-w-
https://locations.tacobell.com/tx/mckinney/320-n--custer-rd-.html,tx,mckinney,320-n--custer-rd-
https://locations.tacobell.com/mo/saint-joseph/320-n--belt-hwy-.html,mo,saint-joseph,320-n--belt-hwy-
https://locations.tacobell.com/il/palatine/320-n-northwest-hwy.html,il,palatine,320-n-northwest-hwy
https://locations.tacobell.com/tn/goodlettsville/320-long-hollow-pike.html,tn,goodlettsville,320-long-hollow-pike
https://locations.tacobell.com/pa/pittston/320-highway-315.html,pa,pittston,320-highway-315
https://locations.tacobell.com/nm/albuquerque/320-eubank-blvd-ne.html,nm,albuquerque,320-eubank-blvd-ne
https://locations.tacobell.com/oh/bowling-green/320-e-wooster.html,oh,bowling-green,320-e-wooster
https://locations.tacobell.com/ia/spencer/320-11th-st-sw-plaza.html,ia,spencer,320-11th-st-sw-plaza
https://locations.tacobell.com/ut/salt-lake-city/3197-west-5400-south.html,ut,salt-lake-city,3197-west-5400-south
https://locations.tacobell.com/ga/athens/3196-atlanta-highway.html,ga,athens,3196-atlanta-highway
https://locations.tacobell.com/wi/milwaukee/3191-s--76th-street.html,wi,milwaukee,3191-s--76th-street
https://locations.tacobell.com/fl/miami/3190-coral-way.html,fl,miami,3190-coral-way
https://locations.tacobell.com/tx/san-antonio/319-valley-hi-drive.html,tx,san-antonio,319-valley-hi-drive
https://locations.tacobell.com/az/prescott/3188-willow-creek-road.html,az,prescott,3188-willow-creek-road
https://locations.tacobell.com/mo/kingdom-city/3188-us-highway-54.html,mo,kingdom-city,3188-us-highway-54
https://locations.tacobell.com/ia/council-bluffs/318-e-broadway.html,ia,council-bluffs,318-e-broadway
https://locations.tacobell.com/ny/syracuse/3179-erie-blvd-east.html,ny,syracuse,3179-erie-blvd-east
https://locations.tacobell.com/tx/garland/3178-lavon-dr-.html,tx,garland,3178-lavon-dr-
https://locations.tacobell.com/ca/san-juan-capistrano/31771-del-obispo.html,ca,san-juan-capistrano,31771-del-obispo
https://locations.tacobell.com/ca/napa/3177-jefferson-street.html,ca,napa,3177-jefferson-street
https://locations.tacobell.com/ny/orchard-park/3175-orchard-park.html,ny,orchard-park,3175-orchard-park
https://locations.tacobell.com/ca/lake-elsinore/31712-mission-trail.html,ca,lake-elsinore,31712-mission-trail
https://locations.tacobell.com/ca/cathedral-city/31-705-date-palm-dr-.html,ca,cathedral-city,31-705-date-palm-dr-
https://locations.tacobell.com/ca/temecula/31677-us-hwy-79-south.html,ca,temecula,31677-us-hwy-79-south
https://locations.tacobell.com/la/denham-springs/31618-la-highway-16.html,la,denham-springs,31618-la-highway-16
https://locations.tacobell.com/ca/alamo/3160-d-danville-blvd-.html,ca,alamo,3160-d-danville-blvd-
https://locations.tacobell.com/mi/grand-rapids/3160-alpine-ave-nw.html,mi,grand-rapids,3160-alpine-ave-nw
https://locations.tacobell.com/sc/anderson/3152-north-main.html,sc,anderson,3152-north-main
https://locations.tacobell.com/ca/san-diego/3152-midway-drive.html,ca,san-diego,3152-midway-drive
https://locations.tacobell.com/tx/fort-worth/3150-sycamore-school-rd-.html,tx,fort-worth,3150-sycamore-school-rd-
https://locations.tacobell.com/wi/eau-claire/3150-n--clairemont-avenue.html,wi,eau-claire,3150-n--clairemont-avenue
https://locations.tacobell.com/ia/council-bluffs/3150-dial-drive.html,ia,council-bluffs,3150-dial-drive
https://locations.tacobell.com/wi/la-crosse/315-west-avenue-north.html,wi,la-crosse,315-west-avenue-north
https://locations.tacobell.com/mo/liberty/315-s-291-hwy.html,mo,liberty,315-s-291-hwy
https://locations.tacobell.com/ca/rancho-santa-margarita/31491-santa-margarita-pky.html,ca,rancho-santa-margarita,31491-santa-margarita-pky
https://locations.tacobell.com/oh/toledo/3149-dorr-street.html,oh,toledo,3149-dorr-street
https://locations.tacobell.com/ca/san-diego/3144-carmel-valley-road.html,ca,san-diego,3144-carmel-valley-road
https://locations.tacobell.com/il/chicago/3143-n-milwaukee-ave.html,il,chicago,3143-n-milwaukee-ave
https://locations.tacobell.com/ca/merced/3140-g-street.html,ca,merced,3140-g-street
https://locations.tacobell.com/ca/chino-hills/3140-chino-ave.html,ca,chino-hills,3140-chino-ave
https://locations.tacobell.com/ga/la-grange/314-new-franklin-rd.html,ga,la-grange,314-new-franklin-rd
https://locations.tacobell.com/ma/hyannis/314-barnstable-road.html,ma,hyannis,314-barnstable-road
https://locations.tacobell.com/ny/painted-post/3135-silverback-lane.html,ny,painted-post,3135-silverback-lane
https://locations.tacobell.com/ms/ocean-springs/3134-bienville-blvd.html,ms,ocean-springs,3134-bienville-blvd
https://locations.tacobell.com/in/terre-haute/3132-wabash-ave.html,in,terre-haute,3132-wabash-ave
https://locations.tacobell.com/va/bristol/190-dominion-place.html,va,bristol,190-dominion-place
https://locations.tacobell.com/ga/locust-grove/313-tanger-blvd-.html,ga,locust-grove,313-tanger-blvd-
https://locations.tacobell.com/tx/dallas/3127-inwood-rd.html,tx,dallas,3127-inwood-rd
https://locations.tacobell.com/ca/lake-elsinore/31257-riverside-drive.html,ca,lake-elsinore,31257-riverside-drive
https://locations.tacobell.com/ky/louisville/3125-poplar-level-rd-.html,ky,louisville,3125-poplar-level-rd-
https://locations.tacobell.com/ca/long-beach/3125-e-broadway.html,ca,long-beach,3125-e-broadway
https://locations.tacobell.com/la/baton-rouge/3125-college-drive.html,la,baton-rouge,3125-college-drive
https://locations.tacobell.com/ky/paducah/3120-james-sanders-blvd.html,ky,paducah,3120-james-sanders-blvd
https://locations.tacobell.com/ca/baldwin-park/3120-baldwin-park-blvd.html,ca,baldwin-park,3120-baldwin-park-blvd
https://locations.tacobell.com/la/marksville/312-tunica-dr-e.html,la,marksville,312-tunica-dr-e
https://locations.tacobell.com/ok/tulsa/3118-e-11th-street.html,ok,tulsa,3118-e-11th-street
https://locations.tacobell.com/nv/carson-city/3117-highway-50-east.html,nv,carson-city,3117-highway-50-east
https://locations.tacobell.com/ca/costa-mesa/3115-harbor-blvd-.html,ca,costa-mesa,3115-harbor-blvd-
https://locations.tacobell.com/ia/sioux-city/3115-gordon-drive.html,ia,sioux-city,3115-gordon-drive
https://locations.tacobell.com/il/rockford/3114-11th-street.html,il,rockford,3114-11th-street
https://locations.tacobell.com/co/denver/3110-south-sheridan.html,co,denver,3110-south-sheridan
https://locations.tacobell.com/ky/radcliff/311-s--dixie-blvd-.html,ky,radcliff,311-s--dixie-blvd-
https://locations.tacobell.com/ut/centerville/311-north-frontage-road.html,ut,centerville,311-north-frontage-road
https://locations.tacobell.com/ny/lindenhurst/311-montauk-hwy.html,ny,lindenhurst,311-montauk-hwy
https://locations.tacobell.com/ca/hayward/31077-mission-boulevard.html,ca,hayward,31077-mission-boulevard
https://locations.tacobell.com/mi/ionia/3105-commerce-lane.html,mi,ionia,3105-commerce-lane
https://locations.tacobell.com/ga/augusta/3104-peach-orchard-rd.html,ga,augusta,3104-peach-orchard-rd
https://locations.tacobell.com/az/gilbert/3104-e--chandler-heights-road.html,az,gilbert,3104-e--chandler-heights-road
https://locations.tacobell.com/la/lafayette/3103-louisiana-ave-.html,la,lafayette,3103-louisiana-ave-
https://locations.tacobell.com/il/peoria/3101-n-sterling-ave.html,il,peoria,3101-n-sterling-ave
https://locations.tacobell.com/az/phoenix/3101-e-thomas-rd.html,az,phoenix,3101-e-thomas-rd
https://locations.tacobell.com/fl/brooksville/31001-cortez-blvd.html,fl,brooksville,31001-cortez-blvd
https://locations.tacobell.com/la/youngsville/3100-e--milton-ave.html,la,youngsville,3100-e--milton-ave
https://locations.tacobell.com/tn/waverly/310-west-main-street.html,tn,waverly,310-west-main-street
https://locations.tacobell.com/az/mesa/310-w-main-street.html,az,mesa,310-w-main-street
https://locations.tacobell.com/tx/college-station/310-n-harvey-road.html,tx,college-station,310-n-harvey-road
https://locations.tacobell.com/ma/haverhill/31-plaistow-rd-.html,ma,haverhill,31-plaistow-rd-
https://locations.tacobell.com/ga/winder/31-east-may-street.html,ga,winder,31-east-may-street
https://locations.tacobell.com/nm/gallup/3095-west-historical-hwy-66.html,nm,gallup,3095-west-historical-hwy-66
https://locations.tacobell.com/ca/fresno/3095-e-shields-ave.html,ca,fresno,3095-e-shields-ave
https://locations.tacobell.com/md/edgewater/3091-solomons-island-rd.html,md,edgewater,3091-solomons-island-rd
https://locations.tacobell.com/tx/llano/309-west-young-ave.html,tx,llano,309-west-young-ave
https://locations.tacobell.com/in/bloomington/309-north-walnut-street.html,in,bloomington,309-north-walnut-street
https://locations.tacobell.com/nc/burlington/309-huffman-mill-road.html,nc,burlington,309-huffman-mill-road
https://locations.tacobell.com/co/evergreen/30850-stagecoach.html,co,evergreen,30850-stagecoach
https://locations.tacobell.com/ga/commerce/30842-highway-441-south.html,ga,commerce,30842-highway-441-south
https://locations.tacobell.com/ca/eureka/3080-broadway.html,ca,eureka,3080-broadway
https://locations.tacobell.com/ct/bridgeport/308-lindley-st.html,ct,bridgeport,308-lindley-st
https://locations.tacobell.com/al/scottsboro/308-county-park-rd.html,al,scottsboro,308-county-park-rd
https://locations.tacobell.com/ny/oceanside/3076-long-beach-road.html,ny,oceanside,3076-long-beach-road
https://locations.tacobell.com/in/angola/3075-w-maumee-st.html,in,angola,3075-w-maumee-st
https://locations.tacobell.com/ky/hebron/3075-n-bend-rd.html,ky,hebron,3075-n-bend-rd
https://locations.tacobell.com/ca/fairfield/3070-travis-blvd.html,ca,fairfield,3070-travis-blvd
https://locations.tacobell.com/md/salisbury/307-tilghman-road.html,md,salisbury,307-tilghman-road
https://locations.tacobell.com/fl/apopka/307-e-main-st.html,fl,apopka,307-e-main-st
https://locations.tacobell.com/il/westchester/3063-s-wolf-rd.html,il,westchester,3063-s-wolf-rd
https://locations.tacobell.com/mi/marquette/3062-us-highway-41-w.html,mi,marquette,3062-us-highway-41-w
https://locations.tacobell.com/wi/plymouth/3062-kiley-way.html,wi,plymouth,3062-kiley-way
https://locations.tacobell.com/il/round-lake-beach/306-w-rollins-rd.html,il,round-lake-beach,306-w-rollins-rd
https://locations.tacobell.com/nh/seabrook/306-lafayette-road.html,nh,seabrook,306-lafayette-road
https://locations.tacobell.com/nj/west-long-branch/306-nj-36.html,nj,west-long-branch,306-nj-36
https://locations.tacobell.com/ia/centerville/306-east-maple.html,ia,centerville,306-east-maple
https://locations.tacobell.com/ia/fort-dodge/3057-first-avenue-s-.html,ia,fort-dodge,3057-first-avenue-s-
https://locations.tacobell.com/al/dothan/3056-ross-clark-cir.html,al,dothan,3056-ross-clark-cir
https://locations.tacobell.com/wa/silverdale/3051-nw-bucklin-hill-rd.html,wa,silverdale,3051-nw-bucklin-hill-rd
https://locations.tacobell.com/ms/pearl/3051-highway-80-east.html,ms,pearl,3051-highway-80-east
https://locations.tacobell.com/al/spanish-fort/30500-state-hwy-181.html,al,spanish-fort,30500-state-hwy-181
https://locations.tacobell.com/co/wheat-ridge/3050-youngfield-st.html,co,wheat-ridge,3050-youngfield-st
https://locations.tacobell.com/tn/greeneville/3050-e-andrew-johnson-hwy.html,tn,greeneville,3050-e-andrew-johnson-hwy
https://locations.tacobell.com/ok/sand-springs/305-w--2nd-street-.html,ok,sand-springs,305-w--2nd-street-
https://locations.tacobell.com/fl/pensacola/305-south-warrington-road.html,fl,pensacola,305-south-warrington-road
https://locations.tacobell.com/ks/independence/305-n-8th-st.html,ks,independence,305-n-8th-st
https://locations.tacobell.com/md/frederick/305-ballenger-center-dr-.html,md,frederick,305-ballenger-center-dr-
https://locations.tacobell.com/mn/red-wing/3048-n--service-drive.html,mn,red-wing,3048-n--service-drive
https://locations.tacobell.com/ny/east-northport/3048-jericho-tpke.html,ny,east-northport,3048-jericho-tpke
https://locations.tacobell.com/ia/cedar-rapids/3045-williams-blvd-sw.html,ia,cedar-rapids,3045-williams-blvd-sw
https://locations.tacobell.com/tn/memphis/3045-covington-pike.html,tn,memphis,3045-covington-pike
https://locations.tacobell.com/in/greenwood/3042-stones-crossing-road-west.html,in,greenwood,3042-stones-crossing-road-west
https://locations.tacobell.com/il/elgin/304-south-mclean-blvd.html,il,elgin,304-south-mclean-blvd
https://locations.tacobell.com/ky/paris/304-letton-drive.html,ky,paris,304-letton-drive
https://locations.tacobell.com/mo/cape-girardeau/3039-williams.html,mo,cape-girardeau,3039-williams
https://locations.tacobell.com/va/danville/3035-riverside-dr.html,va,danville,3035-riverside-dr
https://locations.tacobell.com/md/charlotte-hall/30343-triangle-drive.html,md,charlotte-hall,30343-triangle-drive
https://locations.tacobell.com/ca/brea/303-west-imperial-highway.html,ca,brea,303-west-imperial-highway
https://locations.tacobell.com/al/selma/303-w-highland-ave.html,al,selma,303-w-highland-ave
https://locations.tacobell.com/tx/hondo/303-us-highway-90-e.html,tx,hondo,303-us-highway-90-e
https://locations.tacobell.com/tx/dalhart/303-hwy-87.html,tx,dalhart,303-hwy-87
https://locations.tacobell.com/ga/clayton/303-highway-441-n.html,ga,clayton,303-highway-441-n
https://locations.tacobell.com/wv/lewisburg/303-gateway-blvd-.html,wv,lewisburg,303-gateway-blvd-
https://locations.tacobell.com/ny/port-chester/303-boston-post-rd.html,ny,port-chester,303-boston-post-rd
https://locations.tacobell.com/wa/lake-stevens/303-91st-ave-ne.html,wa,lake-stevens,303-91st-ave-ne
https://locations.tacobell.com/co/colorado-springs/3029-west-colorado-avenue.html,co,colorado-springs,3029-west-colorado-avenue
https://locations.tacobell.com/ca/los-angeles/3029-w-8th-st.html,ca,los-angeles,3029-w-8th-st
https://locations.tacobell.com/nm/santa-fe/3029-cerrillos-road.html,nm,santa-fe,3029-cerrillos-road
https://locations.tacobell.com/wi/sheboygan/3026-s--business-drive.html,wi,sheboygan,3026-s--business-drive
https://locations.tacobell.com/il/springfield/3025-w-white-oaks-dr.html,il,springfield,3025-w-white-oaks-dr
https://locations.tacobell.com/mi/houghton-lake/3023-w-houghton-lake-dr.html,mi,houghton-lake,3023-w-houghton-lake-dr
https://locations.tacobell.com/ga/valdosta/3022-n-ashley-st-.html,ga,valdosta,3022-n-ashley-st-
https://locations.tacobell.com/ok/norman/3020-s--classen-blvd-.html,ok,norman,3020-s--classen-blvd-
https://locations.tacobell.com/tx/jacksonville/302-s-jackson-street.html,tx,jacksonville,302-s-jackson-street
https://locations.tacobell.com/ky/princeton/302-parkway-ave-.html,ky,princeton,302-parkway-ave-
https://locations.tacobell.com/ga/wrens/302-north-main-street.html,ga,wrens,302-north-main-street
https://locations.tacobell.com/ga/savannah/302-mall-blvd.html,ga,savannah,302-mall-blvd
https://locations.tacobell.com/wv/morgantown/302-cheat-road.html,wv,morgantown,302-cheat-road
https://locations.tacobell.com/oh/dayton/3019-kettering-blvd.html,oh,dayton,3019-kettering-blvd
https://locations.tacobell.com/ny/central-square/3016-east-avenue.html,ny,central-square,3016-east-avenue
https://locations.tacobell.com/ma/east-wareham/3015-cranberry-hwy.html,ma,east-wareham,3015-cranberry-hwy
https://locations.tacobell.com/nc/hope-mills/3014-n-main-st.html,nc,hope-mills,3014-n-main-st
https://locations.tacobell.com/ny/saratoga-springs/3012-route-50.html,ny,saratoga-springs,3012-route-50
https://locations.tacobell.com/la/kenner/3012-loyola-drive.html,la,kenner,3012-loyola-drive
https://locations.tacobell.com/ca/menifee/30115-antelope-road.html,ca,menifee,30115-antelope-road
https://locations.tacobell.com/ca/tustin/3010-el-camino-real.html,ca,tustin,3010-el-camino-real
https://locations.tacobell.com/wa/spokane/3010-east-29th-avenue.html,wa,spokane,3010-east-29th-avenue
https://locations.tacobell.com/ga/woodstock/3010-eagle-drive.html,ga,woodstock,3010-eagle-drive
https://locations.tacobell.com/ga/hinesville/301-w--general-screven-way.html,ga,hinesville,301-w--general-screven-way
https://locations.tacobell.com/nc/elizabeth-city/301-w-ehringhaus-street.html,nc,elizabeth-city,301-w-ehringhaus-street
https://locations.tacobell.com/la/ruston/301-w-california-ave-.html,la,ruston,301-w-california-ave-
https://locations.tacobell.com/or/grants-pass/301-ne-terry-ln.html,or,grants-pass,301-ne-terry-ln
https://locations.tacobell.com/ar/russellville/301-n--elmira-ave-.html,ar,russellville,301-n--elmira-ave-
https://locations.tacobell.com/ca/manhattan-beach/301-n-sepulveda-blvd.html,ca,manhattan-beach,301-n-sepulveda-blvd
https://locations.tacobell.com/ca/covina/301-n-citrus.html,ca,covina,301-n-citrus
https://locations.tacobell.com/ar/newport/301-highway-67-n.html,ar,newport,301-highway-67-n
https://locations.tacobell.com/az/phoenix/301-east-mcdowell-road.html,az,phoenix,301-east-mcdowell-road
https://locations.tacobell.com/ca/fullerton/301-e-commonwealth-ave.html,ca,fullerton,301-e-commonwealth-ave
https://locations.tacobell.com/co/pueblo/301-e-abriendo-ave.html,co,pueblo,301-e-abriendo-ave
https://locations.tacobell.com/mo/union/301-crestview.html,mo,union,301-crestview
https://locations.tacobell.com/ca/union-city/30075-industrial-pkwy.html,ca,union-city,30075-industrial-pkwy
https://locations.tacobell.com/nm/roswell/3007-north-main-st-.html,nm,roswell,3007-north-main-st-
https://locations.tacobell.com/tx/san-antonio/3006-sw-military-dr.html,tx,san-antonio,3006-sw-military-dr
https://locations.tacobell.com/ar/van-buren/3003-alma-hwy.html,ar,van-buren,3003-alma-hwy
https://locations.tacobell.com/ca/laguna-niguel/30022-crown-valley-pkwy.html,ca,laguna-niguel,30022-crown-valley-pkwy
https://locations.tacobell.com/wi/madison/3002-e-washington-ave.html,wi,madison,3002-e-washington-ave
https://locations.tacobell.com/tn/ardmore/30019-highway-110.html,tn,ardmore,30019-highway-110
https://locations.tacobell.com/tx/dallas/3001-n--hampton-rd-.html,tx,dallas,3001-n--hampton-rd-
https://locations.tacobell.com/ky/fort-campbell/3001-bastogne-avenue.html,ky,fort-campbell,3001-bastogne-avenue
https://locations.tacobell.com/ca/fullerton/3000-yorba-linda-blvd.html,ca,fullerton,3000-yorba-linda-blvd
https://locations.tacobell.com/ok/midwest-city/300-s-air-depot-ave-.html,ok,midwest-city,300-s-air-depot-ave-
https://locations.tacobell.com/ky/morehead/300-old-flemingsburg-rd.html,ky,morehead,300-old-flemingsburg-rd
https://locations.tacobell.com/fl/hollywood/300-north-park-road.html,fl,hollywood,300-north-park-road
https://locations.tacobell.com/nh/nashua/300-main-street.html,nh,nashua,300-main-street
https://locations.tacobell.com/tx/hillsboro/300-i-35-hwy-ne.html,tx,hillsboro,300-i-35-hwy-ne
https://locations.tacobell.com/tx/henderson/300-highway-79-south.html,tx,henderson,300-highway-79-south
https://locations.tacobell.com/wv/parkersburg/300-gihon-village.html,wv,parkersburg,300-gihon-village
https://locations.tacobell.com/tx/amarillo/300-e-amarillo-blvd.html,tx,amarillo,300-e-amarillo-blvd
https://locations.tacobell.com/ia/muscatine/300-cleveland.html,ia,muscatine,300-cleveland
https://locations.tacobell.com/me/augusta/300-civic-center-dr-.html,me,augusta,300-civic-center-dr-
https://locations.tacobell.com/ky/newport/30-carothers-rd.html,ky,newport,30-carothers-rd
https://locations.tacobell.com/nc/north-wilkesboro/3-sparta-rd.html,nc,north-wilkesboro,3-sparta-rd
https://locations.tacobell.com/ny/fishkill/3-elm-street.html,ny,fishkill,3-elm-street
https://locations.tacobell.com/pa/shippensburg/3-airport-road.html,pa,shippensburg,3-airport-road
https://locations.tacobell.com/in/bedford/2999-w-16th-st.html,in,bedford,2999-w-16th-st
https://locations.tacobell.com/mi/west-branch/2995-cook-road.html,mi,west-branch,2995-cook-road
https://locations.tacobell.com/ca/susanville/2990-main-street.html,ca,susanville,2990-main-street
https://locations.tacobell.com/fl/clearwater/2990-gulf-to-bay-blvd.html,fl,clearwater,2990-gulf-to-bay-blvd
https://locations.tacobell.com/mi/lansing/2990-dunckle-road.html,mi,lansing,2990-dunckle-road
https://locations.tacobell.com/az/cave-creek/29844-n-cave-creek-rd.html,az,cave-creek,29844-n-cave-creek-rd
https://locations.tacobell.com/fl/pembroke-pines/298-n--university-drive.html,fl,pembroke-pines,298-n--university-drive
https://locations.tacobell.com/ma/west-springfield/298-memorial-ave.html,ma,west-springfield,298-memorial-ave
https://locations.tacobell.com/tx/dallas/2972-west-wheatland-road.html,tx,dallas,2972-west-wheatland-road
https://locations.tacobell.com/ga/marietta/2971-shallowford-rd.html,ga,marietta,2971-shallowford-rd
https://locations.tacobell.com/mo/saint-louis/2971-dougherty-ferry-rd-.html,mo,saint-louis,2971-dougherty-ferry-rd-
https://locations.tacobell.com/ny/springville/297-south-cascade-drive.html,ny,springville,297-south-cascade-drive
https://locations.tacobell.com/tn/alcoa/297-s-calderwood-st.html,tn,alcoa,297-s-calderwood-st
https://locations.tacobell.com/nc/fayetteville/2966-owen-dr.html,nc,fayetteville,2966-owen-dr
https://locations.tacobell.com/in/jeffersonville/2966-e-10th-st.html,in,jeffersonville,2966-e-10th-st
https://locations.tacobell.com/fl/jensen-beach/2958-n-west-federal-hwy.html,fl,jensen-beach,2958-n-west-federal-hwy
https://locations.tacobell.com/oh/springfield/2952-derr-road.html,oh,springfield,2952-derr-road
https://locations.tacobell.com/ga/east-point/2951-legion-way.html,ga,east-point,2951-legion-way
https://locations.tacobell.com/oh/oregon/2950-navarre-avenue.html,oh,oregon,2950-navarre-avenue
https://locations.tacobell.com/il/markham/2945-west-159th-street.html,il,markham,2945-west-159th-street
https://locations.tacobell.com/wa/tacoma/2945-s-38th-st.html,wa,tacoma,2945-s-38th-st
https://locations.tacobell.com/ga/marietta/2943-canton-rd.html,ga,marietta,2943-canton-rd
https://locations.tacobell.com/il/kankakee/2942-riverstone-court.html,il,kankakee,2942-riverstone-court
https://locations.tacobell.com/tx/georgetown/2941-williams-drive.html,tx,georgetown,2941-williams-drive
https://locations.tacobell.com/wi/portage/2940-new-pinery-rd.html,wi,portage,2940-new-pinery-rd
https://locations.tacobell.com/oh/gahanna/294-s--hamilton-road.html,oh,gahanna,294-s--hamilton-road
https://locations.tacobell.com/mt/butte/2939-harrison-ave.html,mt,butte,2939-harrison-ave
https://locations.tacobell.com/tx/corsicana/2937-south-highway-287.html,tx,corsicana,2937-south-highway-287
https://locations.tacobell.com/fl/miami/2935-sw-32nd-ave.html,fl,miami,2935-sw-32nd-ave
https://locations.tacobell.com/co/colorado-springs/2935-hancock-expressway.html,co,colorado-springs,2935-hancock-expressway
https://locations.tacobell.com/mo/springfield/2933-s-national-ave-.html,mo,springfield,2933-s-national-ave-
https://locations.tacobell.com/az/chandler/2930-south-alma-school-road.html,az,chandler,2930-south-alma-school-road
https://locations.tacobell.com/tx/hudson-oaks/2930-ft--worth-highway.html,tx,hudson-oaks,2930-ft--worth-highway
https://locations.tacobell.com/ut/salt-lake-city/2930-e-3300-s.html,ut,salt-lake-city,2930-e-3300-s
https://locations.tacobell.com/ga/lawrenceville/2929-fiveforks-trickum-rd.html,ga,lawrenceville,2929-fiveforks-trickum-rd
https://locations.tacobell.com/ca/fresno/2928-n--fowler-ave-.html,ca,fresno,2928-n--fowler-ave-
https://locations.tacobell.com/mi/jackson/2928-e-michigan-ave.html,mi,jackson,2928-e-michigan-ave
https://locations.tacobell.com/ks/leavenworth/2925-s-4th-st-.html,ks,leavenworth,2925-s-4th-st-
https://locations.tacobell.com/il/joliet/2924-plainfield-rd.html,il,joliet,2924-plainfield-rd
https://locations.tacobell.com/in/warsaw/2924-frontage-rd.html,in,warsaw,2924-frontage-rd
https://locations.tacobell.com/ky/paducah/2921-irvin-cobb-drive.html,ky,paducah,2921-irvin-cobb-drive
https://locations.tacobell.com/fl/tampa/2921-e-busch-blvd.html,fl,tampa,2921-e-busch-blvd
https://locations.tacobell.com/ca/sacramento/2921-advantage-ln.html,ca,sacramento,2921-advantage-ln
https://locations.tacobell.com/tx/mckinney/2920-w--eldorado-parkway.html,tx,mckinney,2920-w--eldorado-parkway
https://locations.tacobell.com/ca/ceres/2918-e-whitmore-ave.html,ca,ceres,2918-e-whitmore-ave
https://locations.tacobell.com/ky/lexington/2917-richmond-road.html,ky,lexington,2917-richmond-road
https://locations.tacobell.com/sc/newberry/2915-main-street.html,sc,newberry,2915-main-street
https://locations.tacobell.com/ok/midwest-city/2913-so-douglas-blvd.html,ok,midwest-city,2913-so-douglas-blvd
https://locations.tacobell.com/ca/santa-ana/2910-s--bristol-st-.html,ca,santa-ana,2910-s--bristol-st-
https://locations.tacobell.com/mn/blaine/291-county-hwy-10.html,mn,blaine,291-county-hwy-10
https://locations.tacobell.com/pa/erie/2909-w-12th-street.html,pa,erie,2909-w-12th-street
https://locations.tacobell.com/tx/san-antonio/2907-thousand-oaks-drive.html,tx,san-antonio,2907-thousand-oaks-drive
https://locations.tacobell.com/al/valley/2903-20th-avenue.html,al,valley,2903-20th-avenue
https://locations.tacobell.com/co/durango/2902-n-main.html,co,durango,2902-n-main
https://locations.tacobell.com/wa/tacoma/2902-6th-avenue.html,wa,tacoma,2902-6th-avenue
https://locations.tacobell.com/va/waynesboro/2901-west-main-street.html,va,waynesboro,2901-west-main-street
https://locations.tacobell.com/nm/albuquerque/2901-monte-vista-blvd-ne.html,nm,albuquerque,2901-monte-vista-blvd-ne
https://locations.tacobell.com/tx/orange/2901-16th-street.html,tx,orange,2901-16th-street
https://locations.tacobell.com/oh/northwood/2900-woodville-rd-.html,oh,northwood,2900-woodville-rd-
https://locations.tacobell.com/ca/clovis/290-w-ashlan-ave.html,ca,clovis,290-w-ashlan-ave
https://locations.tacobell.com/ga/hiawassee/29-longview-drive.html,ga,hiawassee,29-longview-drive
https://locations.tacobell.com/ca/rancho-cordova/2891-zinfandel-dr.html,ca,rancho-cordova,2891-zinfandel-dr
https://locations.tacobell.com/or/eugene/2890-west-11th-ave.html,or,eugene,2890-west-11th-ave
https://locations.tacobell.com/ma/westborough/289-turnpike-rd.html,ma,westborough,289-turnpike-rd
https://locations.tacobell.com/ms/newton/289-east-side-drive.html,ms,newton,289-east-side-drive
https://locations.tacobell.com/mi/perry/2889-west-lansing-road.html,mi,perry,2889-west-lansing-road
https://locations.tacobell.com/ca/selma/2883-highland-avenue.html,ca,selma,2883-highland-avenue
https://locations.tacobell.com/az/gilbert/2881-s--market-st-.html,az,gilbert,2881-s--market-st-
https://locations.tacobell.com/ca/tracy/2880-w-grant-line-rd.html,ca,tracy,2880-w-grant-line-rd
https://locations.tacobell.com/tx/spring/28785-birnham-woods-dr-.html,tx,spring,28785-birnham-woods-dr-
https://locations.tacobell.com/ca/daly-city/287-westmoor-ave.html,ca,daly-city,287-westmoor-ave
https://locations.tacobell.com/ut/springville/287-north-main.html,ut,springville,287-north-main
https://locations.tacobell.com/mi/muskegon/2860-henry-street.html,mi,muskegon,2860-henry-street
https://locations.tacobell.com/ny/nanuet/286-west-route-59.html,ny,nanuet,286-west-route-59
https://locations.tacobell.com/ca/rancho-santa-margarita/28532-oso-parkway.html,ca,rancho-santa-margarita,28532-oso-parkway
https://locations.tacobell.com/ga/augusta/2850-washington-rd.html,ga,augusta,2850-washington-rd
https://locations.tacobell.com/ok/oklahoma-city/2850-nw-23rd-street.html,ok,oklahoma-city,2850-nw-23rd-street
https://locations.tacobell.com/la/walker/28455-walker-rd-s.html,la,walker,28455-walker-rd-s
https://locations.tacobell.com/wi/appleton/2840-west-college-avenue.html,wi,appleton,2840-west-college-avenue
https://locations.tacobell.com/ca/torrance/2840-sepulveda-blvd.html,ca,torrance,2840-sepulveda-blvd
https://locations.tacobell.com/fl/bonita-springs/28370-trails-edge-blvd.html,fl,bonita-springs,28370-trails-edge-blvd
https://locations.tacobell.com/la/port-allen/2830-n--westport-drive.html,la,port-allen,2830-n--westport-drive
https://locations.tacobell.com/nm/clovis/2829-north-prince-street.html,nm,clovis,2829-north-prince-street
https://locations.tacobell.com/mi/grand-rapids/2829-28th-street-se.html,mi,grand-rapids,2829-28th-street-se
https://locations.tacobell.com/ca/el-cajon/2827-navajo-road.html,ca,el-cajon,2827-navajo-road
https://locations.tacobell.com/wi/racine/2825-s-green-bay-rd.html,wi,racine,2825-s-green-bay-rd
https://locations.tacobell.com/mo/kansas-city/2825-ne-vivion-road.html,mo,kansas-city,2825-ne-vivion-road
https://locations.tacobell.com/tx/fort-worth/2824-n--main-st-.html,tx,fort-worth,2824-n--main-st-
https://locations.tacobell.com/nj/maple-shade/2821-route-73-south.html,nj,maple-shade,2821-route-73-south
https://locations.tacobell.com/in/merrillville/2821-e-81st-ave.html,in,merrillville,2821-e-81st-ave
https://locations.tacobell.com/ma/hudson/282-washington-street.html,ma,hudson,282-washington-street
https://locations.tacobell.com/nc/fayetteville/2819-raeford-road.html,nc,fayetteville,2819-raeford-road
https://locations.tacobell.com/mt/bozeman/2817-west-main-street.html,mt,bozeman,2817-west-main-street
https://locations.tacobell.com/in/mishawaka/2817-lincoln-way-east.html,in,mishawaka,2817-lincoln-way-east
https://locations.tacobell.com/tx/nederland/2816-hwy-365.html,tx,nederland,2816-hwy-365
https://locations.tacobell.com/tx/rockwall/2815-ridge-road.html,tx,rockwall,2815-ridge-road
https://locations.tacobell.com/mt/helena/2815-north-montana.html,mt,helena,2815-north-montana
https://locations.tacobell.com/tx/grand-prairie/2815-ne-green-oaks-blvd-.html,tx,grand-prairie,2815-ne-green-oaks-blvd-
https://locations.tacobell.com/ca/daly-city/2815-geneva-avenue.html,ca,daly-city,2815-geneva-avenue
https://locations.tacobell.com/co/denver/2815-colorado-boulevard.html,co,denver,2815-colorado-boulevard
https://locations.tacobell.com/az/casa-grande/2814-n--pinal-ave-.html,az,casa-grande,2814-n--pinal-ave-
https://locations.tacobell.com/ne/omaha/2812-south-84th-street.html,ne,omaha,2812-south-84th-street
https://locations.tacobell.com/id/jerome/2811-s-lincoln-ave.html,id,jerome,2811-s-lincoln-ave
https://locations.tacobell.com/wi/appleton/2810-n-richmond.html,wi,appleton,2810-n-richmond
https://locations.tacobell.com/in/huntington/2810-n-jefferson-st-.html,in,huntington,2810-n-jefferson-st-
https://locations.tacobell.com/tx/wichita-falls/2810-central-freeway.html,tx,wichita-falls,2810-central-freeway
https://locations.tacobell.com/nj/flemington/280a-route-202-31.html,nj,flemington,280a-route-202-31
https://locations.tacobell.com/mi/lansing/2809-n-east-st.html,mi,lansing,2809-n-east-st
https://locations.tacobell.com/in/indianapolis/2809-east-38th-street.html,in,indianapolis,2809-east-38th-street
https://locations.tacobell.com/tx/haltom-city/2808-denton-highway.html,tx,haltom-city,2808-denton-highway
https://locations.tacobell.com/ms/hazlehurst/28073-highway-28.html,ms,hazlehurst,28073-highway-28
https://locations.tacobell.com/il/chicago/2807-w-irving-park-rd.html,il,chicago,2807-w-irving-park-rd
https://locations.tacobell.com/id/caldwell/2807-east-cleveland-blvd.html,id,caldwell,2807-east-cleveland-blvd
https://locations.tacobell.com/ks/emporia/2807-eaglecrest-drive.html,ks,emporia,2807-eaglecrest-drive
https://locations.tacobell.com/fl/tallahassee/2806-s-monroe.html,fl,tallahassee,2806-s-monroe
https://locations.tacobell.com/tx/madisonville/2806-e-main-st.html,tx,madisonville,2806-e-main-st
https://locations.tacobell.com/or/eugene/2805-chad-dr.html,or,eugene,2805-chad-dr
https://locations.tacobell.com/ms/jackson/2804-suncrest-drive.html,ms,jackson,2804-suncrest-drive
https://locations.tacobell.com/va/portsmouth/2804-airline-blvd.html,va,portsmouth,2804-airline-blvd
https://locations.tacobell.com/tx/wichita-falls/2803-sw-parkway.html,tx,wichita-falls,2803-sw-parkway
https://locations.tacobell.com/pa/mckeesport/2802-jacks-run-rd.html,pa,mckeesport,2802-jacks-run-rd
https://locations.tacobell.com/tx/dallas/2802-e--ledbetter-dr-.html,tx,dallas,2802-e--ledbetter-dr-
https://locations.tacobell.com/fl/pompano-beach/2801-w--atlantic-blvd.html,fl,pompano-beach,2801-w--atlantic-blvd
https://locations.tacobell.com/ky/louisville/2801-w-broadway-ave.html,ky,louisville,2801-w-broadway-ave
https://locations.tacobell.com/ar/bentonville/2801-se-14th.html,ar,bentonville,2801-se-14th
https://locations.tacobell.com/fl/wellington/2801-s-state-road-7.html,fl,wellington,2801-s-state-road-7
https://locations.tacobell.com/va/virginia-beach/2800-sabre-st-.html,va,virginia-beach,2800-sabre-st-
https://locations.tacobell.com/la/new-orleans/2800-s-claiborne-ave.html,la,new-orleans,2800-s-claiborne-ave
https://locations.tacobell.com/ca/ventura/2800-johnson-drive.html,ca,ventura,2800-johnson-drive
https://locations.tacobell.com/ca/los-angeles/2800-crenshaw-blvd.html,ca,los-angeles,2800-crenshaw-blvd
https://locations.tacobell.com/fl/lake-city/280-sw-main-blvd.html,fl,lake-city,280-sw-main-blvd
https://locations.tacobell.com/fl/jacksonville-beach/280-s-3rd-st.html,fl,jacksonville-beach,280-s-3rd-st
https://locations.tacobell.com/ma/haverhill/280-main-street.html,ma,haverhill,280-main-street
https://locations.tacobell.com/wi/lake-geneva/280-edwards-blvd.html,wi,lake-geneva,280-edwards-blvd
https://locations.tacobell.com/md/middle-river/28-middle-river-rd-.html,md,middle-river,28-middle-river-rd-
https://locations.tacobell.com/nj/robbinsville/28-main-st-.html,nj,robbinsville,28-main-st-
https://locations.tacobell.com/co/la-junta/27980-frontage-rd.html,co,la-junta,27980-frontage-rd
https://locations.tacobell.com/ga/rome/2837-martha-berry-highway-nw.html,ga,rome,2837-martha-berry-highway-nw
https://locations.tacobell.com/oh/grove-city/2787-london-groveport-rd.html,oh,grove-city,2787-london-groveport-rd
https://locations.tacobell.com/tn/memphis/2785-lamar-ave-.html,tn,memphis,2785-lamar-ave-
https://locations.tacobell.com/il/diamond/2780-division-street.html,il,diamond,2780-division-street
https://locations.tacobell.com/il/waukegan/2780-belvidere-rd.html,il,waukegan,2780-belvidere-rd
https://locations.tacobell.com/ca/san-jose/2779-aborn-rd.html,ca,san-jose,2779-aborn-rd
https://locations.tacobell.com/ca/mission-viejo/27770-santa-margarita-pkwy.html,ca,mission-viejo,27770-santa-margarita-pkwy
https://locations.tacobell.com/oh/columbus/2777-billingsley-rd.html,oh,columbus,2777-billingsley-rd
https://locations.tacobell.com/il/naperville/2775-aurora-ave.html,il,naperville,2775-aurora-ave
https://locations.tacobell.com/ca/anderson/2770-mcmurry.html,ca,anderson,2770-mcmurry
https://locations.tacobell.com/ca/san-jose/2770-alum-rock-ave.html,ca,san-jose,2770-alum-rock-ave
https://locations.tacobell.com/tx/stephenville/2769-w-washington-blvd.html,tx,stephenville,2769-w-washington-blvd
https://locations.tacobell.com/mo/poplar-bluff/2761-n--westwood-blvd.html,mo,poplar-bluff,2761-n--westwood-blvd
https://locations.tacobell.com/ia/burlington/2761-mt-pleasant-street.html,ia,burlington,2761-mt-pleasant-street
https://locations.tacobell.com/nv/north-las-vegas/2760-w-ann-rd.html,nv,north-las-vegas,2760-w-ann-rd
https://locations.tacobell.com/az/mesa/2760-south-alma-school.html,az,mesa,2760-south-alma-school
https://locations.tacobell.com/tx/tyler/2760-e-5th-st-.html,tx,tyler,2760-e-5th-st-
https://locations.tacobell.com/ct/waterbury/276-chase-ave-.html,ct,waterbury,276-chase-ave-
https://locations.tacobell.com/ia/council-bluffs/2759-west-broadway.html,ia,council-bluffs,2759-west-broadway
https://locations.tacobell.com/sc/columbia/2758-decker-blvd.html,sc,columbia,2758-decker-blvd
https://locations.tacobell.com/fl/deltona/2753-elkcam-blvd-.html,fl,deltona,2753-elkcam-blvd-
https://locations.tacobell.com/oh/warren/2752-elm-road.html,oh,warren,2752-elm-road
https://locations.tacobell.com/mi/sault-sainte-marie/2751-i-75-business-spur.html,mi,sault-sainte-marie,2751-i-75-business-spur
https://locations.tacobell.com/ca/fullerton/2750-w-orangethorpe-ave-.html,ca,fullerton,2750-w-orangethorpe-ave-
https://locations.tacobell.com/il/schaumburg/275-w--golf-road.html,il,schaumburg,275-w--golf-road
https://locations.tacobell.com/ky/manchester/275-highway-80.html,ky,manchester,275-highway-80
https://locations.tacobell.com/ca/kettleman-city/27494-dana-circle.html,ca,kettleman-city,27494-dana-circle
https://locations.tacobell.com/nc/raleigh/2748-capital-blvd-.html,nc,raleigh,2748-capital-blvd-
https://locations.tacobell.com/id/idaho-falls/2740-south-hitt-road.html,id,idaho-falls,2740-south-hitt-road
https://locations.tacobell.com/ca/laguna-niguel/27371-la-paz-rd.html,ca,laguna-niguel,27371-la-paz-rd
https://locations.tacobell.com/il/vandalia/2737-veterans-avenue.html,il,vandalia,2737-veterans-avenue
https://locations.tacobell.com/pa/warren/2735-market-street.html,pa,warren,2735-market-street
https://locations.tacobell.com/ms/tupelo/2732-west-main-street.html,ms,tupelo,2732-west-main-street
https://locations.tacobell.com/tn/murfreesboro/2732-saint-andrews-drive.html,tn,murfreesboro,2732-saint-andrews-drive
https://locations.tacobell.com/tn/dyersburg/2730-lake-rd.html,tn,dyersburg,2730-lake-rd
https://locations.tacobell.com/ca/soquel/2730-41st-ave.html,ca,soquel,2730-41st-ave
https://locations.tacobell.com/ca/lancaster/2729-w-ave-l.html,ca,lancaster,2729-w-ave-l
https://locations.tacobell.com/wa/everett/2727-broadway-st.html,wa,everett,2727-broadway-st
https://locations.tacobell.com/pa/norristown/2722-de-kalb-pike.html,pa,norristown,2722-de-kalb-pike
https://locations.tacobell.com/il/franklin-park/2721-rose-street.html,il,franklin-park,2721-rose-street
https://locations.tacobell.com/fl/cocoa/2721-clear-lake-rd-.html,fl,cocoa,2721-clear-lake-rd-
https://locations.tacobell.com/ca/santa-ana/2720-w-edinger.html,ca,santa-ana,2720-w-edinger
https://locations.tacobell.com/in/princeton/2720-w-broadway.html,in,princeton,2720-w-broadway
https://locations.tacobell.com/ga/douglasville/2720-highway-92.html,ga,douglasville,2720-highway-92
https://locations.tacobell.com/ga/warner-robins/2719-watson-blvd-.html,ga,warner-robins,2719-watson-blvd-
https://locations.tacobell.com/wa/kennewick/2718-w-kennewick-ave.html,wa,kennewick,2718-w-kennewick-ave
https://locations.tacobell.com/oh/perrysburg/27171-oakmead-dr.html,oh,perrysburg,27171-oakmead-dr
https://locations.tacobell.com/co/littleton/2717-w-bellview-ave.html,co,littleton,2717-w-bellview-ave
https://locations.tacobell.com/al/florence/2717-florence-blvd.html,al,florence,2717-florence-blvd
https://locations.tacobell.com/ar/conway/2715-prince-street.html,ar,conway,2715-prince-street
https://locations.tacobell.com/il/danville/2714-n-vermillion-st.html,il,danville,2714-n-vermillion-st
https://locations.tacobell.com/fl/lehigh-acres/2714-lee-blvd.html,fl,lehigh-acres,2714-lee-blvd
https://locations.tacobell.com/ca/bay-point/2713-willow-pass-road.html,ca,bay-point,2713-willow-pass-road
https://locations.tacobell.com/il/marion/2712-walton-way.html,il,marion,2712-walton-way
https://locations.tacobell.com/ar/pine-bluff/2712-olive-st.html,ar,pine-bluff,2712-olive-st
https://locations.tacobell.com/or/cottage-grove/2710-row-river-rd.html,or,cottage-grove,2710-row-river-rd
https://locations.tacobell.com/al/auburn/271-s-gay-st.html,al,auburn,271-s-gay-st
https://locations.tacobell.com/tx/flower-mound/2708-flower-mound-road.html,tx,flower-mound,2708-flower-mound-road
https://locations.tacobell.com/tx/childress/2707-f-nw.html,tx,childress,2707-f-nw
https://locations.tacobell.com/wi/kenosha/2707-18th-street.html,wi,kenosha,2707-18th-street
https://locations.tacobell.com/nj/union/2704-us-highway-22-e.html,nj,union,2704-us-highway-22-e
https://locations.tacobell.com/tn/memphis/2702-s-perkins-rd.html,tn,memphis,2702-s-perkins-rd
https://locations.tacobell.com/ca/moreno-valley/27010-fir-ave-.html,ca,moreno-valley,27010-fir-ave-
https://locations.tacobell.com/nc/high-point/2701-s-main-st.html,nc,high-point,2701-s-main-st
https://locations.tacobell.com/in/vincennes/2701-hart-street.html,in,vincennes,2701-hart-street
https://locations.tacobell.com/sc/columbia/2701-clemson-rd.html,sc,columbia,2701-clemson-rd
https://locations.tacobell.com/wa/des-moines/27001-pacific-hwy-s.html,wa,des-moines,27001-pacific-hwy-s
https://locations.tacobell.com/fl/hollywood/2700-stirling-road.html,fl,hollywood,2700-stirling-road
https://locations.tacobell.com/fl/sanford/2700-s-orlando-dr.html,fl,sanford,2700-s-orlando-dr
https://locations.tacobell.com/ar/el-dorado/2700-n--west-avenue.html,ar,el-dorado,2700-n--west-avenue
https://locations.tacobell.com/sd/rapid-city/2700-mt-rushmore-road.html,sd,rapid-city,2700-mt-rushmore-road
https://locations.tacobell.com/va/troutville/2700-lee-highway-south.html,va,troutville,2700-lee-highway-south
https://locations.tacobell.com/ca/turlock/2700-geer-rd.html,ca,turlock,2700-geer-rd
https://locations.tacobell.com/il/glendale-heights/270-e-army-trail-rd.html,il,glendale-heights,270-e-army-trail-rd
https://locations.tacobell.com/ut/saratoga-springs/27-w--crossroads-blvd.html,ut,saratoga-springs,27-w--crossroads-blvd
https://locations.tacobell.com/nj/montvale/27-s-kinderkamack-rd.html,nj,montvale,27-s-kinderkamack-rd
https://locations.tacobell.com/mo/high-ridge/2699-ridge-point-drive.html,mo,high-ridge,2699-ridge-point-drive
https://locations.tacobell.com/al/montgomery/2695-zelda-rd.html,al,montgomery,2695-zelda-rd
https://locations.tacobell.com/ca/redwood-city/2693-el-camino-real.html,ca,redwood-city,2693-el-camino-real
https://locations.tacobell.com/fl/hialeah/2690-west-68th-street.html,fl,hialeah,2690-west-68th-street
https://locations.tacobell.com/ca/south-lake-tahoe/2681-lake-tahoe-blvd.html,ca,south-lake-tahoe,2681-lake-tahoe-blvd
https://locations.tacobell.com/id/coeur-d-alene/268-w-hanley-ave.html,id,coeur-d-alene,268-w-hanley-ave
https://locations.tacobell.com/ct/east-hartford/268-silver-lane-road.html,ct,east-hartford,268-silver-lane-road
https://locations.tacobell.com/nj/succasunna/268-route-10.html,nj,succasunna,268-route-10
https://locations.tacobell.com/sc/mullins/2677-e--hwy-76.html,sc,mullins,2677-e--hwy-76
https://locations.tacobell.com/sc/florence/2674-david-mcleod-blvd.html,sc,florence,2674-david-mcleod-blvd
https://locations.tacobell.com/oh/fairborn/2674-colonel-glenn-hwy.html,oh,fairborn,2674-colonel-glenn-hwy
https://locations.tacobell.com/nv/las-vegas/2670-s-maryland.html,nv,las-vegas,2670-s-maryland
https://locations.tacobell.com/ma/salem/267-highland-ave.html,ma,salem,267-highland-ave
https://locations.tacobell.com/ca/sun-city/26660-encanto-dr.html,ca,sun-city,26660-encanto-dr
https://locations.tacobell.com/ca/foothill-ranch/26656-portola-parkway.html,ca,foothill-ranch,26656-portola-parkway
https://locations.tacobell.com/ca/mission-viejo/26631-trabuco-road.html,ca,mission-viejo,26631-trabuco-road
https://locations.tacobell.com/az/mesa/2663-e-broadway-rd-.html,az,mesa,2663-e-broadway-rd-
https://locations.tacobell.com/az/phoenix/2660-w--thunderbird.html,az,phoenix,2660-w--thunderbird
https://locations.tacobell.com/ca/oroville/2660-olive-hwy.html,ca,oroville,2660-olive-hwy
https://locations.tacobell.com/ga/cumming/2660-freedom-parkway.html,ga,cumming,2660-freedom-parkway
https://locations.tacobell.com/ca/aliso-viejo/26521-aliso-creek-road.html,ca,aliso-viejo,26521-aliso-creek-road
https://locations.tacobell.com/md/leonardtown/26501-point-lookout-road.html,md,leonardtown,26501-point-lookout-road
https://locations.tacobell.com/ms/hernando/2650-mcingvale-rd-.html,ms,hernando,2650-mcingvale-rd-
https://locations.tacobell.com/ma/stoughton/265-washington-street.html,ma,stoughton,265-washington-street
https://locations.tacobell.com/pa/feasterville/265-east-street-road.html,pa,feasterville,265-east-street-road
https://locations.tacobell.com/or/hood-river/2649-cascade-avenue.html,or,hood-river,2649-cascade-avenue
https://locations.tacobell.com/in/plainfield/2646-e-main-st-.html,in,plainfield,2646-e-main-st-
https://locations.tacobell.com/nc/rocky-mount/2644-sunset-ave.html,nc,rocky-mount,2644-sunset-ave
https://locations.tacobell.com/ak/anchorage/2624-e--tudor-road.html,ak,anchorage,2624-e--tudor-road
https://locations.tacobell.com/la/terrytown/2640-belle-chase-hwy.html,la,terrytown,2640-belle-chase-hwy
https://locations.tacobell.com/ca/fresno/2639-s-second-st.html,ca,fresno,2639-s-second-st
https://locations.tacobell.com/md/hanover/2639-annapolis-rd.html,md,hanover,2639-annapolis-rd
https://locations.tacobell.com/ia/altoona/2639-adventureland-dr.html,ia,altoona,2639-adventureland-dr
https://locations.tacobell.com/or/keizer/2635-jorie-lane-ne.html,or,keizer,2635-jorie-lane-ne
https://locations.tacobell.com/ga/savannah/2631-skidaway-rd.html,ga,savannah,2631-skidaway-rd
https://locations.tacobell.com/ny/hicksville/263-s--broadway.html,ny,hicksville,263-s--broadway
https://locations.tacobell.com/ky/bowling-green/2628-scottsville-rd.html,ky,bowling-green,2628-scottsville-rd
https://locations.tacobell.com/ca/los-angeles/2628-s-robertson-blvd.html,ca,los-angeles,2628-s-robertson-blvd
https://locations.tacobell.com/fl/orange-city/2628-enterprise-rd-.html,fl,orange-city,2628-enterprise-rd-
https://locations.tacobell.com/wi/janesville/2626-humes-rd-.html,wi,janesville,2626-humes-rd-
https://locations.tacobell.com/wa/cheney/2626-first-street.html,wa,cheney,2626-first-street
https://locations.tacobell.com/ca/san-diego/2626-el-cajon-blvd.html,ca,san-diego,2626-el-cajon-blvd
https://locations.tacobell.com/ga/smyrna/2624-cobb-pkwy-se.html,ga,smyrna,2624-cobb-pkwy-se
https://locations.tacobell.com/ia/cedar-rapids/2621-blairs-ferry-rd-ne.html,ia,cedar-rapids,2621-blairs-ferry-rd-ne
https://locations.tacobell.com/sc/pickens/2619-gentry-memorial-highway.html,sc,pickens,2619-gentry-memorial-highway
https://locations.tacobell.com/in/anderson/2618-n-broadway-ave.html,in,anderson,2618-n-broadway-ave
https://locations.tacobell.com/ca/mission-viejo/26171-la-paz-rd-.html,ca,mission-viejo,26171-la-paz-rd-
https://locations.tacobell.com/nd/bismarck/2616-rock-island-place.html,nd,bismarck,2616-rock-island-place
https://locations.tacobell.com/nm/albuquerque/2615-san-mateo-ne.html,nm,albuquerque,2615-san-mateo-ne
https://locations.tacobell.com/wa/tacoma/2615-north-pearl-street.html,wa,tacoma,2615-north-pearl-street
https://locations.tacobell.com/pa/new-castle/2613-ellwood-road.html,pa,new-castle,2613-ellwood-road
https://locations.tacobell.com/tn/alcoa/2612-alcoa-hwy.html,tn,alcoa,2612-alcoa-hwy
https://locations.tacobell.com/tx/tyler/2611-gentry-parkway.html,tx,tyler,2611-gentry-parkway
https://locations.tacobell.com/ca/redding/2610-hilltop-dr.html,ca,redding,2610-hilltop-dr
https://locations.tacobell.com/nc/greensboro/2610-battleground-ave.html,nc,greensboro,2610-battleground-ave
https://locations.tacobell.com/ok/oklahoma-city/2608-s-i-35-service-rd.html,ok,oklahoma-city,2608-s-i-35-service-rd
https://locations.tacobell.com/tx/anna/2605-west-white-street.html,tx,anna,2605-west-white-street
https://locations.tacobell.com/mo/jefferson-city/2605-missouri-blvd.html,mo,jefferson-city,2605-missouri-blvd
https://locations.tacobell.com/mo/carthage/2603-grand-ave.html,mo,carthage,2603-grand-ave
https://locations.tacobell.com/il/rockford/2602-auburn-st.html,il,rockford,2602-auburn-st
https://locations.tacobell.com/la/bossier-city/2601-viking-drive.html,la,bossier-city,2601-viking-drive
https://locations.tacobell.com/az/phoenix/2601-north-44th-street.html,az,phoenix,2601-north-44th-street
https://locations.tacobell.com/mo/joplin/2601-main-street.html,mo,joplin,2601-main-street
https://locations.tacobell.com/tx/austin/2600-west-braker-lane.html,tx,austin,2600-west-braker-lane
https://locations.tacobell.com/fl/orlando/2600-orlando-west-dr.html,fl,orlando,2600-orlando-west-dr
https://locations.tacobell.com/wa/vancouver/2600-north-general-anderson.html,wa,vancouver,2600-north-general-anderson
https://locations.tacobell.com/tx/belton/2600-n--main.html,tx,belton,2600-n--main
https://locations.tacobell.com/nc/wilmington/2600-n-college-rd.html,nc,wilmington,2600-n-college-rd
https://locations.tacobell.com/ca/santa-clara/2600-homestead-rd.html,ca,santa-clara,2600-homestead-rd
https://locations.tacobell.com/mi/bay-city/260-washington-avenue.html,mi,bay-city,260-washington-avenue
https://locations.tacobell.com/ok/edmond/26-east-33rd-street.html,ok,edmond,26-east-33rd-street
https://locations.tacobell.com/oh/westerville/26-e-schrock-rd.html,oh,westerville,26-e-schrock-rd
https://locations.tacobell.com/va/manakin-sabot/26-broad-street-rd.html,va,manakin-sabot,26-broad-street-rd
https://locations.tacobell.com/ca/oroville/2590-feather-river-blvd.html,ca,oroville,2590-feather-river-blvd
https://locations.tacobell.com/ca/san-carlos/259-el-camino-real.html,ca,san-carlos,259-el-camino-real
https://locations.tacobell.com/tx/little-elm/2589-fm-423.html,tx,little-elm,2589-fm-423
https://locations.tacobell.com/ca/alhambra/2588-w--commonwealth-ave-.html,ca,alhambra,2588-w--commonwealth-ave-
https://locations.tacobell.com/pa/bethlehem/2585-easton-avenue.html,pa,bethlehem,2585-easton-avenue
https://locations.tacobell.com/nm/las-cruces/2583-n--main-st-.html,nm,las-cruces,2583-n--main-st-
https://locations.tacobell.com/ga/buford/2583-hamilton-mill-road.html,ga,buford,2583-hamilton-mill-road
https://locations.tacobell.com/il/chicago/2575-north-clybourn.html,il,chicago,2575-north-clybourn
https://locations.tacobell.com/fl/tampa/2575-e--hillsborough-ave.html,fl,tampa,2575-e--hillsborough-ave
https://locations.tacobell.com/ri/warwick/2574-west-shore-road.html,ri,warwick,2574-west-shore-road
https://locations.tacobell.com/ny/evans-mills/26462-herrick-dr-.html,ny,evans-mills,26462-herrick-dr-
https://locations.tacobell.com/oh/perrysburg/25782-dixie-hwy.html,oh,perrysburg,25782-dixie-hwy
https://locations.tacobell.com/il/highland-park/2566-skokie-valley-rd.html,il,highland-park,2566-skokie-valley-rd
https://locations.tacobell.com/nv/las-vegas/2565-e-tropicana-ave.html,nv,las-vegas,2565-e-tropicana-ave
https://locations.tacobell.com/in/new-albany/2563-charlestown-rd.html,in,new-albany,2563-charlestown-rd
https://locations.tacobell.com/ca/palmdale/2561-e-ave-s.html,ca,palmdale,2561-e-ave-s
https://locations.tacobell.com/ca/perris/2560-n-perris-blvd.html,ca,perris,2560-n-perris-blvd
https://locations.tacobell.com/nj/franklin/256-state-route-23.html,nj,franklin,256-state-route-23
https://locations.tacobell.com/ca/santa-clara/2555-the-alameda.html,ca,santa-clara,2555-the-alameda
https://locations.tacobell.com/co/aurora/25531-e--smoky-hill-rd-.html,co,aurora,25531-e--smoky-hill-rd-
https://locations.tacobell.com/oh/columbus/2553-n--high-st.html,oh,columbus,2553-n--high-st
https://locations.tacobell.com/tx/longview/2553-judson-road.html,tx,longview,2553-judson-road
https://locations.tacobell.com/nc/winston-salem/255-summit-point-ln-.html,nc,winston-salem,255-summit-point-ln-
https://locations.tacobell.com/va/stafford/255-garrisonville-rd.html,va,stafford,255-garrisonville-rd
https://locations.tacobell.com/fl/crestview/2549-s-ferdon-blvd.html,fl,crestview,2549-s-ferdon-blvd
https://locations.tacobell.com/ca/rosamond/2547-rosamond-blvd.html,ca,rosamond,2547-rosamond-blvd
https://locations.tacobell.com/ca/long-beach/2545-long-beach-blvd.html,ca,long-beach,2545-long-beach-blvd
https://locations.tacobell.com/ca/folsom/2545-iron-point-rd.html,ca,folsom,2545-iron-point-rd
https://locations.tacobell.com/mi/jackson/2545-airport-rd.html,mi,jackson,2545-airport-rd
https://locations.tacobell.com/ca/ontario/2544-s-archibald-ave.html,ca,ontario,2544-s-archibald-ave
https://locations.tacobell.com/ca/huntington-park/2543-slauson-ave.html,ca,huntington-park,2543-slauson-ave
https://locations.tacobell.com/ga/marietta/2540-delk-rd-se.html,ga,marietta,2540-delk-rd-se
https://locations.tacobell.com/al/andalusia/254-west-bypass.html,al,andalusia,254-west-bypass
https://locations.tacobell.com/va/north-dinwiddie/25318-ritchie-ave.html,va,north-dinwiddie,25318-ritchie-ave
https://locations.tacobell.com/ar/north-little-rock/2531-highway-161.html,ar,north-little-rock,2531-highway-161
https://locations.tacobell.com/ca/berkeley/2528-durant-ave.html,ca,berkeley,2528-durant-ave
https://locations.tacobell.com/ar/paragould/2525-w-kings-hwy.html,ar,paragould,2525-w-kings-hwy
https://locations.tacobell.com/wi/janesville/2525-w-court-st.html,wi,janesville,2525-w-court-st
https://locations.tacobell.com/mo/florissant/2525-n-lindbergh-blvd.html,mo,florissant,2525-n-lindbergh-blvd
https://locations.tacobell.com/ca/sacramento/2525-marconi-ave.html,ca,sacramento,2525-marconi-ave
https://locations.tacobell.com/ca/highland/2525-highland-ave.html,ca,highland,2525-highland-ave
https://locations.tacobell.com/tn/morristown/2519-e-morris-blvd-.html,tn,morristown,2519-e-morris-blvd-
https://locations.tacobell.com/ga/hephzibah/2517-tobacco-rd.html,ga,hephzibah,2517-tobacco-rd
https://locations.tacobell.com/ca/modesto/2517-oakdale-rd.html,ca,modesto,2517-oakdale-rd
https://locations.tacobell.com/nc/greensboro/2515-w-gate-city-blvd.html,nc,greensboro,2515-w-gate-city-blvd
https://locations.tacobell.com/ar/searcy/2513-w-beebe-capps-expy.html,ar,searcy,2513-w-beebe-capps-expy
https://locations.tacobell.com/or/troutdale/25123-se-stark-st-.html,or,troutdale,25123-se-stark-st-
https://locations.tacobell.com/tx/wichita-falls/2512-kemp-blvd.html,tx,wichita-falls,2512-kemp-blvd
https://locations.tacobell.com/nv/las-vegas/2512-e-sunset-rd.html,nv,las-vegas,2512-e-sunset-rd
https://locations.tacobell.com/wi/eau-claire/2512-craig-rd.html,wi,eau-claire,2512-craig-rd
https://locations.tacobell.com/ca/coalinga/25101-dorris-ave.html,ca,coalinga,25101-dorris-ave
https://locations.tacobell.com/az/goodyear/251-north-litchfield-road.html,az,goodyear,251-north-litchfield-road
https://locations.tacobell.com/oh/dayton/2509-s-smithville-rd-.html,oh,dayton,2509-s-smithville-rd-
https://locations.tacobell.com/la/slidell/2508-old-spanish-trail.html,la,slidell,2508-old-spanish-trail
https://locations.tacobell.com/tn/jacksboro/2508-jacksboro-pike.html,tn,jacksboro,2508-jacksboro-pike
https://locations.tacobell.com/in/elkhart/2508-cassopolis-st.html,in,elkhart,2508-cassopolis-st
https://locations.tacobell.com/nc/goldsboro/2507-e-ash-street.html,nc,goldsboro,2507-e-ash-street
https://locations.tacobell.com/ca/el-cajon/2506-jamacha-rd.html,ca,el-cajon,2506-jamacha-rd
https://locations.tacobell.com/sd/yankton/2504-fox-run-parkway.html,sd,yankton,2504-fox-run-parkway
https://locations.tacobell.com/nm/los-lunas/2501-main-st-se.html,nm,los-lunas,2501-main-st-se
https://locations.tacobell.com/tx/san-antonio/2501-babcock-rd.html,tx,san-antonio,2501-babcock-rd
https://locations.tacobell.com/ca/folsom/25002-blue-ravine-rd.html,ca,folsom,25002-blue-ravine-rd
https://locations.tacobell.com/ky/owensboro/2500-west-parrish-avenue.html,ky,owensboro,2500-west-parrish-avenue
https://locations.tacobell.com/va/christiansburg/2500-market-st.html,va,christiansburg,2500-market-st
https://locations.tacobell.com/oh/cincinnati/2500-highland-avenue.html,oh,cincinnati,2500-highland-avenue
https://locations.tacobell.com/ca/long-beach/2500-e-pacific-coast-hwy.html,ca,long-beach,2500-e-pacific-coast-hwy
https://locations.tacobell.com/wy/cheyenne/2500-e-lincoln-way.html,wy,cheyenne,2500-e-lincoln-way
https://locations.tacobell.com/wi/saukville/250-s--foster-dr-.html,wi,saukville,250-s--foster-dr-
https://locations.tacobell.com/ca/san-jose/250-north-bascom-avenue.html,ca,san-jose,250-north-bascom-avenue
https://locations.tacobell.com/nh/rochester/288-n--main-street.html,nh,rochester,288-n--main-street
https://locations.tacobell.com/ct/canton/250-albany-turnpike.html,ct,canton,250-albany-turnpike
https://locations.tacobell.com/pa/greenville/25-williamson-rd.html,pa,greenville,25-williamson-rd
https://locations.tacobell.com/oh/brookville/25-triggs-road.html,oh,brookville,25-triggs-road
https://locations.tacobell.com/mi/holland/25-s-waverly-rd.html,mi,holland,25-s-waverly-rd
https://locations.tacobell.com/ca/thousand-oaks/25-rancho-rd.html,ca,thousand-oaks,25-rancho-rd
https://locations.tacobell.com/nj/east-windsor/25-princeton-hightstown-road.html,nj,east-windsor,25-princeton-hightstown-road
https://locations.tacobell.com/sc/sumter/25-north-lafayette-drive.html,sc,sumter,25-north-lafayette-drive
https://locations.tacobell.com/ma/west-springfield/25-morgan-road.html,ma,west-springfield,25-morgan-road
https://locations.tacobell.com/ga/milledgeville/2495-n-columbia-st.html,ga,milledgeville,2495-n-columbia-st
https://locations.tacobell.com/ca/moreno-valley/24936-elder-ave-.html,ca,moreno-valley,24936-elder-ave-
https://locations.tacobell.com/mo/independence/2491-s--state-route-291.html,mo,independence,2491-s--state-route-291
https://locations.tacobell.com/or/medford/2490-crater-lake-highway.html,or,medford,2490-crater-lake-highway
https://locations.tacobell.com/tx/new-braunfels/249-loop-337.html,tx,new-braunfels,249-loop-337
https://locations.tacobell.com/ny/bronx/249-east-149th-st-.html,ny,bronx,249-east-149th-st-
https://locations.tacobell.com/wa/richland/2485-queensgate-dr-.html,wa,richland,2485-queensgate-dr-
https://locations.tacobell.com/fl/naples/2482-immokalee-rd.html,fl,naples,2482-immokalee-rd
https://locations.tacobell.com/pa/breinigsville/248-north-pa-route-100.html,pa,breinigsville,248-north-pa-route-100
https://locations.tacobell.com/tn/humboldt/2479-n-central-avenue.html,tn,humboldt,2479-n-central-avenue
https://locations.tacobell.com/ca/concord/2475-olivera-rd-.html,ca,concord,2475-olivera-rd-
https://locations.tacobell.com/fl/orlando/2474-s-orange-ave-.html,fl,orlando,2474-s-orange-ave-
https://locations.tacobell.com/ca/newhall/24712-w-pico-canyon-rd.html,ca,newhall,24712-w-pico-canyon-rd
https://locations.tacobell.com/ca/san-jose/2471-berryessa-road.html,ca,san-jose,2471-berryessa-road
https://locations.tacobell.com/va/norfolk/2469-e--little-creek-rd-.html,va,norfolk,2469-e--little-creek-rd-
https://locations.tacobell.com/ms/pontotoc/2467-hwy-15-n-.html,ms,pontotoc,2467-hwy-15-n-
https://locations.tacobell.com/fl/margate/2466-n-state-road-7.html,fl,margate,2466-n-state-road-7
https://locations.tacobell.com/ca/murrieta/24656-madison-ave.html,ca,murrieta,24656-madison-ave
https://locations.tacobell.com/az/phoenix/2465-e-baseline-rd.html,az,phoenix,2465-e-baseline-rd
https://locations.tacobell.com/ky/bowling-green/2460-nashville-rd.html,ky,bowling-green,2460-nashville-rd
https://locations.tacobell.com/or/florence/2460-highway-101.html,or,florence,2460-highway-101
https://locations.tacobell.com/ga/fayetteville/246-banks-crossing.html,ga,fayetteville,246-banks-crossing
https://locations.tacobell.com/fl/clearwater/2456-mcmullen-booth-rd.html,fl,clearwater,2456-mcmullen-booth-rd
https://locations.tacobell.com/tx/laredo/2455-monarch.html,tx,laredo,2455-monarch
https://locations.tacobell.com/oh/zanesville/2454-maple-street.html,oh,zanesville,2454-maple-street
https://locations.tacobell.com/fl/saint-augustine/2453-state-road-16.html,fl,saint-augustine,2453-state-road-16
https://locations.tacobell.com/fl/sunrise/2451-north-university-drive.html,fl,sunrise,2451-north-university-drive
https://locations.tacobell.com/ut/salt-lake-city/2450-s-redwood-rd.html,ut,salt-lake-city,2450-s-redwood-rd
https://locations.tacobell.com/az/phoenix/2450-e-indian-school-rd.html,az,phoenix,2450-e-indian-school-rd
https://locations.tacobell.com/co/boulder/2450-baseline-rd-.html,co,boulder,2450-baseline-rd-
https://locations.tacobell.com/ga/columbus/2450-airport-thruway.html,ga,columbus,2450-airport-thruway
https://locations.tacobell.com/co/greeley/2450-8th-avenue.html,co,greeley,2450-8th-avenue
https://locations.tacobell.com/ga/dahlonega/245-morrison-moore-pkwy-e-.html,ga,dahlonega,245-morrison-moore-pkwy-e-
https://locations.tacobell.com/me/ellsworth/245-high-street.html,me,ellsworth,245-high-street
https://locations.tacobell.com/sc/georgetown/245-church-street.html,sc,georgetown,245-church-street
https://locations.tacobell.com/pa/bloomsburg/2445-columbia-blvd.html,pa,bloomsburg,2445-columbia-blvd
https://locations.tacobell.com/fl/plant-city/2442-jim-redman-pkwy-.html,fl,plant-city,2442-jim-redman-pkwy-
https://locations.tacobell.com/mo/boonville/2440-main-street.html,mo,boonville,2440-main-street
https://locations.tacobell.com/ca/marina/244-reservation-rd.html,ca,marina,244-reservation-rd
https://locations.tacobell.com/nc/clemmons/2437-lewisville-clemmons-rd.html,nc,clemmons,2437-lewisville-clemmons-rd
https://locations.tacobell.com/ga/decatur/2436-wesley-chapel-rd.html,ga,decatur,2436-wesley-chapel-rd
https://locations.tacobell.com/co/alamosa/2435-main-street.html,co,alamosa,2435-main-street
https://locations.tacobell.com/pa/new-kensington/2435-freeport-rd.html,pa,new-kensington,2435-freeport-rd
https://locations.tacobell.com/ca/sacramento/2434-del-paso-blvd.html,ca,sacramento,2434-del-paso-blvd
https://locations.tacobell.com/ks/wichita/2432-s-seneca.html,ks,wichita,2432-s-seneca
https://locations.tacobell.com/ca/sacramento/2431-broadway.html,ca,sacramento,2431-broadway
https://locations.tacobell.com/ny/waterloo/2430-route-414.html,ny,waterloo,2430-route-414
https://locations.tacobell.com/az/phoenix/2430-e--beardsley-rd-.html,az,phoenix,2430-e--beardsley-rd-
https://locations.tacobell.com/ca/lakewood/2430-carson-st-.html,ca,lakewood,2430-carson-st-
https://locations.tacobell.com/co/grand-junction/2428-highway-6.html,co,grand-junction,2428-highway-6
https://locations.tacobell.com/ca/burbank/2425-w-magnolia-blvd-.html,ca,burbank,2425-w-magnolia-blvd-
https://locations.tacobell.com/ok/purcell/2425-state-hwy-74.html,ok,purcell,2425-state-hwy-74
https://locations.tacobell.com/ok/lawton/2425-nw-cache-rd.html,ok,lawton,2425-nw-cache-rd
https://locations.tacobell.com/ny/farmingville/2425-n--ocean-ave-.html,ny,farmingville,2425-n--ocean-ave-
https://locations.tacobell.com/fl/melbourne/2424-wickham-rd.html,fl,melbourne,2424-wickham-rd
https://locations.tacobell.com/mi/saginaw/2424-tittabawassee-rd-.html,mi,saginaw,2424-tittabawassee-rd-
https://locations.tacobell.com/fl/naples/2424-pine-ridge-road.html,fl,naples,2424-pine-ridge-road
https://locations.tacobell.com/pa/philadelphia/2422-w-passyunk-avenue.html,pa,philadelphia,2422-w-passyunk-avenue
https://locations.tacobell.com/ga/buford/2422-hancock-drive.html,ga,buford,2422-hancock-drive
https://locations.tacobell.com/oh/columbus/2421-so-hamilton-rd.html,oh,columbus,2421-so-hamilton-rd
https://locations.tacobell.com/wy/rawlins/2421-plaza-street.html,wy,rawlins,2421-plaza-street
https://locations.tacobell.com/ca/riverbank/2421-patterson-rd.html,ca,riverbank,2421-patterson-rd
https://locations.tacobell.com/ca/visalia/2421-n-dinuba-blvd.html,ca,visalia,2421-n-dinuba-blvd
https://locations.tacobell.com/pa/easton/2420-northampton-st.html,pa,easton,2420-northampton-st
https://locations.tacobell.com/ga/atlanta/2420-n-druid-hills-rd-ne.html,ga,atlanta,2420-n-druid-hills-rd-ne
https://locations.tacobell.com/mi/holt/2420-cedar-st.html,mi,holt,2420-cedar-st
https://locations.tacobell.com/fl/lake-wales/24186-us-hwy-27.html,fl,lake-wales,24186-us-hwy-27
https://locations.tacobell.com/ok/el-reno/2417-s--country-club-drive.html,ok,el-reno,2417-s--country-club-drive
https://locations.tacobell.com/ms/gulfport/2417-25th-ave.html,ms,gulfport,2417-25th-ave
https://locations.tacobell.com/ca/san-jose/2415-south-king-road.html,ca,san-jose,2415-south-king-road
https://locations.tacobell.com/ca/san-ramon/2415-san-ramon-valley-blvd.html,ca,san-ramon,2415-san-ramon-valley-blvd
https://locations.tacobell.com/ga/conyers/2415-salem-rd-.html,ga,conyers,2415-salem-rd-
https://locations.tacobell.com/or/newport/2415-n--coast-highway.html,or,newport,2415-n--coast-highway
https://locations.tacobell.com/il/caseyville/2413-n-89th-st.html,il,caseyville,2413-n-89th-st
https://locations.tacobell.com/ne/plattsmouth/2412-w--8th-avenue.html,ne,plattsmouth,2412-w--8th-avenue
https://locations.tacobell.com/fl/lake-city/2411-w-us-highway-90.html,fl,lake-city,2411-w-us-highway-90
https://locations.tacobell.com/ok/woodward/2411-oklahoma-ave.html,ok,woodward,2411-oklahoma-ave
https://locations.tacobell.com/pa/york/2411-e-market-st.html,pa,york,2411-e-market-st
https://locations.tacobell.com/il/arlington-heights/2410-e-rand-rd.html,il,arlington-heights,2410-e-rand-rd
https://locations.tacobell.com/in/ligonier/241-u-s--highway-6-s-.html,in,ligonier,241-u-s--highway-6-s-
https://locations.tacobell.com/de/dover/241-s--dupont-hwy.html,de,dover,241-s--dupont-hwy
https://locations.tacobell.com/nm/bernalillo/241-e--hwy-550.html,nm,bernalillo,241-e--hwy-550
https://locations.tacobell.com/ca/alhambra/241-e-valley-blvd.html,ca,alhambra,241-e-valley-blvd
https://locations.tacobell.com/ca/compton/241-e-compton-blvd.html,ca,compton,241-e-compton-blvd
https://locations.tacobell.com/nv/north-las-vegas/2409-e--lake-mead-blvd-.html,nv,north-las-vegas,2409-e--lake-mead-blvd-
https://locations.tacobell.com/in/evansville/2408-w--maryland-street.html,in,evansville,2408-w--maryland-street
https://locations.tacobell.com/oh/grove-city/2408-stringtown-rd.html,oh,grove-city,2408-stringtown-rd
https://locations.tacobell.com/la/crowley/2408-north-parkerson-avenue.html,la,crowley,2408-north-parkerson-avenue
https://locations.tacobell.com/ks/garden-city/2408-east-kansas-ave.html,ks,garden-city,2408-east-kansas-ave
https://locations.tacobell.com/tx/lubbock/2408-82nd-street.html,tx,lubbock,2408-82nd-street
https://locations.tacobell.com/pa/new-castle/2407-wilmington-road.html,pa,new-castle,2407-wilmington-road
https://locations.tacobell.com/ca/stockton/2407-west-march-lane.html,ca,stockton,2407-west-march-lane
https://locations.tacobell.com/ms/hattiesburg/2407-hardy-st.html,ms,hattiesburg,2407-hardy-st
https://locations.tacobell.com/la/lafayette/2406-w-congress-st.html,la,lafayette,2406-w-congress-st
https://locations.tacobell.com/wa/pasco/2404-west-court-street.html,wa,pasco,2404-west-court-street
https://locations.tacobell.com/wi/ashwaubenon/2404-s-oneida-street.html,wi,ashwaubenon,2404-s-oneida-street
https://locations.tacobell.com/tx/dallas/2404-north-washington-avenue.html,tx,dallas,2404-north-washington-avenue
https://locations.tacobell.com/tx/big-spring/2403-s-gregg-st.html,tx,big-spring,2403-s-gregg-st
https://locations.tacobell.com/fl/orlando/2403-hiawassee-rd.html,fl,orlando,2403-hiawassee-rd
https://locations.tacobell.com/in/frankfort/2403-east-wabash-street.html,in,frankfort,2403-east-wabash-street
https://locations.tacobell.com/ok/muskogee/2402-e-shawnee.html,ok,muskogee,2402-e-shawnee
https://locations.tacobell.com/wa/moses-lake/2401-s-maiers-rd.html,wa,moses-lake,2401-s-maiers-rd
https://locations.tacobell.com/in/bloomington/2400-s-walnut.html,in,bloomington,2400-s-walnut
https://locations.tacobell.com/al/opelika/2400-pepperell-pkwy.html,al,opelika,2400-pepperell-pkwy
https://locations.tacobell.com/ca/walnut-creek/2400-n--main-st-.html,ca,walnut-creek,2400-n--main-st-
https://locations.tacobell.com/va/virginia-beach/2400-elson-green-avenue.html,va,virginia-beach,2400-elson-green-avenue
https://locations.tacobell.com/ca/rialto/240-w-base-line-rd.html,ca,rialto,240-w-base-line-rd
https://locations.tacobell.com/ia/dubuque/240-south-locust-street.html,ia,dubuque,240-south-locust-street
https://locations.tacobell.com/fl/delray-beach/240-linton-blvd.html,fl,delray-beach,240-linton-blvd
https://locations.tacobell.com/ma/leominster/24-sack-blvd-.html,ma,leominster,24-sack-blvd-
https://locations.tacobell.com/ca/chico/2398-esplanade.html,ca,chico,2398-esplanade
https://locations.tacobell.com/co/limon/2395-6th-street.html,co,limon,2395-6th-street
https://locations.tacobell.com/wa/kent/23920-104th-avenue-s-e-.html,wa,kent,23920-104th-avenue-s-e-
https://locations.tacobell.com/va/hayes/2391-george-washington.html,va,hayes,2391-george-washington
https://locations.tacobell.com/in/indianapolis/2390-e-stop-11-rd.html,in,indianapolis,2390-e-stop-11-rd
https://locations.tacobell.com/tx/lumberton/239-s--main-st-.html,tx,lumberton,239-s--main-st-
https://locations.tacobell.com/wa/belfair/23881-ne-hwy-3.html,wa,belfair,23881-ne-hwy-3
https://locations.tacobell.com/wa/maple-valley/23848-225th-st--s-e-.html,wa,maple-valley,23848-225th-st--s-e-
https://locations.tacobell.com/ca/lodi/2380-w-kettleman-ln.html,ca,lodi,2380-w-kettleman-ln
https://locations.tacobell.com/fl/ocala/2380-s-w-college-road.html,fl,ocala,2380-s-w-college-road
https://locations.tacobell.com/va/warrenton/238-broadview-ave.html,va,warrenton,238-broadview-ave
https://locations.tacobell.com/mi/brownstown-township/23759-west-road.html,mi,brownstown-township,23759-west-road
https://locations.tacobell.com/fl/south-daytona/2375-ridge-wood-ave.html,fl,south-daytona,2375-ridge-wood-ave
https://locations.tacobell.com/ny/glenmont/237-route-9w.html,ny,glenmont,237-route-9w
https://locations.tacobell.com/ca/lake-forest/23651-rockfield-blvd-.html,ca,lake-forest,23651-rockfield-blvd-
https://locations.tacobell.com/ca/rocklin/2365-sunset-blvd.html,ca,rocklin,2365-sunset-blvd
https://locations.tacobell.com/tx/arlington/2364-east-pioneer-parkway.html,tx,arlington,2364-east-pioneer-parkway
https://locations.tacobell.com/va/ruther-glen/23629-rogers-clark-boulevard.html,va,ruther-glen,23629-rogers-clark-boulevard
https://locations.tacobell.com/ca/simi-valley/2360-tapo-street.html,ca,simi-valley,2360-tapo-street
https://locations.tacobell.com/ms/macon/236-kfc-road.html,ms,macon,236-kfc-road
https://locations.tacobell.com/fl/arcadia/2357-highway-70-se.html,fl,arcadia,2357-highway-70-se
https://locations.tacobell.com/nc/wilmington/2355-south-17th-street.html,nc,wilmington,2355-south-17th-street
https://locations.tacobell.com/az/yuma/2353-south-ave--b.html,az,yuma,2353-south-ave--b
https://locations.tacobell.com/nv/las-vegas/2351-ft--apache.html,nv,las-vegas,2351-ft--apache
https://locations.tacobell.com/ak/anchorage/2351-e--5th-ave.html,ak,anchorage,2351-e--5th-ave
https://locations.tacobell.com/oh/circleville/23501-us-highway-23-s.html,oh,circleville,23501-us-highway-23-s
https://locations.tacobell.com/ca/madera/2350-w-cleveland-ave.html,ca,madera,2350-w-cleveland-ave
https://locations.tacobell.com/co/elizabeth/2350-legacy-circle.html,co,elizabeth,2350-legacy-circle
https://locations.tacobell.com/fl/hollywood/235-s-r--7.html,fl,hollywood,235-s-r--7
https://locations.tacobell.com/mo/troy/235-e--hwy-47.html,mo,troy,235-e--hwy-47
https://locations.tacobell.com/nj/mantua/235-bridgeton-pike.html,nj,mantua,235-bridgeton-pike
https://locations.tacobell.com/de/seaford/23475-sussex-hwy-.html,de,seaford,23475-sussex-hwy-
https://locations.tacobell.com/pa/pittsburgh/2343-noblestown-rd-.html,pa,pittsburgh,2343-noblestown-rd-
https://locations.tacobell.com/tn/maryville/2341-market-place-dr.html,tn,maryville,2341-market-place-dr
https://locations.tacobell.com/fl/key-west/2338-n--roosevelt-blvd.html,fl,key-west,2338-n--roosevelt-blvd
https://locations.tacobell.com/mt/billings/2338-central-avenue.html,mt,billings,2338-central-avenue
https://locations.tacobell.com/ms/biloxi/2335-pass-road.html,ms,biloxi,2335-pass-road
https://locations.tacobell.com/ca/fairfield/2334-north-texas-street.html,ca,fairfield,2334-north-texas-street
https://locations.tacobell.com/ms/flowood/2331-lakeland-drive.html,ms,flowood,2331-lakeland-drive
https://locations.tacobell.com/tn/jackson/2330-north-highland.html,tn,jackson,2330-north-highland
https://locations.tacobell.com/ca/scotts-valley/233-mount-hermon-rd.html,ca,scotts-valley,233-mount-hermon-rd
https://locations.tacobell.com/ms/columbus/2328-highway-45-n.html,ms,columbus,2328-highway-45-n
https://locations.tacobell.com/ca/woodland-hills/23275-mulholland-drive.html,ca,woodland-hills,23275-mulholland-drive
https://locations.tacobell.com/in/vincennes/2326-n-6th-street.html,in,vincennes,2326-n-6th-street
https://locations.tacobell.com/fl/auburndale/2325-us-highway-92-w.html,fl,auburndale,2325-us-highway-92-w
https://locations.tacobell.com/or/medford/2323-w--main-street.html,or,medford,2323-w--main-street
https://locations.tacobell.com/sd/rapid-city/2323-w-main-st.html,sd,rapid-city,2323-w-main-st
https://locations.tacobell.com/ky/lexington/2323-versailles-rd.html,ky,lexington,2323-versailles-rd
https://locations.tacobell.com/wi/hudson/2323-crestview-dr.html,wi,hudson,2323-crestview-dr
https://locations.tacobell.com/wa/bothell/23201-bothell-everett-hwy.html,wa,bothell,23201-bothell-everett-hwy
https://locations.tacobell.com/ca/tracy/2320-tracy-blvd.html,ca,tracy,2320-tracy-blvd
https://locations.tacobell.com/mt/missoula/2320-north-reserve.html,mt,missoula,2320-north-reserve
https://locations.tacobell.com/ct/hamden/2320-dixwell-ave-.html,ct,hamden,2320-dixwell-ave-
https://locations.tacobell.com/fl/florida-city/232-s-e--1st-avenue.html,fl,florida-city,232-s-e--1st-avenue
https://locations.tacobell.com/ga/ellenwood/232-fairview-road.html,ga,ellenwood,232-fairview-road
https://locations.tacobell.com/oh/new-lexington/232-e-broadway-st.html,oh,new-lexington,232-e-broadway-st
https://locations.tacobell.com/in/terre-haute/2319-s--state-road-46.html,in,terre-haute,2319-s--state-road-46
https://locations.tacobell.com/nh/portsmouth/2319-lafayette-rd.html,nh,portsmouth,2319-lafayette-rd
https://locations.tacobell.com/tx/gatesville/2318-s-hwy-36.html,tx,gatesville,2318-s-hwy-36
https://locations.tacobell.com/ny/rochester/2317-lyell-avenue.html,ny,rochester,2317-lyell-avenue
https://locations.tacobell.com/la/lafayette/2317-kaliste-saloom-road.html,la,lafayette,2317-kaliste-saloom-road
https://locations.tacobell.com/md/baltimore/2317-e-joppa-rd.html,md,baltimore,2317-e-joppa-rd
https://locations.tacobell.com/mo/joplin/2315-west-7th-street.html,mo,joplin,2315-west-7th-street
https://locations.tacobell.com/ca/santa-clarita/23146-valencia-blvd.html,ca,santa-clarita,23146-valencia-blvd
https://locations.tacobell.com/la/baton-rouge/2313-sherwood-forest-blvd-.html,la,baton-rouge,2313-sherwood-forest-blvd-
https://locations.tacobell.com/oh/xenia/231-west-main-street.html,oh,xenia,231-west-main-street
https://locations.tacobell.com/va/alexandria/231-s-van-dorn-st.html,va,alexandria,231-s-van-dorn-st
https://locations.tacobell.com/il/lake-in-the-hills/231-n-randall-rd.html,il,lake-in-the-hills,231-n-randall-rd
https://locations.tacobell.com/ma/westfield/231-e--main-st-.html,ma,westfield,231-e--main-st-
https://locations.tacobell.com/in/south-bend/231-e-ireland-road.html,in,south-bend,231-e-ireland-road
https://locations.tacobell.com/in/roseland/231-dixie-highway.html,in,roseland,231-dixie-highway
https://locations.tacobell.com/tx/austin/2308-e-riverside-dr.html,tx,austin,2308-e-riverside-dr
https://locations.tacobell.com/mi/okemos/2307-jolly-rd.html,mi,okemos,2307-jolly-rd
https://locations.tacobell.com/tx/laredo/2306-e-saunders.html,tx,laredo,2306-e-saunders
https://locations.tacobell.com/ks/fort-scott/2305-south-main.html,ks,fort-scott,2305-south-main
https://locations.tacobell.com/ks/salina/2305-s-9th-st.html,ks,salina,2305-s-9th-st
https://locations.tacobell.com/ks/ottawa/2304-princeton-st.html,ks,ottawa,2304-princeton-st
https://locations.tacobell.com/ca/moreno-valley/23010-sunnymead-blvd.html,ca,moreno-valley,23010-sunnymead-blvd
https://locations.tacobell.com/nj/mays-landing/2300-wrangleboro-rd.html,nj,mays-landing,2300-wrangleboro-rd
https://locations.tacobell.com/md/baltimore/2300-w-patapsco.html,md,baltimore,2300-w-patapsco
https://locations.tacobell.com/il/springfield/2300-n--dirkson-parkway-.html,il,springfield,2300-n--dirkson-parkway-
https://locations.tacobell.com/fl/davenport/2300-deer-creek-commerce.html,fl,davenport,2300-deer-creek-commerce
https://locations.tacobell.com/sc/conway/2300-church-st-.html,sc,conway,2300-church-st-
https://locations.tacobell.com/ca/richmond/2300-barrett-ave.html,ca,richmond,2300-barrett-ave
https://locations.tacobell.com/pa/forest-hills/2300-ardmore-blvd.html,pa,forest-hills,2300-ardmore-blvd
https://locations.tacobell.com/wi/milwaukee/230-w-layton-ave-.html,wi,milwaukee,230-w-layton-ave-
https://locations.tacobell.com/wa/yakima/230-s-72nd-ave.html,wa,yakima,230-s-72nd-ave
https://locations.tacobell.com/fl/boca-raton/22953-sandalfoot-plaza-drive.html,fl,boca-raton,22953-sandalfoot-plaza-drive
https://locations.tacobell.com/ar/highland/2291-highway-62-412.html,ar,highland,2291-highway-62-412
https://locations.tacobell.com/or/ashland/2290-ashland-street.html,or,ashland,2290-ashland-street
https://locations.tacobell.com/mo/saint-robert/229-vfw-memorial-dr.html,mo,saint-robert,229-vfw-memorial-dr
https://locations.tacobell.com/ky/somerset/229-s--hwy-27.html,ky,somerset,229-s--hwy-27
https://locations.tacobell.com/ca/san-jose/2284-monterey-road.html,ca,san-jose,2284-monterey-road
https://locations.tacobell.com/oh/fremont/2281-w--state-street-.html,oh,fremont,2281-w--state-street-
https://locations.tacobell.com/va/harrisonburg/2281-s-main-st.html,va,harrisonburg,2281-s-main-st
https://locations.tacobell.com/ca/red-bluff/228-main-st.html,ca,red-bluff,228-main-st
https://locations.tacobell.com/ca/long-beach/228-e-seventh.html,ca,long-beach,228-e-seventh
https://locations.tacobell.com/ky/lexington/2275-nicholasville-rd.html,ky,lexington,2275-nicholasville-rd
https://locations.tacobell.com/fl/lutz/22744-state-rd--54.html,fl,lutz,22744-state-rd--54
https://locations.tacobell.com/mo/jackson/2271-east-jackson-blvd.html,mo,jackson,2271-east-jackson-blvd
https://locations.tacobell.com/va/norfolk/227-e--little-creek-rd-.html,va,norfolk,227-e--little-creek-rd-
https://locations.tacobell.com/az/thatcher/2267-w-highway-70.html,az,thatcher,2267-w-highway-70
https://locations.tacobell.com/ga/newnan/226-bullsboro-dr.html,ga,newnan,226-bullsboro-dr
https://locations.tacobell.com/md/california/22599-macarthur-blvd.html,md,california,22599-macarthur-blvd
https://locations.tacobell.com/ca/costa-mesa/2259-harbor-blvd.html,ca,costa-mesa,2259-harbor-blvd
https://locations.tacobell.com/ca/moreno-valley/22585-alessandro-blvd.html,ca,moreno-valley,22585-alessandro-blvd
https://locations.tacobell.com/ca/oakland/2255-telegraph-avenue.html,ca,oakland,2255-telegraph-avenue
https://locations.tacobell.com/nj/green-brook/225-227-us-highway-22.html,nj,green-brook,225-227-us-highway-22
https://locations.tacobell.com/fl/davie/2250-s-university-dr-.html,fl,davie,2250-s-university-dr-
https://locations.tacobell.com/ca/ventura/2250-e-main-st.html,ca,ventura,2250-e-main-st
https://locations.tacobell.com/ga/cedartown/225-n-main-st.html,ga,cedartown,225-n-main-st
https://locations.tacobell.com/mo/springfield/2249-east-sunshine.html,mo,springfield,2249-east-sunshine
https://locations.tacobell.com/or/portland/2247-ne-82nd-ave.html,or,portland,2247-ne-82nd-ave
https://locations.tacobell.com/ca/santa-ana/2246-s-grand-ave-.html,ca,santa-ana,2246-s-grand-ave-
https://locations.tacobell.com/ca/west-sacramento/2246-lake-washington-blvd-.html,ca,west-sacramento,2246-lake-washington-blvd-
https://locations.tacobell.com/tx/dallas/2245-w-northwest-hwy.html,tx,dallas,2245-w-northwest-hwy
https://locations.tacobell.com/wv/weirton/224-three-springs-drive.html,wv,weirton,224-three-springs-drive
https://locations.tacobell.com/nc/greensboro/2239-martin-luther-king-jr-blvd.html,nc,greensboro,2239-martin-luther-king-jr-blvd
https://locations.tacobell.com/tn/morristown/2235-w-andrew-johnson-hwy.html,tn,morristown,2235-w-andrew-johnson-hwy
https://locations.tacobell.com/or/corvallis/2235-nw-9th-street.html,or,corvallis,2235-nw-9th-street
https://locations.tacobell.com/oh/toledo/2234-w-alexis-rd.html,oh,toledo,2234-w-alexis-rd
https://locations.tacobell.com/ca/orange/2233-n-tustin-st.html,ca,orange,2233-n-tustin-st
https://locations.tacobell.com/wa/liberty-lake/22312-e-apple-way.html,wa,liberty-lake,22312-e-apple-way
https://locations.tacobell.com/ca/yorba-linda/22300-old-canal-road.html,ca,yorba-linda,22300-old-canal-road
https://locations.tacobell.com/wi/green-bay/2230-university-ave.html,wi,green-bay,2230-university-ave
https://locations.tacobell.com/ks/wichita/2230-north-rock-rd.html,ks,wichita,2230-north-rock-rd
https://locations.tacobell.com/mi/kalamazoo/2229-sprinkle-road.html,mi,kalamazoo,2229-sprinkle-road
https://locations.tacobell.com/va/sterling/22288-s-sterling-blvd.html,va,sterling,22288-s-sterling-blvd
https://locations.tacobell.com/nm/farmington/2226-e-main-street.html,nm,farmington,2226-e-main-street
https://locations.tacobell.com/il/cicero/2225-s-cicero-avenue.html,il,cicero,2225-s-cicero-avenue
https://locations.tacobell.com/ok/seminole/2225-n-milt-phillips-ave.html,ok,seminole,2225-n-milt-phillips-ave
https://locations.tacobell.com/oh/columbus/2225-dublin-granville-rd.html,oh,columbus,2225-dublin-granville-rd
https://locations.tacobell.com/fl/gainesville/2224-nw-13th-st.html,fl,gainesville,2224-nw-13th-st
https://locations.tacobell.com/ca/carson/22235-so-main-st.html,ca,carson,22235-so-main-st
https://locations.tacobell.com/il/north-chicago/2222-green-bay-rd.html,il,north-chicago,2222-green-bay-rd
https://locations.tacobell.com/tx/giddings/2222-e-austin-st.html,tx,giddings,2222-e-austin-st
https://locations.tacobell.com/ca/irvine/2222-barranca-pkwy.html,ca,irvine,2222-barranca-pkwy
https://locations.tacobell.com/ga/rome/2220-shorter-ave--nw.html,ga,rome,2220-shorter-ave--nw
https://locations.tacobell.com/co/longmont/2220-main-street.html,co,longmont,2220-main-street
https://locations.tacobell.com/wi/green-bay/2220-main-street.html,wi,green-bay,2220-main-street
https://locations.tacobell.com/fl/spring-hill/2220-commercial-way.html,fl,spring-hill,2220-commercial-way
https://locations.tacobell.com/in/tell-city/222-hwy--66-east.html,in,tell-city,222-hwy--66-east
https://locations.tacobell.com/ny/ithaca/222-elmira-road.html,ny,ithaca,222-elmira-road
https://locations.tacobell.com/mn/saint-paul/2219-highway-10.html,mn,saint-paul,2219-highway-10
https://locations.tacobell.com/tx/lufkin/2214-south-first.html,tx,lufkin,2214-south-first
https://locations.tacobell.com/in/kokomo/2212-west-sycamore.html,in,kokomo,2212-west-sycamore
https://locations.tacobell.com/ut/salt-lake-city/2212-s-1300-e.html,ut,salt-lake-city,2212-s-1300-e
https://locations.tacobell.com/ne/grand-island/2211-s-locust-st.html,ne,grand-island,2211-s-locust-st
https://locations.tacobell.com/ar/bryant/2211-n-reynolds-rd.html,ar,bryant,2211-n-reynolds-rd
https://locations.tacobell.com/wi/milwaukee/2210-w-wisconsin-ave.html,wi,milwaukee,2210-w-wisconsin-ave
https://locations.tacobell.com/il/yorkville/221-w--veterans-parkway.html,il,yorkville,221-w--veterans-parkway
https://locations.tacobell.com/in/south-bend/221-w-lasalle-ave.html,in,south-bend,221-w-lasalle-ave
https://locations.tacobell.com/ny/middletown/221-dolson-ave.html,ny,middletown,221-dolson-ave
https://locations.tacobell.com/nc/wake-forest/2207-s--main-street.html,nc,wake-forest,2207-s--main-street
https://locations.tacobell.com/ga/smyrna/2204-s-cobb-dr-se.html,ga,smyrna,2204-s-cobb-dr-se
https://locations.tacobell.com/ca/pomona/2204-n-garey.html,ca,pomona,2204-n-garey
https://locations.tacobell.com/tx/mineral-wells/2203-e-hubbard-st-.html,tx,mineral-wells,2203-e-hubbard-st-
https://locations.tacobell.com/mo/saint-charles/2203-droste-rd-.html,mo,saint-charles,2203-droste-rd-
https://locations.tacobell.com/tx/la-grange/2201-west-highway-71.html,tx,la-grange,2201-west-highway-71
https://locations.tacobell.com/fl/valrico/2201-state-road-60-e.html,fl,valrico,2201-state-road-60-e
https://locations.tacobell.com/ca/ontario/2201-s--mountain-ave-.html,ca,ontario,2201-s--mountain-ave-
https://locations.tacobell.com/in/muncie/2201-s--madison-st-.html,in,muncie,2201-s--madison-st-
https://locations.tacobell.com/tx/abilene/2201-pine-street.html,tx,abilene,2201-pine-street
https://locations.tacobell.com/tx/corpus-christi/2201-morgan-avenue.html,tx,corpus-christi,2201-morgan-avenue
https://locations.tacobell.com/ca/redondo-beach/2201-artesia-blvd.html,ca,redondo-beach,2201-artesia-blvd
https://locations.tacobell.com/wa/seattle/2201-4th-avenue-south.html,wa,seattle,2201-4th-avenue-south
https://locations.tacobell.com/ok/edmond/2200-west-edmond-road.html,ok,edmond,2200-west-edmond-road
https://locations.tacobell.com/md/waldorf/2200-crain-hwy.html,md,waldorf,2200-crain-hwy
https://locations.tacobell.com/ca/corona/220-w--ontario-st-.html,ca,corona,220-w--ontario-st-
https://locations.tacobell.com/pa/belle-vernon/220-tri-county-lane.html,pa,belle-vernon,220-tri-county-lane
https://locations.tacobell.com/sc/charleston/220-spring-street.html,sc,charleston,220-spring-street
https://locations.tacobell.com/ny/johnson-city/220-reynolds-road.html,ny,johnson-city,220-reynolds-road
https://locations.tacobell.com/ok/oklahoma-city/220-nw-23rd-st.html,ok,oklahoma-city,220-nw-23rd-st
https://locations.tacobell.com/nc/raeford/220-laurinburg-rd.html,nc,raeford,220-laurinburg-rd
https://locations.tacobell.com/nj/kearny/220-harrison-ave-.html,nj,kearny,220-harrison-ave-
https://locations.tacobell.com/mo/columbia/220-business-loop-70-e.html,mo,columbia,220-business-loop-70-e
https://locations.tacobell.com/id/rexburg/22-west-main-street.html,id,rexburg,22-west-main-street
https://locations.tacobell.com/mi/wyoming/22-44th-st-sw.html,mi,wyoming,22-44th-st-sw
https://locations.tacobell.com/ma/holyoke/2199-northampton-st.html,ma,holyoke,2199-northampton-st
https://locations.tacobell.com/ga/athens/2197-w-broad-st.html,ga,athens,2197-w-broad-st
https://locations.tacobell.com/ca/corona/2193-sampson-ave.html,ca,corona,2193-sampson-ave
https://locations.tacobell.com/in/lafayette/2190-south-26th-street.html,in,lafayette,2190-south-26th-street
https://locations.tacobell.com/pa/york/2189-white-st.html,pa,york,2189-white-st
https://locations.tacobell.com/ca/corning/2189-solano-street.html,ca,corning,2189-solano-street
https://locations.tacobell.com/co/aurora/21865-e--quincy-ave-.html,co,aurora,21865-e--quincy-ave-
https://locations.tacobell.com/ny/commack/2186-jericho-turnpike.html,ny,commack,2186-jericho-turnpike
https://locations.tacobell.com/tn/memphis/2183-frayser-blvd-.html,tn,memphis,2183-frayser-blvd-
https://locations.tacobell.com/il/rockford/2182-s-perryville-rd.html,il,rockford,2182-s-perryville-rd
https://locations.tacobell.com/nc/roxboro/2180-durham-road.html,nc,roxboro,2180-durham-road
https://locations.tacobell.com/ma/bridgewater/218-broad-st.html,ma,bridgewater,218-broad-st
https://locations.tacobell.com/in/new-castle/2175-south-memorial-drive.html,in,new-castle,2175-south-memorial-drive
https://locations.tacobell.com/nv/north-las-vegas/2175-e-cheyenne-ave.html,nv,north-las-vegas,2175-e-cheyenne-ave
https://locations.tacobell.com/ky/richmond/2173-lexington-road.html,ky,richmond,2173-lexington-road
https://locations.tacobell.com/mi/taylor/21700-ecorse-rd.html,mi,taylor,21700-ecorse-rd
https://locations.tacobell.com/nj/fort-lee/2170-fletcher-ave.html,nj,fort-lee,2170-fletcher-ave
https://locations.tacobell.com/in/brazil/2170-e-national-ave.html,in,brazil,2170-e-national-ave
https://locations.tacobell.com/va/herndon/2170-centreville-rd.html,va,herndon,2170-centreville-rd
https://locations.tacobell.com/id/coeur-d-alene/217-w-appleway-ave.html,id,coeur-d-alene,217-w-appleway-ave
https://locations.tacobell.com/co/castle-rock/217-metzler-drive.html,co,castle-rock,217-metzler-drive
https://locations.tacobell.com/wa/mount-vernon/217-east-college-way.html,wa,mount-vernon,217-east-college-way
https://locations.tacobell.com/ga/marietta/2169-roswell-rd.html,ga,marietta,2169-roswell-rd
https://locations.tacobell.com/wi/middleton/2169-deming-way.html,wi,middleton,2169-deming-way
https://locations.tacobell.com/mi/grayling/2167-s-i-75-business-loop.html,mi,grayling,2167-s-i-75-business-loop
https://locations.tacobell.com/il/granite-city/2167-madison-ave.html,il,granite-city,2167-madison-ave
https://locations.tacobell.com/ga/dublin/2163-us-highway-441-s.html,ga,dublin,2163-us-highway-441-s
https://locations.tacobell.com/ca/hayward/21600-foothill-blvd.html,ca,hayward,21600-foothill-blvd
https://locations.tacobell.com/mi/muskegon/2160-holton-rd.html,mi,muskegon,2160-holton-rd
https://locations.tacobell.com/az/mesa/2160-baseline-rd.html,az,mesa,2160-baseline-rd
https://locations.tacobell.com/ny/fairport/2157-fairport-nine-mile-point-rd.html,ny,fairport,2157-fairport-nine-mile-point-rd
https://locations.tacobell.com/md/edgewood/2155-pulaski-hwy.html,md,edgewood,2155-pulaski-hwy
https://locations.tacobell.com/nc/mount-airy/2152-rockford-st.html,nc,mount-airy,2152-rockford-st
https://locations.tacobell.com/ca/la-canada-flintridge/2151-foothill-blvd.html,ca,la-canada-flintridge,2151-foothill-blvd
https://locations.tacobell.com/az/tucson/2150-w--river-rd-.html,az,tucson,2150-w--river-rd-
https://locations.tacobell.com/al/brewton/2150-douglas-avenue.html,al,brewton,2150-douglas-avenue
https://locations.tacobell.com/ca/hayward/215-west-jackson-street.html,ca,hayward,215-west-jackson-street
https://locations.tacobell.com/tx/arlington/215-south-watson-road.html,tx,arlington,215-south-watson-road
https://locations.tacobell.com/tx/allen/215-s-custer-rd-.html,tx,allen,215-s-custer-rd-
https://locations.tacobell.com/la/sulphur/215-s-cities-service-hwy.html,la,sulphur,215-s-cities-service-hwy
https://locations.tacobell.com/mn/minneapolis/215-east-lake-street.html,mn,minneapolis,215-east-lake-street
https://locations.tacobell.com/or/eugene/215-division-avenue.html,or,eugene,215-division-avenue
https://locations.tacobell.com/oh/springfield/2149-s--limestone-st-.html,oh,springfield,2149-s--limestone-st-
https://locations.tacobell.com/oh/zanesville/21445-june-parkway.html,oh,zanesville,21445-june-parkway
https://locations.tacobell.com/ca/anaheim/2144-south-harbor-blvd.html,ca,anaheim,2144-south-harbor-blvd
https://locations.tacobell.com/il/aurora/2140-west-galena-blvd.html,il,aurora,2140-west-galena-blvd
https://locations.tacobell.com/fl/daytona-beach/2140-w-international-speedway-blvd.html,fl,daytona-beach,2140-w-international-speedway-blvd
https://locations.tacobell.com/in/connersville/2140-park-road.html,in,connersville,2140-park-road
https://locations.tacobell.com/az/cottonwood/2140-e-state-route-89-a.html,az,cottonwood,2140-e-state-route-89-a
https://locations.tacobell.com/ca/hacienda-heights/2136-hacienda-blvd.html,ca,hacienda-heights,2136-hacienda-blvd
https://locations.tacobell.com/ca/clovis/2131-east-shaw.html,ca,clovis,2131-east-shaw
https://locations.tacobell.com/wi/little-chute/2130-freedom-road.html,wi,little-chute,2130-freedom-road
https://locations.tacobell.com/nc/fayetteville/2130-cedar-creek-road.html,nc,fayetteville,2130-cedar-creek-road
https://locations.tacobell.com/tx/universal-city/213-pat-booker-rd.html,tx,universal-city,213-pat-booker-rd
https://locations.tacobell.com/ky/mount-sterling/213-indian-mound-drive.html,ky,mount-sterling,213-indian-mound-drive
https://locations.tacobell.com/tx/eagle-pass/2127-e-garrison-st.html,tx,eagle-pass,2127-e-garrison-st
https://locations.tacobell.com/ok/norman/2125-w-lindsey-st-.html,ok,norman,2125-w-lindsey-st-
https://locations.tacobell.com/tx/denton/2124-sadau-ct-.html,tx,denton,2124-sadau-ct-
https://locations.tacobell.com/wa/yakima/2124-s-1st-street.html,wa,yakima,2124-s-1st-street
https://locations.tacobell.com/az/queen-creek/21222-e-rittenhouse-rd.html,az,queen-creek,21222-e-rittenhouse-rd
https://locations.tacobell.com/la/eunice/2121-w-laurel.html,la,eunice,2121-w-laurel
https://locations.tacobell.com/nd/fargo/2121-university-dr-s.html,nd,fargo,2121-university-dr-s
https://locations.tacobell.com/co/brighton/2121-prairie-center-pkwy-.html,co,brighton,2121-prairie-center-pkwy-
https://locations.tacobell.com/ga/duluth/2121-pleasant-hill-road.html,ga,duluth,2121-pleasant-hill-road
https://locations.tacobell.com/wy/laramie/2121-grand-ave.html,wy,laramie,2121-grand-ave
https://locations.tacobell.com/la/west-monroe/212-thomas-rd.html,la,west-monroe,212-thomas-rd
https://locations.tacobell.com/co/trinidad/212-nevada-avenue.html,co,trinidad,212-nevada-avenue
https://locations.tacobell.com/ny/penn-yan/212-lake-st.html,ny,penn-yan,212-lake-st
https://locations.tacobell.com/ma/methuen/212-haverhill-street.html,ma,methuen,212-haverhill-street
https://locations.tacobell.com/wi/waukesha/21195-highway-18.html,wi,waukesha,21195-highway-18
https://locations.tacobell.com/nv/north-las-vegas/2118-w-craig-rd.html,nv,north-las-vegas,2118-w-craig-rd
https://locations.tacobell.com/oh/steubenville/2118-sunset-blvd.html,oh,steubenville,2118-sunset-blvd
https://locations.tacobell.com/il/galesburg/2118-e-main-st.html,il,galesburg,2118-e-main-st
https://locations.tacobell.com/ok/oklahoma-city/2116-sw-59th.html,ok,oklahoma-city,2116-sw-59th
https://locations.tacobell.com/fl/ocala/2116-e-silver-springs-blvd.html,fl,ocala,2116-e-silver-springs-blvd
https://locations.tacobell.com/mo/jane/21150-us-highway-71.html,mo,jane,21150-us-highway-71
https://locations.tacobell.com/in/north-vernon/2115-n-state-highway-7.html,in,north-vernon,2115-n-state-highway-7
https://locations.tacobell.com/ks/mcpherson/2115-east-kansas-avenue.html,ks,mcpherson,2115-east-kansas-avenue
https://locations.tacobell.com/tx/mesquite/2114-n-galloway-ave-.html,tx,mesquite,2114-n-galloway-ave-
https://locations.tacobell.com/wa/bonney-lake/21131-state-route-410-e.html,wa,bonney-lake,21131-state-route-410-e
https://locations.tacobell.com/pa/whitehall/2113-mac-arthur-road.html,pa,whitehall,2113-mac-arthur-road
https://locations.tacobell.com/ca/chatsworth/21120-devonshire-street.html,ca,chatsworth,21120-devonshire-street
https://locations.tacobell.com/tx/san-antonio/21118-n--us-hwy-281.html,tx,san-antonio,21118-n--us-hwy-281
https://locations.tacobell.com/ca/pittsburg/2111-loveridge-rd.html,ca,pittsburg,2111-loveridge-rd
https://locations.tacobell.com/oh/columbus/2111-e-livingston-ave.html,oh,columbus,2111-e-livingston-ave
https://locations.tacobell.com/ne/nebraska-city/2110-south-11th-street.html,ne,nebraska-city,2110-south-11th-street
https://locations.tacobell.com/in/valparaiso/2110-morthland-dr.html,in,valparaiso,2110-morthland-dr
https://locations.tacobell.com/tx/san-antonio/2110-goliad-rd.html,tx,san-antonio,2110-goliad-rd
https://locations.tacobell.com/ok/roland/211-west-rayfine-blvd-.html,ok,roland,211-west-rayfine-blvd-
https://locations.tacobell.com/in/new-whiteland/211-n-us-31.html,in,new-whiteland,211-n-us-31
https://locations.tacobell.com/ky/walton/211-mary-grubbs-highway.html,ky,walton,211-mary-grubbs-highway
https://locations.tacobell.com/ms/meridian/2106-n-hills-st.html,ms,meridian,2106-n-hills-st
https://locations.tacobell.com/in/terre-haute/2105-lafayette-ave.html,in,terre-haute,2105-lafayette-ave
https://locations.tacobell.com/in/richmond/2105-chester-drive.html,in,richmond,2105-chester-drive
https://locations.tacobell.com/tx/palestine/2104-crockett.html,tx,palestine,2104-crockett
https://locations.tacobell.com/tx/el-paso/2103-n--mesa-st-.html,tx,el-paso,2103-n--mesa-st-
https://locations.tacobell.com/la/ruston/2103-farmerville-hwy.html,la,ruston,2103-farmerville-hwy
https://locations.tacobell.com/fl/plant-city/2101-west-baker-street.html,fl,plant-city,2101-west-baker-street
https://locations.tacobell.com/nc/cary/2101-walnut-st.html,nc,cary,2101-walnut-st
https://locations.tacobell.com/oh/middletown/2101-no-verity-pkwy.html,oh,middletown,2101-no-verity-pkwy
https://locations.tacobell.com/oh/kettering/2101-east-dorothy-lane.html,oh,kettering,2101-east-dorothy-lane
https://locations.tacobell.com/nc/durham/2101-e-nc-highway-54.html,nc,durham,2101-e-nc-highway-54
https://locations.tacobell.com/al/muscle-shoals/2100-woodward-ave.html,al,muscle-shoals,2100-woodward-ave
https://locations.tacobell.com/tn/johnson-city/2100-west-market-street.html,tn,johnson-city,2100-west-market-street
https://locations.tacobell.com/nm/farmington/2100-west-main-st.html,nm,farmington,2100-west-main-st
https://locations.tacobell.com/ar/jonesboro/2100-s--caraway-road.html,ar,jonesboro,2100-s--caraway-road
https://locations.tacobell.com/nc/lumberton/2100-n-roberts-ave.html,nc,lumberton,2100-n-roberts-ave
https://locations.tacobell.com/hi/hilo/2100-kanoelehua-ave.html,hi,hilo,2100-kanoelehua-ave
https://locations.tacobell.com/pa/lebanon/2100-cumberland-street.html,pa,lebanon,2100-cumberland-street
https://locations.tacobell.com/wa/seattle/210-w--mercer-st-.html,wa,seattle,210-w--mercer-st-
https://locations.tacobell.com/wv/new-martinsville/210-north-state-route-2.html,wv,new-martinsville,210-north-state-route-2
https://locations.tacobell.com/ca/millbrae/210-el-camino-real.html,ca,millbrae,210-el-camino-real
https://locations.tacobell.com/ma/shrewsbury/21-s-quinsigamond-ave.html,ma,shrewsbury,21-s-quinsigamond-ave
https://locations.tacobell.com/ky/madisonville/21-madison-square-dr.html,ky,madisonville,21-madison-square-dr
https://locations.tacobell.com/mo/lamar/21-east-highway-160.html,mo,lamar,21-east-highway-160
https://locations.tacobell.com/oh/lancaster/2099-schorrway-dr-nw.html,oh,lancaster,2099-schorrway-dr-nw
https://locations.tacobell.com/az/maricopa/20980-n-john-wayne-pkwy.html,az,maricopa,20980-n-john-wayne-pkwy
https://locations.tacobell.com/co/denver/2097-s-sheridan.html,co,denver,2097-s-sheridan
https://locations.tacobell.com/nc/jacksonville/2095-n-marine-blvd.html,nc,jacksonville,2095-n-marine-blvd
https://locations.tacobell.com/or/salem/2093-lancaster-dr-ne.html,or,salem,2093-lancaster-dr-ne
https://locations.tacobell.com/ca/castro-valley/20925-redwood-rd.html,ca,castro-valley,20925-redwood-rd
https://locations.tacobell.com/sc/beaufort/209-robert-smalls-pkwy.html,sc,beaufort,209-robert-smalls-pkwy
https://locations.tacobell.com/ms/senatobia/209-norfleet-dr.html,ms,senatobia,209-norfleet-dr
https://locations.tacobell.com/nc/waynesville/2087-s--main-st-.html,nc,waynesville,2087-s--main-st-
https://locations.tacobell.com/tn/knoxville/2085-n--broadway-st-.html,tn,knoxville,2085-n--broadway-st-
https://locations.tacobell.com/ga/chamblee/2081-savoy-drive.html,ga,chamblee,2081-savoy-drive
https://locations.tacobell.com/il/lindenhurst/2081-east-grand-avenue.html,il,lindenhurst,2081-east-grand-avenue
https://locations.tacobell.com/ut/riverton/2056-w--12600-s--riverton.html,ut,riverton,2056-w--12600-s--riverton
https://locations.tacobell.com/ar/rogers/2080-promenade.html,ar,rogers,2080-promenade
https://locations.tacobell.com/in/rochester/2080-main-street.html,in,rochester,2080-main-street
https://locations.tacobell.com/ca/woodland/208-w-main-st.html,ca,woodland,208-w-main-st
https://locations.tacobell.com/pa/edinboro/208-plum-street.html,pa,edinboro,208-plum-street
https://locations.tacobell.com/tx/athens/208-e-corsicana.html,tx,athens,208-e-corsicana
https://locations.tacobell.com/or/portland/2079-w-burnside-street.html,or,portland,2079-w-burnside-street
https://locations.tacobell.com/oh/dayton/2076-harshman-rd.html,oh,dayton,2076-harshman-rd
https://locations.tacobell.com/ga/athens/2075-barnett-shoals-road.html,ga,athens,2075-barnett-shoals-road
https://locations.tacobell.com/tx/borger/207-south-cedar.html,tx,borger,207-south-cedar
https://locations.tacobell.com/nc/louisburg/207-s--bickett-boulevard.html,nc,louisburg,207-s--bickett-boulevard
https://locations.tacobell.com/ny/johnstown/207-n-comrie-ave.html,ny,johnstown,207-n-comrie-ave
https://locations.tacobell.com/wv/benwood/207-marshall-st-.html,wv,benwood,207-marshall-st-
https://locations.tacobell.com/ms/starkville/207-highway-12-west.html,ms,starkville,207-highway-12-west
https://locations.tacobell.com/tx/pleasanton/2052-w-oaklawn-rd-.html,tx,pleasanton,2052-w-oaklawn-rd-
https://locations.tacobell.com/ky/monticello/1960-n-main-st.html,ky,monticello,1960-n-main-st
https://locations.tacobell.com/ok/durant/206-westside-dr.html,ok,durant,206-westside-dr
https://locations.tacobell.com/tn/pigeon-forge/206-wears-valley-road.html,tn,pigeon-forge,206-wears-valley-road
https://locations.tacobell.com/mt/belgrade/206-w-madison.html,mt,belgrade,206-w-madison
https://locations.tacobell.com/tx/sweetwater/206-se-georgia-avenue.html,tx,sweetwater,206-se-georgia-avenue
https://locations.tacobell.com/al/piedmont/206-highway-278-bypass-east.html,al,piedmont,206-highway-278-bypass-east
https://locations.tacobell.com/al/phenix-city/2059-highway-280.html,al,phenix-city,2059-highway-280
https://locations.tacobell.com/wi/eau-claire/2056-s-hastings.html,wi,eau-claire,2056-s-hastings
https://locations.tacobell.com/wi/burlington/2056-milwaukee-ave-.html,wi,burlington,2056-milwaukee-ave-
https://locations.tacobell.com/ar/fayetteville/2055-w-martin-luther-king-blvd.html,ar,fayetteville,2055-w-martin-luther-king-blvd
https://locations.tacobell.com/ar/forrest-city/2055-n-washington.html,ar,forrest-city,2055-n-washington
https://locations.tacobell.com/nc/jacksonville/2055-gum-branch-rd.html,nc,jacksonville,2055-gum-branch-rd
https://locations.tacobell.com/la/mandeville/2055-florida-st.html,la,mandeville,2055-florida-st
https://locations.tacobell.com/pa/york/2054-s-queen-st.html,pa,york,2054-s-queen-st
https://locations.tacobell.com/ca/lomita/2054-lomita-blvd.html,ca,lomita,2054-lomita-blvd
https://locations.tacobell.com/mi/saint-joseph/2051-niles-rd.html,mi,saint-joseph,2051-niles-rd
https://locations.tacobell.com/ca/turlock/2050-w-main-st.html,ca,turlock,2050-w-main-st
https://locations.tacobell.com/co/montrose/2050-s-townsend.html,co,montrose,2050-s-townsend
https://locations.tacobell.com/fl/orlando/2050-s-semoran-blvd.html,fl,orlando,2050-s-semoran-blvd
https://locations.tacobell.com/pa/west-mifflin/2050-lebanon-church-rd.html,pa,west-mifflin,2050-lebanon-church-rd
https://locations.tacobell.com/ca/pasadena/2050-fair-oaks-boulevard.html,ca,pasadena,2050-fair-oaks-boulevard
https://locations.tacobell.com/wi/tomah/205-wittig-road.html,wi,tomah,205-wittig-road
https://locations.tacobell.com/or/gresham/205-ne-burnside-rd.html,or,gresham,205-ne-burnside-rd
https://locations.tacobell.com/nc/high-point/205-eastchester-dr.html,nc,high-point,205-eastchester-dr
https://locations.tacobell.com/ar/conway/205-e-oak-street.html,ar,conway,205-e-oak-street
https://locations.tacobell.com/ct/ansonia/205-division-street.html,ct,ansonia,205-division-street
https://locations.tacobell.com/la/bogalusa/205-b-superior-avenue.html,la,bogalusa,205-b-superior-avenue
https://locations.tacobell.com/fl/jupiter/2048-west-indiantown-road.html,fl,jupiter,2048-west-indiantown-road
https://locations.tacobell.com/ca/los-angeles/2046-w-manchester-blvd.html,ca,los-angeles,2046-w-manchester-blvd
https://locations.tacobell.com/or/prineville/2042-ne-3rd-st.html,or,prineville,2042-ne-3rd-st
https://locations.tacobell.com/ca/rocklin/2041-wildcat-blvd.html,ca,rocklin,2041-wildcat-blvd
https://locations.tacobell.com/ca/fresno/2040-west-shaw-avenue.html,ca,fresno,2040-west-shaw-avenue
https://locations.tacobell.com/sc/charleston/2040-savannah-hwy.html,sc,charleston,2040-savannah-hwy
https://locations.tacobell.com/la/sulphur/2040-ruth-st.html,la,sulphur,2040-ruth-st
https://locations.tacobell.com/la/baton-rouge/2040-oneal-lane.html,la,baton-rouge,2040-oneal-lane
https://locations.tacobell.com/pa/lancaster/2040-lincoln-hwy-east.html,pa,lancaster,2040-lincoln-hwy-east
https://locations.tacobell.com/ca/san-pedro/204-n--gaffey-st-.html,ca,san-pedro,204-n--gaffey-st-
https://locations.tacobell.com/mi/midland/2038-n-saginaw-rd.html,mi,midland,2038-n-saginaw-rd
https://locations.tacobell.com/il/bourbonnais/2036-state-route-50-north.html,il,bourbonnais,2036-state-route-50-north
https://locations.tacobell.com/in/indianapolis/2035-west-washington-street.html,in,indianapolis,2035-west-washington-street
https://locations.tacobell.com/fl/west-melbourne/2035-west-new-haven-ave.html,fl,west-melbourne,2035-west-new-haven-ave
https://locations.tacobell.com/nj/willingboro/4402-a-rt--130.html,nj,willingboro,4402-a-rt--130
https://locations.tacobell.com/tx/kyle/20347-ih-35.html,tx,kyle,20347-ih-35
https://locations.tacobell.com/ca/banning/2034-w--ramsey-st-.html,ca,banning,2034-w--ramsey-st-
https://locations.tacobell.com/ca/vallejo/2033-solano-avenue.html,ca,vallejo,2033-solano-avenue
https://locations.tacobell.com/sc/greenville/2031-wade-hampton-blvd.html,sc,greenville,2031-wade-hampton-blvd
https://locations.tacobell.com/wa/federal-way/2031-s-w--campus-drive.html,wa,federal-way,2031-s-w--campus-drive
https://locations.tacobell.com/fl/tampa/2031-e-bearss-ave.html,fl,tampa,2031-e-bearss-ave
https://locations.tacobell.com/az/chandler/2030-north-alma-school-rd.html,az,chandler,2030-north-alma-school-rd
https://locations.tacobell.com/mi/cadillac/2030-n-mitchell.html,mi,cadillac,2030-n-mitchell
https://locations.tacobell.com/mi/okemos/2030-grand-river-avenue.html,mi,okemos,2030-grand-river-avenue
https://locations.tacobell.com/tx/bonham/203-west-sam-rayburn-drive.html,tx,bonham,203-west-sam-rayburn-drive
https://locations.tacobell.com/ma/northampton/203-king-street.html,ma,northampton,203-king-street
https://locations.tacobell.com/az/mesa/2028-north-power-road.html,az,mesa,2028-north-power-road
https://locations.tacobell.com/fl/saint-petersburg/2028-66th-st-.html,fl,saint-petersburg,2028-66th-st-
https://locations.tacobell.com/al/auburn/2027-s--college-st-.html,al,auburn,2027-s--college-st-
https://locations.tacobell.com/ny/brooklyn/2026-coney-island-ave.html,ny,brooklyn,2026-coney-island-ave
https://locations.tacobell.com/la/hammond/2025-w-thomas-st-.html,la,hammond,2025-w-thomas-st-
https://locations.tacobell.com/fl/chiefland/2025-north-young-blvd.html,fl,chiefland,2025-north-young-blvd
https://locations.tacobell.com/nv/las-vegas/2025-buffalo-drive.html,nv,las-vegas,2025-buffalo-drive
https://locations.tacobell.com/ca/corcoran/2021-whitley-avenue.html,ca,corcoran,2021-whitley-avenue
https://locations.tacobell.com/nj/north-bergen/2020-tonnelle-avenue.html,nj,north-bergen,2020-tonnelle-avenue
https://locations.tacobell.com/in/fort-wayne/2020-n--coliseum-blvd-.html,in,fort-wayne,2020-n--coliseum-blvd-
https://locations.tacobell.com/in/la-porte/202-pine-lake-ave.html,in,la-porte,202-pine-lake-ave
https://locations.tacobell.com/ca/lindsay/202-north-highway-65.html,ca,lindsay,202-north-highway-65
https://locations.tacobell.com/ga/snellville/2019-scenic-hwy-n.html,ga,snellville,2019-scenic-hwy-n
https://locations.tacobell.com/ky/independence/2019-centennial-blvd.html,ky,independence,2019-centennial-blvd
https://locations.tacobell.com/ca/apple-valley/20185-highway-18.html,ca,apple-valley,20185-highway-18
https://locations.tacobell.com/ky/inez/2018-main-street.html,ky,inez,2018-main-street
https://locations.tacobell.com/il/frankfort/20160-lagrange-rd-.html,il,frankfort,20160-lagrange-rd-
https://locations.tacobell.com/fl/tampa/2016-north-50th-street.html,fl,tampa,2016-north-50th-street
https://locations.tacobell.com/al/huntsville/2015-whitesburg-dr--s.html,al,huntsville,2015-whitesburg-dr--s
https://locations.tacobell.com/il/mundelein/2015-s-lake-st.html,il,mundelein,2015-s-lake-st
https://locations.tacobell.com/ca/oakley/2015-main-st.html,ca,oakley,2015-main-st
https://locations.tacobell.com/ks/topeka/2013-nw-topeka-blvd.html,ks,topeka,2013-nw-topeka-blvd
https://locations.tacobell.com/va/norfolk/2011-monticello-ave.html,va,norfolk,2011-monticello-ave
https://locations.tacobell.com/ks/winfield/2011-main-street.html,ks,winfield,2011-main-street
https://locations.tacobell.com/ca/san-diego/2011-camino-del-este.html,ca,san-diego,2011-camino-del-este
https://locations.tacobell.com/oh/lima/2011-allentown-road.html,oh,lima,2011-allentown-road
https://locations.tacobell.com/fl/pensacola/2011-airport-blvd.html,fl,pensacola,2011-airport-blvd
https://locations.tacobell.com/tx/amarillo/2010-ross-osage.html,tx,amarillo,2010-ross-osage
https://locations.tacobell.com/ca/vacaville/2010-nut-tree-road.html,ca,vacaville,2010-nut-tree-road
https://locations.tacobell.com/mo/harrisonville/2010-n-commercial-st.html,mo,harrisonville,2010-n-commercial-st
https://locations.tacobell.com/co/longmont/2010-ken-pratt-blvd-.html,co,longmont,2010-ken-pratt-blvd-
https://locations.tacobell.com/tx/round-rock/2010-east-palm-valley-blvd.html,tx,round-rock,2010-east-palm-valley-blvd
https://locations.tacobell.com/ca/oxnard/201-w-channel-islands-blvd.html,ca,oxnard,201-w-channel-islands-blvd
https://locations.tacobell.com/tx/mesquite/201-w-cartwright-rd.html,tx,mesquite,201-w-cartwright-rd
https://locations.tacobell.com/ks/paola/201-south-angela-street.html,ks,paola,201-south-angela-street
https://locations.tacobell.com/mo/oak-grove/201-se-4th-street.html,mo,oak-grove,201-se-4th-street
https://locations.tacobell.com/ar/blytheville/201-s-service-rd.html,ar,blytheville,201-s-service-rd
https://locations.tacobell.com/il/chicago-heights/201-s-halstead-st-.html,il,chicago-heights,201-s-halstead-st-
https://locations.tacobell.com/nm/alamogordo/201-panorama-blvd.html,nm,alamogordo,201-panorama-blvd
https://locations.tacobell.com/ca/manteca/201-northgate-dr.html,ca,manteca,201-northgate-dr
https://locations.tacobell.com/il/monmouth/201-maple-city-drive.html,il,monmouth,201-maple-city-drive
https://locations.tacobell.com/oh/delphos/201-elida-avenue.html,oh,delphos,201-elida-avenue
https://locations.tacobell.com/tx/austin/201-e--oltorf.html,tx,austin,201-e--oltorf
https://locations.tacobell.com/mi/owosso/201-e-main-street.html,mi,owosso,201-e-main-street
https://locations.tacobell.com/tx/taylor/2009-north-main-street.html,tx,taylor,2009-north-main-street
https://locations.tacobell.com/va/virginia-beach/2009-lynnhaven-pkwy.html,va,virginia-beach,2009-lynnhaven-pkwy
https://locations.tacobell.com/mo/columbia/2009-bernadette-drive.html,mo,columbia,2009-bernadette-drive
https://locations.tacobell.com/tx/cleburne/2008-n--main-st-.html,tx,cleburne,2008-n--main-st-
https://locations.tacobell.com/il/streator/2008-n-bloomington-st.html,il,streator,2008-n-bloomington-st
https://locations.tacobell.com/ks/goddard/20075-west-kellogg-drive.html,ks,goddard,20075-west-kellogg-drive
https://locations.tacobell.com/ks/pratt/2007-e-1st-st.html,ks,pratt,2007-e-1st-st
https://locations.tacobell.com/ok/okmulgee/2006-south-wood-drive.html,ok,okmulgee,2006-south-wood-drive
https://locations.tacobell.com/co/broomfield/2005-w-136th-ave.html,co,broomfield,2005-w-136th-ave
https://locations.tacobell.com/mo/jefferson-city/2005-schotthilll-woods-rd-.html,mo,jefferson-city,2005-schotthilll-woods-rd-
https://locations.tacobell.com/wi/sun-prairie/2005-mccoy-rd.html,wi,sun-prairie,2005-mccoy-rd
https://locations.tacobell.com/fl/lynn-haven/2005-hwy-77.html,fl,lynn-haven,2005-hwy-77
https://locations.tacobell.com/fl/titusville/2004-s-washington-ave.html,fl,titusville,2004-s-washington-ave
https://locations.tacobell.com/mo/saint-charles/2003-zumbehl-rd.html,mo,saint-charles,2003-zumbehl-rd
https://locations.tacobell.com/ar/jonesboro/2003-west-parker-road.html,ar,jonesboro,2003-west-parker-road
https://locations.tacobell.com/co/glenwood-springs/2002-grand-ave.html,co,glenwood-springs,2002-grand-ave
https://locations.tacobell.com/or/pendleton/2001-sw-court-place.html,or,pendleton,2001-sw-court-place
https://locations.tacobell.com/wa/port-angeles/2001-east-first-street.html,wa,port-angeles,2001-east-first-street
https://locations.tacobell.com/mo/branson/2000-w--us-hwy-76.html,mo,branson,2000-w--us-hwy-76
https://locations.tacobell.com/ca/santa-rosa/2000-santa-rosa-ave.html,ca,santa-rosa,2000-santa-rosa-ave
https://locations.tacobell.com/sd/mitchell/2000-s-burr-st.html,sd,mitchell,2000-s-burr-st
https://locations.tacobell.com/tn/johnson-city/2000-n-roan-st.html,tn,johnson-city,2000-n-roan-st
https://locations.tacobell.com/tx/amarillo/2000-coulter.html,tx,amarillo,2000-coulter
https://locations.tacobell.com/mn/eagan/2000-cliff-rd.html,mn,eagan,2000-cliff-rd
https://locations.tacobell.com/ca/vacaville/2000-alamo-drive.html,ca,vacaville,2000-alamo-drive
https://locations.tacobell.com/or/dallas/200-w--ellendale-ave-.html,or,dallas,200-w--ellendale-ave-
https://locations.tacobell.com/ca/angels-camp/200-s-main.html,ca,angels-camp,200-s-main
https://locations.tacobell.com/wi/rhinelander/200-s-eisenhower-pkwy.html,wi,rhinelander,200-s-eisenhower-pkwy
https://locations.tacobell.com/ny/herkimer/200-s-caroline-street.html,ny,herkimer,200-s-caroline-street
https://locations.tacobell.com/nj/milltown/200-ryders-ln.html,nj,milltown,200-ryders-ln
https://locations.tacobell.com/ms/new-albany/200-park-plaza.html,ms,new-albany,200-park-plaza
https://locations.tacobell.com/oh/columbus/200-n-wilson-rd.html,oh,columbus,200-n-wilson-rd
https://locations.tacobell.com/ky/shelbyville/200-mortown-way.html,ky,shelbyville,200-mortown-way
https://locations.tacobell.com/ar/corning/200-missouri-ave.html,ar,corning,200-missouri-ave
https://locations.tacobell.com/ca/weed/200-east-vista-drive.html,ca,weed,200-east-vista-drive
https://locations.tacobell.com/nv/sparks/200-east-prater-way.html,nv,sparks,200-east-prater-way
https://locations.tacobell.com/ca/valley-springs/200-e--hwy-12.html,ca,valley-springs,200-e--hwy-12
https://locations.tacobell.com/il/columbia/200-columbia-center.html,il,columbia,200-columbia-center
https://locations.tacobell.com/or/albany/200-airport-rd-se.html,or,albany,200-airport-rd-se
https://locations.tacobell.com/mn/willmar/200-24th-avenue-southeast.html,mn,willmar,200-24th-avenue-southeast
https://locations.tacobell.com/ct/new-britain/20-e-main-st.html,ct,new-britain,20-e-main-st
https://locations.tacobell.com/ok/lawton/2-sw-sheridan-rd.html,ok,lawton,2-sw-sheridan-rd
https://locations.tacobell.com/nv/dayton/2-pine-cone-rd-.html,nv,dayton,2-pine-cone-rd-
https://locations.tacobell.com/sc/greenville/2-mills-avenue.html,sc,greenville,2-mills-avenue
https://locations.tacobell.com/ri/north-smithfield/2-dowling-village-blvd-.html,ri,north-smithfield,2-dowling-village-blvd-
https://locations.tacobell.com/tx/canton/1999-north-trades-day-blvd-.html,tx,canton,1999-north-trades-day-blvd-
https://locations.tacobell.com/co/denver/1998-s--federal-blvd-.html,co,denver,1998-s--federal-blvd-
https://locations.tacobell.com/wv/sutton/1994-sutton-lane.html,wv,sutton,1994-sutton-lane
https://locations.tacobell.com/md/germantown/19923-century-blvd.html,md,germantown,19923-century-blvd
https://locations.tacobell.com/nc/greenville/1991-stantonsburg-rd.html,nc,greenville,1991-stantonsburg-rd
https://locations.tacobell.com/il/decatur/1991-mt-zion-rd.html,il,decatur,1991-mt-zion-rd
https://locations.tacobell.com/va/pulaski/1991-memorial-drive.html,va,pulaski,1991-memorial-drive
https://locations.tacobell.com/ca/san-bernardino/1990-ostrems-way.html,ca,san-bernardino,1990-ostrems-way
https://locations.tacobell.com/ca/el-centro/1990-n--imperial-ave-.html,ca,el-centro,1990-n--imperial-ave-
https://locations.tacobell.com/pa/hermitage/1990-east-state-st.html,pa,hermitage,1990-east-state-st
https://locations.tacobell.com/la/bossier-city/1990-airline-dr.html,la,bossier-city,1990-airline-dr
https://locations.tacobell.com/va/norfolk/199-w--ocean-view-ave-.html,va,norfolk,199-w--ocean-view-ave-
https://locations.tacobell.com/nv/henderson/199-north-pecos.html,nv,henderson,199-north-pecos
https://locations.tacobell.com/ny/queensbury/199-corinth-road.html,ny,queensbury,199-corinth-road
https://locations.tacobell.com/ca/south-san-francisco/199-airport-boulevard.html,ca,south-san-francisco,199-airport-boulevard
https://locations.tacobell.com/tn/oneida/19891-alberta-street.html,tn,oneida,19891-alberta-street
https://locations.tacobell.com/fl/vero-beach/1985-41st-ave.html,fl,vero-beach,1985-41st-ave
https://locations.tacobell.com/tn/memphis/1983-whitten-road.html,tn,memphis,1983-whitten-road
https://locations.tacobell.com/ny/farmingdale/1981-broadhollow-rd.html,ny,farmingdale,1981-broadhollow-rd
https://locations.tacobell.com/nj/west-berlin/198-n-route-73.html,nj,west-berlin,198-n-route-73
https://locations.tacobell.com/or/gladstone/19795-mcloughlin-blvd.html,or,gladstone,19795-mcloughlin-blvd
https://locations.tacobell.com/la/hammond/1977-sw-railroad-ave.html,la,hammond,1977-sw-railroad-ave
https://locations.tacobell.com/mi/lowell/1975-west-main-street.html,mi,lowell,1975-west-main-street
https://locations.tacobell.com/ca/san-mateo/1975-s-el-camino-real.html,ca,san-mateo,1975-s-el-camino-real
https://locations.tacobell.com/ky/lexington/1970-harrodsburg-road.html,ky,lexington,1970-harrodsburg-road
https://locations.tacobell.com/nh/west-lebanon/197-south-main-street.html,nh,west-lebanon,197-south-main-street
https://locations.tacobell.com/tn/crossville/197-peavine-rd-.html,tn,crossville,197-peavine-rd-
https://locations.tacobell.com/fl/bushnell/1969-w--county-road-48.html,fl,bushnell,1969-w--county-road-48
https://locations.tacobell.com/ca/san-fernando/1968-glen-oaks-blvd.html,ca,san-fernando,1968-glen-oaks-blvd
https://locations.tacobell.com/ca/manteca/1968-daniels-street.html,ca,manteca,1968-daniels-street
https://locations.tacobell.com/mn/maplewood/1965-county-road-d.html,mn,maplewood,1965-county-road-d
https://locations.tacobell.com/ut/salt-lake-city/1962-fort-union-blvd.html,ut,salt-lake-city,1962-fort-union-blvd
https://locations.tacobell.com/ky/shepherdsville/1961-east-blue-lick-road.html,ky,shepherdsville,1961-east-blue-lick-road
https://locations.tacobell.com/wa/redmond/1960-148th-avenue-n-e-.html,wa,redmond,1960-148th-avenue-n-e-
https://locations.tacobell.com/ga/gainesville/1957-jesse-jewell-pkwy.html,ga,gainesville,1957-jesse-jewell-pkwy
https://locations.tacobell.com/tx/lytle/19563ih-35-s.html,tx,lytle,19563ih-35-s
https://locations.tacobell.com/in/nappanee/1956-east-market-street.html,in,nappanee,1956-east-market-street
https://locations.tacobell.com/tx/dallas/1955-south-buckner-rd.html,tx,dallas,1955-south-buckner-rd
https://locations.tacobell.com/ca/pasadena/1953-e-colorado-blvd.html,ca,pasadena,1953-e-colorado-blvd
https://locations.tacobell.com/wi/richland-center/1950-us-highway-14-east.html,wi,richland-center,1950-us-highway-14-east
https://locations.tacobell.com/il/montgomery/1950-douglas-road.html,il,montgomery,1950-douglas-road
https://locations.tacobell.com/il/saint-charles/1950-bricher-rd.html,il,saint-charles,1950-bricher-rd
https://locations.tacobell.com/ut/orem/195-west-center-street.html,ut,orem,195-west-center-street
https://locations.tacobell.com/il/manteno/195-south-creek-drive.html,il,manteno,195-south-creek-drive
https://locations.tacobell.com/ct/groton/195-route-12.html,ct,groton,195-route-12
https://locations.tacobell.com/ma/fall-river/195-marianno-bishop-blvd.html,ma,fall-river,195-marianno-bishop-blvd
https://locations.tacobell.com/or/portland/1946-ne-122nd-ave.html,or,portland,1946-ne-122nd-ave
https://locations.tacobell.com/ca/escondido/1944-e-valley-pkwy.html,ca,escondido,1944-e-valley-pkwy
https://locations.tacobell.com/fl/lake-wales/1942-east-hwy-60.html,fl,lake-wales,1942-east-hwy-60
https://locations.tacobell.com/mn/saint-paul/1940-suburban-avenue.html,mn,saint-paul,1940-suburban-avenue
https://locations.tacobell.com/ca/oceanside/1940-oceanside-blvd.html,ca,oceanside,1940-oceanside-blvd
https://locations.tacobell.com/ny/east-meadow/1939-hempstead-turnpike.html,ny,east-meadow,1939-hempstead-turnpike
https://locations.tacobell.com/ny/deer-park/1937-deer-park-avenue.html,ny,deer-park,1937-deer-park-avenue
https://locations.tacobell.com/la/lafayette/1935-west-pinhook-road.html,la,lafayette,1935-west-pinhook-road
https://locations.tacobell.com/ky/lexington/1935-plaudit-place.html,ky,lexington,1935-plaudit-place
https://locations.tacobell.com/mo/arnold/1932-richardson-road.html,mo,arnold,1932-richardson-road
https://locations.tacobell.com/or/tualatin/19305-sw-martinazzi-ave-.html,or,tualatin,19305-sw-martinazzi-ave-
https://locations.tacobell.com/ca/chico/1930-east-20th-st.html,ca,chico,1930-east-20th-st
https://locations.tacobell.com/la/covington/19290-19th-avenue.html,la,covington,19290-19th-avenue
https://locations.tacobell.com/la/gonzales/1928-west-highway-30.html,la,gonzales,1928-west-highway-30
https://locations.tacobell.com/ca/thousand-oaks/1928-e-avenida-de-los-arboles.html,ca,thousand-oaks,1928-e-avenida-de-los-arboles
https://locations.tacobell.com/sc/columbia/1928-broad-river-road.html,sc,columbia,1928-broad-river-road
https://locations.tacobell.com/or/aloha/19275-sw-tualatin-valley-hwy.html,or,aloha,19275-sw-tualatin-valley-hwy
https://locations.tacobell.com/nj/hackettstown/1925-state-route-57.html,nj,hackettstown,1925-state-route-57
https://locations.tacobell.com/nc/fayetteville/1925-skibo-rd.html,nc,fayetteville,1925-skibo-rd
https://locations.tacobell.com/ca/ramona/1925-main-street.html,ca,ramona,1925-main-street
https://locations.tacobell.com/tx/austin/1925-airport-blvd.html,tx,austin,1925-airport-blvd
https://locations.tacobell.com/tn/jackson/1921-hwy-45-bypass.html,tn,jackson,1921-hwy-45-bypass
https://locations.tacobell.com/va/woodbridge/1921-daniel-stuart-sq.html,va,woodbridge,1921-daniel-stuart-sq
https://locations.tacobell.com/oh/springfield/1920-north-bechtle-avenue.html,oh,springfield,1920-north-bechtle-avenue
https://locations.tacobell.com/il/pekin/1920-court-street.html,il,pekin,1920-court-street
https://locations.tacobell.com/ny/yonkers/1920-central-park-ave.html,ny,yonkers,1920-central-park-ave
https://locations.tacobell.com/id/twin-falls/1920-blue-lakes-blvd-north.html,id,twin-falls,1920-blue-lakes-blvd-north
https://locations.tacobell.com/ks/wichita/1919-w-21st-st-n.html,ks,wichita,1919-w-21st-st-n
https://locations.tacobell.com/ca/santa-maria/1919-s-broadway.html,ca,santa-maria,1919-s-broadway
https://locations.tacobell.com/ky/henderson/1917-us-hwy-41-n.html,ky,henderson,1917-us-hwy-41-n
https://locations.tacobell.com/ok/guthrie/1916-s--division.html,ok,guthrie,1916-s--division
https://locations.tacobell.com/in/greensburg/1915-n-lincoln-st.html,in,greensburg,1915-n-lincoln-st
https://locations.tacobell.com/ca/compton/1914-w-rosecrans-ave.html,ca,compton,1914-w-rosecrans-ave
https://locations.tacobell.com/mn/elk-river/19131-freeport-avenue.html,mn,elk-river,19131-freeport-avenue
https://locations.tacobell.com/tx/fort-worth/1913-w-berry-st.html,tx,fort-worth,1913-w-berry-st
https://locations.tacobell.com/il/zion/1913-sheridan-rd.html,il,zion,1913-sheridan-rd
https://locations.tacobell.com/ar/wynne/1913-n--falls.html,ar,wynne,1913-n--falls
https://locations.tacobell.com/co/edgewater/1911-sheridan-blvd.html,co,edgewater,1911-sheridan-blvd
https://locations.tacobell.com/la/shreveport/1911-north-market.html,la,shreveport,1911-north-market
https://locations.tacobell.com/ne/grand-island/1911-north-diers-ave.html,ne,grand-island,1911-north-diers-ave
https://locations.tacobell.com/ms/wiggins/1911-azalea-dr-s.html,ms,wiggins,1911-azalea-dr-s
https://locations.tacobell.com/nc/sanford/1910-south-horner-blvd.html,nc,sanford,1910-south-horner-blvd
https://locations.tacobell.com/ca/paso-robles/191-niblick-road.html,ca,paso-robles,191-niblick-road
https://locations.tacobell.com/ca/buellton/191-e-highway-246.html,ca,buellton,191-e-highway-246
https://locations.tacobell.com/nv/spanish-springs/191-disc-dr.html,nv,spanish-springs,191-disc-dr
https://locations.tacobell.com/az/phoenix/1909-west-deer-valley-rd.html,az,phoenix,1909-west-deer-valley-rd
https://locations.tacobell.com/tx/carrollton/1907-e--beltline-rd-.html,tx,carrollton,1907-e--beltline-rd-
https://locations.tacobell.com/in/hartford-city/1906-north-walnut-street.html,in,hartford-city,1906-north-walnut-street
https://locations.tacobell.com/ga/kennesaw/1906-north-cobb-pkwy.html,ga,kennesaw,1906-north-cobb-pkwy
https://locations.tacobell.com/ca/huntington-beach/19051-magnolia-st-.html,ca,huntington-beach,19051-magnolia-st-
https://locations.tacobell.com/mo/jefferson-city/1905-southwest-blvd.html,mo,jefferson-city,1905-southwest-blvd
https://locations.tacobell.com/ok/poteau/1905-north-broadway-street.html,ok,poteau,1905-north-broadway-street
https://locations.tacobell.com/mi/benton-harbor/1905-m-139.html,mi,benton-harbor,1905-m-139
https://locations.tacobell.com/wa/monroe/19025-state-route-2.html,wa,monroe,19025-state-route-2
https://locations.tacobell.com/ca/sonoma/19025-sonoma-hwy-.html,ca,sonoma,19025-sonoma-hwy-
https://locations.tacobell.com/oh/defiance/1902-e--second-st-.html,oh,defiance,1902-e--second-st-
https://locations.tacobell.com/de/rehoboth-beach/19010-coastal-hwy.html,de,rehoboth-beach,19010-coastal-hwy
https://locations.tacobell.com/tx/longview/1901-nw-loop.html,tx,longview,1901-nw-loop
https://locations.tacobell.com/tx/san-angelo/1901-n-bryant.html,tx,san-angelo,1901-n-bryant
https://locations.tacobell.com/fl/englewood/1901-mccall-rd-s.html,fl,englewood,1901-mccall-rd-s
https://locations.tacobell.com/mt/great-falls/1901-10th-ave--south.html,mt,great-falls,1901-10th-ave--south
https://locations.tacobell.com/or/oregon-city/19005-s-bevercreek-rd.html,or,oregon-city,19005-s-bevercreek-rd
https://locations.tacobell.com/ca/huntington-beach/19002-beach-blvd.html,ca,huntington-beach,19002-beach-blvd
https://locations.tacobell.com/ca/alameda/1900-webster.html,ca,alameda,1900-webster
https://locations.tacobell.com/tn/knoxville/1900-w-cumberland.html,tn,knoxville,1900-w-cumberland
https://locations.tacobell.com/mi/holland/190-n--river-ave.html,mi,holland,190-n--river-ave
https://locations.tacobell.com/ct/cromwell/19-shunpike-road.html,ct,cromwell,19-shunpike-road
https://locations.tacobell.com/ny/huntington-station/1898-new-york-avenue.html,ny,huntington-station,1898-new-york-avenue
https://locations.tacobell.com/wi/green-bay/1897-velp-avenue.html,wi,green-bay,1897-velp-avenue
https://locations.tacobell.com/il/washington/1896-washington-rd-.html,il,washington,1896-washington-rd-
https://locations.tacobell.com/tx/el-paso/1895-n-zaragosa.html,tx,el-paso,1895-n-zaragosa
https://locations.tacobell.com/ca/auburn/1895-auburn-ravine-road.html,ca,auburn,1895-auburn-ravine-road
https://locations.tacobell.com/ca/canyon-country/18941-soledad-canyon-rd.html,ca,canyon-country,18941-soledad-canyon-rd
https://locations.tacobell.com/il/hanover-park/1890-army-trail-rd-.html,il,hanover-park,1890-army-trail-rd-
https://locations.tacobell.com/ny/bronx/1889-bruckner-blvd.html,ny,bronx,1889-bruckner-blvd
https://locations.tacobell.com/fl/miami/18885-nw-2nd-ave.html,fl,miami,18885-nw-2nd-ave
https://locations.tacobell.com/mi/muskegon/1887-east-sherman.html,mi,muskegon,1887-east-sherman
https://locations.tacobell.com/nc/asheville/1885-hendersonville-rd.html,nc,asheville,1885-hendersonville-rd
https://locations.tacobell.com/ca/ontario/1885-e-4th-st.html,ca,ontario,1885-e-4th-st
https://locations.tacobell.com/sc/spartanburg/1884-e--main-st-.html,sc,spartanburg,1884-e--main-st-
https://locations.tacobell.com/il/freeport/1882-s-west-avenue.html,il,freeport,1882-s-west-avenue
https://locations.tacobell.com/wa/seatac/18812-international-blvd-.html,wa,seatac,18812-international-blvd-
https://locations.tacobell.com/or/grants-pass/1881-ne-6th-street.html,or,grants-pass,1881-ne-6th-street
https://locations.tacobell.com/ky/corbin/1880-cumberland-falls-highway.html,ky,corbin,1880-cumberland-falls-highway
https://locations.tacobell.com/mi/jenison/188-chicago-drive.html,mi,jenison,188-chicago-drive
https://locations.tacobell.com/fl/rockledge/188-barton-blvd.html,fl,rockledge,188-barton-blvd
https://locations.tacobell.com/ca/lockeford/18780-n-highway-88.html,ca,lockeford,18780-n-highway-88
https://locations.tacobell.com/ar/fayetteville/1878-n-crossover-rd.html,ar,fayetteville,1878-n-crossover-rd
https://locations.tacobell.com/ca/bloomington/18772-valley-blvd.html,ca,bloomington,18772-valley-blvd
https://locations.tacobell.com/ga/morrow/1877-mt-zion-rd.html,ga,morrow,1877-mt-zion-rd
https://locations.tacobell.com/fl/hialeah/18750-nw-67th-ave.html,fl,hialeah,18750-nw-67th-ave
https://locations.tacobell.com/mo/bolivar/1875-s-springfield-ave.html,mo,bolivar,1875-s-springfield-ave
https://locations.tacobell.com/oh/salem/1872-e-state-st.html,oh,salem,1872-e-state-st
https://locations.tacobell.com/mn/coon-rapids/1865-gateway-dr--nw.html,mn,coon-rapids,1865-gateway-dr--nw
https://locations.tacobell.com/co/denver/18641-green-valley-ranch-blvd.html,co,denver,18641-green-valley-ranch-blvd
https://locations.tacobell.com/fl/new-smyrna-beach/1860-state-road-44.html,fl,new-smyrna-beach,1860-state-road-44
https://locations.tacobell.com/az/phoenix/1860-n-75th-ave.html,az,phoenix,1860-n-75th-ave
https://locations.tacobell.com/ma/danvers/186-endicott-street.html,ma,danvers,186-endicott-street
https://locations.tacobell.com/fl/oviedo/1859-w-county-road-419.html,fl,oviedo,1859-w-county-road-419
https://locations.tacobell.com/ga/canton/1859-marietta-highway.html,ga,canton,1859-marietta-highway
https://locations.tacobell.com/ms/madison/1853-main-street.html,ms,madison,1853-main-street
https://locations.tacobell.com/fl/fernandina-beach/1858-south-8th-street.html,fl,fernandina-beach,1858-south-8th-street
https://locations.tacobell.com/nc/forest-city/1856-us-hwy-74a-bypass.html,nc,forest-city,1856-us-hwy-74a-bypass
https://locations.tacobell.com/ga/grayson/1855-grayson-highway.html,ga,grayson,1855-grayson-highway
https://locations.tacobell.com/or/portland/18510-se-stark-st-.html,or,portland,18510-se-stark-st-
https://locations.tacobell.com/az/queen-creek/18510-e-rittenhouse-rd.html,az,queen-creek,18510-e-rittenhouse-rd
https://locations.tacobell.com/ca/glendale/1850-w-glenoaks-blvd.html,ca,glendale,1850-w-glenoaks-blvd
https://locations.tacobell.com/il/wood-river/1850-memorial-lane.html,il,wood-river,1850-memorial-lane
https://locations.tacobell.com/ia/ankeny/1850-ankeny-blvd.html,ia,ankeny,1850-ankeny-blvd
https://locations.tacobell.com/pa/levittown/185-levittown-parkway-.html,pa,levittown,185-levittown-parkway-
https://locations.tacobell.com/nc/midway-park/185-freedom-way.html,nc,midway-park,185-freedom-way
https://locations.tacobell.com/ca/tarzana/18450-ventura-blvd.html,ca,tarzana,18450-ventura-blvd
https://locations.tacobell.com/md/gaithersburg/18415-woodfield-road.html,md,gaithersburg,18415-woodfield-road
https://locations.tacobell.com/wi/beloit/1841-riverside-dr-.html,wi,beloit,1841-riverside-dr-
https://locations.tacobell.com/fl/miami/18407-s-dixie-hwy.html,fl,miami,18407-s-dixie-hwy
https://locations.tacobell.com/nc/wilson/1840-tarboro-st-w.html,nc,wilson,1840-tarboro-st-w
https://locations.tacobell.com/fl/port-saint-lucie/1840-sw-gatlin-blvd.html,fl,port-saint-lucie,1840-sw-gatlin-blvd
https://locations.tacobell.com/tx/new-braunfels/1838-state-hwy-46.html,tx,new-braunfels,1838-state-hwy-46
https://locations.tacobell.com/ne/omaha/18370-wright-st.html,ne,omaha,18370-wright-st
https://locations.tacobell.com/pa/williamsport/1837-east-third-street.html,pa,williamsport,1837-east-third-street
https://locations.tacobell.com/or/albany/1835-pacific-blvd-sw.html,or,albany,1835-pacific-blvd-sw
https://locations.tacobell.com/ca/santa-rosa/1835-mendocino-ave.html,ca,santa-rosa,1835-mendocino-ave
https://locations.tacobell.com/fl/fort-lauderdale/1830-south-federal-highway.html,fl,fort-lauderdale,1830-south-federal-highway
https://locations.tacobell.com/sc/lexington/1804-s-lake-drive.html,sc,lexington,1804-s-lake-drive
https://locations.tacobell.com/ca/seaside/1830-fremont-blvd.html,ca,seaside,1830-fremont-blvd
https://locations.tacobell.com/in/plymouth/1827-michigan-ave.html,in,plymouth,1827-michigan-ave
https://locations.tacobell.com/mi/greenville/1825-w--washington-st-.html,mi,greenville,1825-w--washington-st-
https://locations.tacobell.com/tx/austin/1825-w-parmer-ln.html,tx,austin,1825-w-parmer-ln
https://locations.tacobell.com/wa/richland/1825-george-washington-way.html,wa,richland,1825-george-washington-way
https://locations.tacobell.com/mo/platte-city/1824-prairie-view-road.html,mo,platte-city,1824-prairie-view-road
https://locations.tacobell.com/fl/clearwater/1824-gulf-to-bay-blvd.html,fl,clearwater,1824-gulf-to-bay-blvd
https://locations.tacobell.com/ca/long-beach/1822-santa-fe.html,ca,long-beach,1822-santa-fe
https://locations.tacobell.com/fl/saint-augustine/1820-us-highway-1-s.html,fl,saint-augustine,1820-us-highway-1-s
https://locations.tacobell.com/il/morris/1820-n-division-st.html,il,morris,1820-n-division-st
https://locations.tacobell.com/wa/othello/1820-east-main-st-.html,wa,othello,1820-east-main-st-
https://locations.tacobell.com/nc/marion/182-us-70-w.html,nc,marion,182-us-70-w
https://locations.tacobell.com/wa/tumwater/182-trosper-rd-sw.html,wa,tumwater,182-trosper-rd-sw
https://locations.tacobell.com/mn/mankato/1819-madison-avenue.html,mn,mankato,1819-madison-avenue
https://locations.tacobell.com/ia/waterloo/1819-la-porte.html,ia,waterloo,1819-la-porte
https://locations.tacobell.com/ia/carroll/1819-kitty-hawk-ave.html,ia,carroll,1819-kitty-hawk-ave
https://locations.tacobell.com/nc/hendersonville/1819-four-seasons.html,nc,hendersonville,1819-four-seasons
https://locations.tacobell.com/mi/wyoming/1819-28th-street-sw.html,mi,wyoming,1819-28th-street-sw
https://locations.tacobell.com/az/tucson/1818-e--speedway-blvd-.html,az,tucson,1818-e--speedway-blvd-
https://locations.tacobell.com/la/bastrop/1816-east-madison-street.html,la,bastrop,1816-east-madison-street
https://locations.tacobell.com/nc/new-bern/1815-neuse-blvd.html,nc,new-bern,1815-neuse-blvd
https://locations.tacobell.com/tx/weatherford/1814-south-main-street.html,tx,weatherford,1814-south-main-street
https://locations.tacobell.com/tx/midland/1814-n--midland-drive.html,tx,midland,1814-n--midland-drive
https://locations.tacobell.com/fl/fort-pierce/1812-s-us-hwy-1.html,fl,fort-pierce,1812-s-us-hwy-1
https://locations.tacobell.com/va/williamsburg/1812-richmond-rd.html,va,williamsburg,1812-richmond-rd
https://locations.tacobell.com/wy/riverton/1812-north-federal-blvd.html,wy,riverton,1812-north-federal-blvd
https://locations.tacobell.com/nc/burlington/1812-n--church-st.html,nc,burlington,1812-n--church-st
https://locations.tacobell.com/il/peoria/1811-n-knoxville-ave.html,il,peoria,1811-n-knoxville-ave
https://locations.tacobell.com/ca/mckinleyville/1811-central-ave.html,ca,mckinleyville,1811-central-ave
https://locations.tacobell.com/tx/anthony/1811-antonio-street.html,tx,anthony,1811-antonio-street
https://locations.tacobell.com/mi/midland/1810-s--saginaw-road.html,mi,midland,1810-s--saginaw-road
https://locations.tacobell.com/tx/cedar-park/1810-s-lakeline-blvd.html,tx,cedar-park,1810-s-lakeline-blvd
https://locations.tacobell.com/ok/tulsa/1810-s-garnett-rd.html,ok,tulsa,1810-s-garnett-rd
https://locations.tacobell.com/ca/santa-ana/1810-n-bristol-st-.html,ca,santa-ana,1810-n-bristol-st-
https://locations.tacobell.com/fl/clermont/1810-east-highway-50.html,fl,clermont,1810-east-highway-50
https://locations.tacobell.com/nv/las-vegas/1810-e--serene-avenue.html,nv,las-vegas,1810-e--serene-avenue
https://locations.tacobell.com/ca/riverside/181-e-alessandro-blvd.html,ca,riverside,181-e-alessandro-blvd
https://locations.tacobell.com/tx/del-rio/1809-veterans-blvd.html,tx,del-rio,1809-veterans-blvd
https://locations.tacobell.com/fl/sebastian/1809-u-s--highway-1.html,fl,sebastian,1809-u-s--highway-1
https://locations.tacobell.com/ar/jacksonville/1809-n-1st-st.html,ar,jacksonville,1809-n-1st-st
https://locations.tacobell.com/tx/allen/1809-e--bethany-dr-.html,tx,allen,1809-e--bethany-dr-
https://locations.tacobell.com/in/valparaiso/1808-calumet.html,in,valparaiso,1808-calumet
https://locations.tacobell.com/tx/killeen/1807-s-w-s-young-dr-.html,tx,killeen,1807-s-w-s-young-dr-
https://locations.tacobell.com/ca/santa-maria/1807-n--broadway.html,ca,santa-maria,1807-n--broadway
https://locations.tacobell.com/al/decatur/1807-beltline-rd-sw.html,al,decatur,1807-beltline-rd-sw
https://locations.tacobell.com/nc/kinston/1806-w-vernon-avenue.html,nc,kinston,1806-w-vernon-avenue
https://locations.tacobell.com/ga/thomson/1805-washington-road.html,ga,thomson,1805-washington-road
https://locations.tacobell.com/la/metairie/1805-veterans-memorial-blvd.html,la,metairie,1805-veterans-memorial-blvd
https://locations.tacobell.com/ky/louisville/1805-blankenbaker-parkway.html,ky,louisville,1805-blankenbaker-parkway
https://locations.tacobell.com/tx/edinburg/1804-w-university-dr.html,tx,edinburg,1804-w-university-dr
https://locations.tacobell.com/ca/yreka/1804-fort-jones-rd.html,ca,yreka,1804-fort-jones-rd
https://locations.tacobell.com/md/annapolis/1803-west-st.html,md,annapolis,1803-west-st
https://locations.tacobell.com/ga/rome/1802-turner-mccall-blvd.html,ga,rome,1802-turner-mccall-blvd
https://locations.tacobell.com/la/leesville/1802-south-5th-street.html,la,leesville,1802-south-5th-street
https://locations.tacobell.com/ky/bowling-green/1802-russellville-rd-.html,ky,bowling-green,1802-russellville-rd-
https://locations.tacobell.com/ca/sacramento/1801-watt-ave.html,ca,sacramento,1801-watt-ave
https://locations.tacobell.com/ky/louisville/1801-south-brook-street.html,ky,louisville,1801-south-brook-street
https://locations.tacobell.com/nc/roanoke-rapids/1801-julian-r-allsbrook-hwy.html,nc,roanoke-rapids,1801-julian-r-allsbrook-hwy
https://locations.tacobell.com/az/tempe/1801-east-guadalupe.html,az,tempe,1801-east-guadalupe
https://locations.tacobell.com/az/flagstaff/1801-e-butler-ave.html,az,flagstaff,1801-e-butler-ave
https://locations.tacobell.com/wi/oshkosh/1800-w-jackson-st-.html,wi,oshkosh,1800-w-jackson-st-
https://locations.tacobell.com/tx/denton/1800-university-drive.html,tx,denton,1800-university-drive
https://locations.tacobell.com/tx/sherman/1800-texoma-parkway.html,tx,sherman,1800-texoma-parkway
https://locations.tacobell.com/tx/kaufman/1800-south-washington.html,tx,kaufman,1800-south-washington
https://locations.tacobell.com/ca/modesto/1800-prescott-road.html,ca,modesto,1800-prescott-road
https://locations.tacobell.com/fl/dunedin/1800-main-street.html,fl,dunedin,1800-main-street
https://locations.tacobell.com/ia/sioux-city/1800-hamilton-blvd.html,ia,sioux-city,1800-hamilton-blvd
https://locations.tacobell.com/ca/novato/180-rowland-blvd.html,ca,novato,180-rowland-blvd
https://locations.tacobell.com/or/roseburg/180-ne-garden-valley-blvd.html,or,roseburg,180-ne-garden-valley-blvd
https://locations.tacobell.com/ct/berlin/18-wilbur-cross-hwy.html,ct,berlin,18-wilbur-cross-hwy
https://locations.tacobell.com/ct/enfield/18-hazard-ave.html,ct,enfield,18-hazard-ave
https://locations.tacobell.com/fl/winter-haven/1799-3rd-street-s-w.html,fl,winter-haven,1799-3rd-street-s-w
https://locations.tacobell.com/ut/farr-west/1797-w-2700-n.html,ut,farr-west,1797-w-2700-n
https://locations.tacobell.com/ca/hanford/1796-w-lacey-blvd.html,ca,hanford,1796-w-lacey-blvd
https://locations.tacobell.com/fl/miami-gardens/17950-nw-27th-ave.html,fl,miami-gardens,17950-nw-27th-ave
https://locations.tacobell.com/ct/torrington/1795-east-main-street.html,ct,torrington,1795-east-main-street
https://locations.tacobell.com/va/powhatan/1793a-southcreek-one.html,va,powhatan,1793a-southcreek-one
https://locations.tacobell.com/ca/bellflower/17900-bellflower-blvd.html,ca,bellflower,17900-bellflower-blvd
https://locations.tacobell.com/or/tigard/17873-sw-mcewan-road.html,or,tigard,17873-sw-mcewan-road
https://locations.tacobell.com/id/post-falls/1785-e-seltice-way-.html,id,post-falls,1785-e-seltice-way-
https://locations.tacobell.com/ga/madison/1783-eatonton-rd.html,ga,madison,1783-eatonton-rd
https://locations.tacobell.com/sc/spartanburg/1783-asheville-hwy.html,sc,spartanburg,1783-asheville-hwy
https://locations.tacobell.com/tx/san-antonio/17822-bulverde-road.html,tx,san-antonio,17822-bulverde-road
https://locations.tacobell.com/ok/chickasha/1782-s-4th-st.html,ok,chickasha,1782-s-4th-st
https://locations.tacobell.com/mo/kennett/1782-1st-street.html,mo,kennett,1782-1st-street
https://locations.tacobell.com/wa/renton/17809-108th-ave-s-e.html,wa,renton,17809-108th-ave-s-e
https://locations.tacobell.com/co/golden/17764-s-golden-rd.html,co,golden,17764-s-golden-rd
https://locations.tacobell.com/mn/lakeville/17750-kenwood-trail.html,mn,lakeville,17750-kenwood-trail
https://locations.tacobell.com/co/denver/1775-e--colfax-ave-.html,co,denver,1775-e--colfax-ave-
https://locations.tacobell.com/tx/round-rock/1775-a-w--grimes-boulevard.html,tx,round-rock,1775-a-w--grimes-boulevard
https://locations.tacobell.com/tx/magnolia/17725-fm-1488-road.html,tx,magnolia,17725-fm-1488-road
https://locations.tacobell.com/sc/greenville/1770-woodruff-road.html,sc,greenville,1770-woodruff-road
https://locations.tacobell.com/tx/san-antonio/1770-s-gen-mcmullen-dr.html,tx,san-antonio,1770-s-gen-mcmullen-dr
https://locations.tacobell.com/sc/leesville/175-east-church-street.html,sc,leesville,175-east-church-street
https://locations.tacobell.com/ct/new-milford/177-danbury-rd.html,ct,new-milford,177-danbury-rd
https://locations.tacobell.com/ky/lexington/1768-sharkey-way.html,ky,lexington,1768-sharkey-way
https://locations.tacobell.com/az/goodyear/17676-w-elliot-rd-.html,az,goodyear,17676-w-elliot-rd-
https://locations.tacobell.com/ga/atlanta/1761-howell-mill-rd-nw.html,ga,atlanta,1761-howell-mill-rd-nw
https://locations.tacobell.com/nj/ewing/1760-north-olden-avenue.html,nj,ewing,1760-north-olden-avenue
https://locations.tacobell.com/ar/fayetteville/176-east-joyce-blvd-.html,ar,fayetteville,176-east-joyce-blvd-
https://locations.tacobell.com/ut/salt-lake-city/1758-west-north-temple.html,ut,salt-lake-city,1758-west-north-temple
https://locations.tacobell.com/il/glenview/1757-waukegan.html,il,glenview,1757-waukegan
https://locations.tacobell.com/wa/chehalis/1755-nw-louisiana-ave.html,wa,chehalis,1755-nw-louisiana-ave
https://locations.tacobell.com/ca/prunedale/17533-vierra-canyon-rd.html,ca,prunedale,17533-vierra-canyon-rd
https://locations.tacobell.com/tx/dallas/17530-marsh-lane.html,tx,dallas,17530-marsh-lane
https://locations.tacobell.com/oh/sidney/1752-michigan-st.html,oh,sidney,1752-michigan-st
https://locations.tacobell.com/wa/puyallup/17514-meridian-east.html,wa,puyallup,17514-meridian-east
https://locations.tacobell.com/ak/wasilla/1751-e-parks-highway.html,ak,wasilla,1751-e-parks-highway
https://locations.tacobell.com/ca/tustin/17502-e-17th.html,ca,tustin,17502-e-17th
https://locations.tacobell.com/co/colorado-springs/1750-n-powers-blvd.html,co,colorado-springs,1750-n-powers-blvd
https://locations.tacobell.com/nv/elko/1750-mountain-city-highway.html,nv,elko,1750-mountain-city-highway
https://locations.tacobell.com/ny/ridge/1750-middle-country-rd.html,ny,ridge,1750-middle-country-rd
https://locations.tacobell.com/wi/wisconsin-rapids/1750-8th-street-south.html,wi,wisconsin-rapids,1750-8th-street-south
https://locations.tacobell.com/az/phoenix/1747-w-bethany-home-rd.html,az,phoenix,1747-w-bethany-home-rd
https://locations.tacobell.com/fl/fort-myers/17460-ben-hill-griffin-parkway.html,fl,fort-myers,17460-ben-hill-griffin-parkway
https://locations.tacobell.com/mi/manistee/1745-u-s--31-south.html,mi,manistee,1745-u-s--31-south
https://locations.tacobell.com/ks/arkansas-city/1745-north-summit-street.html,ks,arkansas-city,1745-north-summit-street
https://locations.tacobell.com/mo/excelsior-springs/1744-west-jesse-james-road.html,mo,excelsior-springs,1744-west-jesse-james-road
https://locations.tacobell.com/wa/covington/17425-se-272nd-st-.html,wa,covington,17425-se-272nd-st-
https://locations.tacobell.com/fl/tampa/17402-dona-michelle-dr.html,fl,tampa,17402-dona-michelle-dr
https://locations.tacobell.com/tn/memphis/1740-sycamore-view-road.html,tn,memphis,1740-sycamore-view-road
https://locations.tacobell.com/mi/flint/1740-s-dort-hwy.html,mi,flint,1740-s-dort-hwy
https://locations.tacobell.com/az/goodyear/1740-n--pebble-creek-pa.html,az,goodyear,1740-n--pebble-creek-pa
https://locations.tacobell.com/la/harvey/1740-manhattan-blvd-.html,la,harvey,1740-manhattan-blvd-
https://locations.tacobell.com/al/guntersville/1740-gunter-ave.html,al,guntersville,1740-gunter-ave
https://locations.tacobell.com/ca/lancaster/1740-east-avenue-j.html,ca,lancaster,1740-east-avenue-j
https://locations.tacobell.com/ny/patchogue/174-medford-avenue.html,ny,patchogue,174-medford-avenue
https://locations.tacobell.com/mo/rogersville/174-johnstown-drive.html,mo,rogersville,174-johnstown-drive
https://locations.tacobell.com/tx/schertz/17397-ih-35-north.html,tx,schertz,17397-ih-35-north
https://locations.tacobell.com/wi/beaver-dam/1739-north-spring-street.html,wi,beaver-dam,1739-north-spring-street
https://locations.tacobell.com/ca/national-city/1737-sweetwater-rd.html,ca,national-city,1737-sweetwater-rd
https://locations.tacobell.com/ca/la-puente/1737-north-hacienda-blvd.html,ca,la-puente,1737-north-hacienda-blvd
https://locations.tacobell.com/nc/henderson/1737-dabney-drive.html,nc,henderson,1737-dabney-drive
https://locations.tacobell.com/ok/moore/1735-s-broadway.html,ok,moore,1735-s-broadway
https://locations.tacobell.com/oh/upper-sandusky/1735-e-wyandot-ave.html,oh,upper-sandusky,1735-e-wyandot-ave
https://locations.tacobell.com/ca/los-angeles/1734-w-colorado-blvd.html,ca,los-angeles,1734-w-colorado-blvd
https://locations.tacobell.com/va/salem/1732-w--main-st-.html,va,salem,1732-w--main-st-
https://locations.tacobell.com/ny/bronx/1731-webster-avenue.html,ny,bronx,1731-webster-avenue
https://locations.tacobell.com/ks/hays/1730-vine-street.html,ks,hays,1730-vine-street
https://locations.tacobell.com/wi/wausau/1730-us-highway-51-n.html,wi,wausau,1730-us-highway-51-n
https://locations.tacobell.com/la/prairieville/17297-airline-highway-.html,la,prairieville,17297-airline-highway-
https://locations.tacobell.com/wi/watertown/1729-s-church-st.html,wi,watertown,1729-s-church-st
https://locations.tacobell.com/az/casa-grande/1729-e-florence-blvd.html,az,casa-grande,1729-e-florence-blvd
https://locations.tacobell.com/wy/cheyenne/1729-dell-range-blvd.html,wy,cheyenne,1729-dell-range-blvd
https://locations.tacobell.com/ms/oxford/1726-university-ave.html,ms,oxford,1726-university-ave
https://locations.tacobell.com/ca/victorville/17250-bear-valley-rd.html,ca,victorville,17250-bear-valley-rd
https://locations.tacobell.com/in/muncie/1725-w--mcgalliard-rd-.html,in,muncie,1725-w--mcgalliard-rd-
https://locations.tacobell.com/nm/hobbs/1725-north-turner.html,nm,hobbs,1725-north-turner
https://locations.tacobell.com/ca/oxnard/1725-n-oxnard-blvd.html,ca,oxnard,1725-n-oxnard-blvd
https://locations.tacobell.com/oh/ottawa/1724-e-main-street.html,oh,ottawa,1724-e-main-street
https://locations.tacobell.com/ny/flushing/172-12-northern-blvd-.html,ny,flushing,172-12-northern-blvd-
https://locations.tacobell.com/nc/hampstead/17200-us-highway-17.html,nc,hampstead,17200-us-highway-17
https://locations.tacobell.com/az/tucson/1720-w--speedway-blvd.html,az,tucson,1720-w--speedway-blvd
https://locations.tacobell.com/va/chesapeake/1720-parkview-drive.html,va,chesapeake,1720-parkview-drive
https://locations.tacobell.com/ks/liberal/1720-north-kansas-ave.html,ks,liberal,1720-north-kansas-ave
https://locations.tacobell.com/ma/lowell/1720-middlesex-street.html,ma,lowell,1720-middlesex-street
https://locations.tacobell.com/ga/norcross/1720-indian-trail-rd.html,ga,norcross,1720-indian-trail-rd
https://locations.tacobell.com/va/dumfries/17380-dumfries-ave.html,va,dumfries,17380-dumfries-ave
https://locations.tacobell.com/la/jennings/1719-elton-rd.html,la,jennings,1719-elton-rd
https://locations.tacobell.com/ca/huntington-beach/17182-beach-blvd.html,ca,huntington-beach,17182-beach-blvd
https://locations.tacobell.com/ca/hanford/1718-n-11th-ave.html,ca,hanford,1718-n-11th-ave
https://locations.tacobell.com/ca/hesperia/17170-main-street.html,ca,hesperia,17170-main-street
https://locations.tacobell.com/co/pueblo/1717-south-pueblo-blvd.html,co,pueblo,1717-south-pueblo-blvd
https://locations.tacobell.com/oh/columbus/1717-morse-road.html,oh,columbus,1717-morse-road
https://locations.tacobell.com/ca/auburn/1717-grass-valley-hwy.html,ca,auburn,1717-grass-valley-hwy
https://locations.tacobell.com/fl/pompano-beach/1717-east-sample-road.html,fl,pompano-beach,1717-east-sample-road
https://locations.tacobell.com/ca/palm-springs/1717-e--vista-chino-st-.html,ca,palm-springs,1717-e--vista-chino-st-
https://locations.tacobell.com/oh/springfield/1717-e-main-st.html,oh,springfield,1717-e-main-st
https://locations.tacobell.com/id/lewiston/1717-21st-street.html,id,lewiston,1717-21st-street
https://locations.tacobell.com/ms/greenville/1716-dr-martin-luther-king-jr-blvd.html,ms,greenville,1716-dr-martin-luther-king-jr-blvd
https://locations.tacobell.com/ne/omaha/17130-evans-plz.html,ne,omaha,17130-evans-plz
https://locations.tacobell.com/tx/odessa/1713-n--county-road-w-.html,tx,odessa,1713-n--county-road-w-
https://locations.tacobell.com/fl/panama-city-beach/17120-panama-city-beach-pkwy.html,fl,panama-city-beach,17120-panama-city-beach-pkwy
https://locations.tacobell.com/nc/whiteville/1712-s--jk-powell-blvd-.html,nc,whiteville,1712-s--jk-powell-blvd-
https://locations.tacobell.com/tx/pflugerville/1712-fm-685.html,tx,pflugerville,1712-fm-685
https://locations.tacobell.com/ca/fontana/17111-foothill-blvd.html,ca,fontana,17111-foothill-blvd
https://locations.tacobell.com/az/san-tan-valley/1711-w-hunt-highway.html,az,san-tan-valley,1711-w-hunt-highway
https://locations.tacobell.com/wa/marysville/17105-27th-avenue-ne.html,wa,marysville,17105-27th-avenue-ne
https://locations.tacobell.com/fl/riviera-beach/1710-w--blue-heron-blvd.html,fl,riviera-beach,1710-w--blue-heron-blvd
https://locations.tacobell.com/il/edwardsville/1710-troy-rd.html,il,edwardsville,1710-troy-rd
https://locations.tacobell.com/fl/port-charlotte/1710-tamiami-trail.html,fl,port-charlotte,1710-tamiami-trail
https://locations.tacobell.com/mo/neosho/1710-industrial-drive.html,mo,neosho,1710-industrial-drive
https://locations.tacobell.com/ky/bardstown/171-w--john-rowan-blvd-.html,ky,bardstown,171-w--john-rowan-blvd-
https://locations.tacobell.com/nj/hasbrouck-heights/171-state-rt-17.html,nj,hasbrouck-heights,171-state-rt-17
https://locations.tacobell.com/il/bethalto/171-e--mcarthur-dr-.html,il,bethalto,171-e--mcarthur-dr-
https://locations.tacobell.com/mo/chesterfield/17090-chesterfield-airport-rd-.html,mo,chesterfield,17090-chesterfield-airport-rd-
https://locations.tacobell.com/fl/kissimmee/1709-w--vine-st-.html,fl,kissimmee,1709-w--vine-st-
https://locations.tacobell.com/il/herrin/1709-s-park-ave.html,il,herrin,1709-s-park-ave
https://locations.tacobell.com/in/rushville/1709-n--main-st-.html,in,rushville,1709-n--main-st-
https://locations.tacobell.com/ny/merrick/1709-merrick-rd.html,ny,merrick,1709-merrick-rd
https://locations.tacobell.com/ok/edmond/1709-e--2nd-st-.html,ok,edmond,1709-e--2nd-st-
https://locations.tacobell.com/va/farmville/1708-s--main-street.html,va,farmville,1708-s--main-street
https://locations.tacobell.com/mo/webb-city/1708-s-madison-st.html,mo,webb-city,1708-s-madison-st
https://locations.tacobell.com/il/champaign/1707-s--neil-street.html,il,champaign,1707-s--neil-street
https://locations.tacobell.com/fl/mount-dora/17060-us-hwy-441.html,fl,mount-dora,17060-us-hwy-441
https://locations.tacobell.com/ca/antioch/1706-a-st.html,ca,antioch,1706-a-st
https://locations.tacobell.com/sd/spearfish/1705-north-avenue.html,sd,spearfish,1705-north-avenue
https://locations.tacobell.com/wi/new-richmond/1705-dorset-lane.html,wi,new-richmond,1705-dorset-lane
https://locations.tacobell.com/ar/benton/1704-military-rd.html,ar,benton,1704-military-rd
https://locations.tacobell.com/tx/lakeway/1703-ranch-road-620-s.html,tx,lakeway,1703-ranch-road-620-s
https://locations.tacobell.com/wa/battle-ground/1702-west-main-street.html,wa,battle-ground,1702-west-main-street
https://locations.tacobell.com/il/bloomington/1702-w--market-st.html,il,bloomington,1702-w--market-st
https://locations.tacobell.com/tx/dallas/1702-n--cockrell-hill-rd-.html,tx,dallas,1702-n--cockrell-hill-rd-
https://locations.tacobell.com/tx/austin/1701-w-ben-white-blvd.html,tx,austin,1701-w-ben-white-blvd
https://locations.tacobell.com/oh/wilmington/1701-rombach-ave.html,oh,wilmington,1701-rombach-ave
https://locations.tacobell.com/ok/altus/1701-n--main-st-.html,ok,altus,1701-n--main-st-
https://locations.tacobell.com/tx/san-angelo/1701-knickerbocker-road.html,tx,san-angelo,1701-knickerbocker-road
https://locations.tacobell.com/fl/tampa/1701-east-fowler-avenue.html,fl,tampa,1701-east-fowler-avenue
https://locations.tacobell.com/ca/palo-alto/1701-e-bayshore-rd-.html,ca,palo-alto,1701-e-bayshore-rd-
https://locations.tacobell.com/tx/fort-worth/1701-california-parkway.html,tx,fort-worth,1701-california-parkway
https://locations.tacobell.com/ca/morgan-hill/17000-condit-road.html,ca,morgan-hill,17000-condit-road
https://locations.tacobell.com/ks/salina/1700-w-crawford.html,ks,salina,1700-w-crawford
https://locations.tacobell.com/mo/lees-summit/1700-se-blue-parkway.html,mo,lees-summit,1700-se-blue-parkway
https://locations.tacobell.com/wi/antigo/1700-neva-road.html,wi,antigo,1700-neva-road
https://locations.tacobell.com/pa/lansdale/1700-n--broad-st-.html,pa,lansdale,1700-n--broad-st-
https://locations.tacobell.com/mo/moberly/1700-n-morley.html,mo,moberly,1700-n-morley
https://locations.tacobell.com/ca/morro-bay/1700-main-street.html,ca,morro-bay,1700-main-street
https://locations.tacobell.com/mo/clinton/1700-east-ohio-st.html,mo,clinton,1700-east-ohio-st
https://locations.tacobell.com/ca/rohnert-park/1700-e-cotati-ave.html,ca,rohnert-park,1700-e-cotati-ave
https://locations.tacobell.com/az/globe/1700-e-ash-st.html,az,globe,1700-e-ash-st
https://locations.tacobell.com/ca/pleasant-hill/1700-contra-costa-blvd.html,ca,pleasant-hill,1700-contra-costa-blvd
https://locations.tacobell.com/nv/fernley/170-us-highway-95a-s.html,nv,fernley,170-us-highway-95a-s
https://locations.tacobell.com/ga/macon/170-tom-hill-sr--blvd.html,ga,macon,170-tom-hill-sr--blvd
https://locations.tacobell.com/nj/east-hanover/170-state-route-10.html,nj,east-hanover,170-state-route-10
https://locations.tacobell.com/ga/jasper/170-bill-wigington-pkwy.html,ga,jasper,170-bill-wigington-pkwy
https://locations.tacobell.com/ca/san-jose/170-bernal-rd.html,ca,san-jose,170-bernal-rd
https://locations.tacobell.com/ny/buffalo/170-abbott-road.html,ny,buffalo,170-abbott-road
https://locations.tacobell.com/me/brunswick/17-gurnet-road.html,me,brunswick,17-gurnet-road
https://locations.tacobell.com/fl/sebring/1698-us-27-north.html,fl,sebring,1698-us-27-north
https://locations.tacobell.com/ca/concord/1698-monument-blvd.html,ca,concord,1698-monument-blvd
https://locations.tacobell.com/az/goodyear/16950-yuma-road.html,az,goodyear,16950-yuma-road
https://locations.tacobell.com/co/parker/16950-e--lincoln-avenue.html,co,parker,16950-e--lincoln-avenue
https://locations.tacobell.com/nc/winston-salem/1695-westbrook-plaza-drive.html,nc,winston-salem,1695-westbrook-plaza-drive
https://locations.tacobell.com/ks/wichita/1695-s-webb-rd.html,ks,wichita,1695-s-webb-rd
https://locations.tacobell.com/ca/sunnyvale/1695-hollenbeck-road.html,ca,sunnyvale,1695-hollenbeck-road
https://locations.tacobell.com/co/aurora/16931-e-iliff.html,co,aurora,16931-e-iliff
https://locations.tacobell.com/pa/brodheadsville/1693-rt-209.html,pa,brodheadsville,1693-rt-209
https://locations.tacobell.com/ca/lathrop/16905-s-harlan-rd.html,ca,lathrop,16905-s-harlan-rd
https://locations.tacobell.com/mo/independence/16903-east-24-hwy.html,mo,independence,16903-east-24-hwy
https://locations.tacobell.com/ca/lawndale/16901-hawthorne-blvd.html,ca,lawndale,16901-hawthorne-blvd
https://locations.tacobell.com/ca/morgan-hill/16900-monterey-rd.html,ca,morgan-hill,16900-monterey-rd
https://locations.tacobell.com/ga/carrollton/1690-hwy-27-s-.html,ga,carrollton,1690-hwy-27-s-
https://locations.tacobell.com/pa/pittsburgh/1690-cochran-rd.html,pa,pittsburgh,1690-cochran-rd
https://locations.tacobell.com/fl/orlando/16880-e--colonial-dr-.html,fl,orlando,16880-e--colonial-dr-
https://locations.tacobell.com/ca/fontana/16863-valley-blvd.html,ca,fontana,16863-valley-blvd
https://locations.tacobell.com/ca/reedley/1686-e-manning-ave.html,ca,reedley,1686-e-manning-ave
https://locations.tacobell.com/mn/plymouth/16855-county-road-24.html,mn,plymouth,16855-county-road-24
https://locations.tacobell.com/ut/west-jordan/1685-west-7000-south.html,ut,west-jordan,1685-west-7000-south
https://locations.tacobell.com/ne/omaha/16845-polk-plaza.html,ne,omaha,16845-polk-plaza
https://locations.tacobell.com/ma/everett/1683-revere-beach-pkwy.html,ma,everett,1683-revere-beach-pkwy
https://locations.tacobell.com/la/slidell/1681-gause-blvd.html,la,slidell,1681-gause-blvd
https://locations.tacobell.com/oh/hilliard/1680-hilliard-rome-rd.html,oh,hilliard,1680-hilliard-rome-rd
https://locations.tacobell.com/ca/santa-clara/1680-el-camino-real.html,ca,santa-clara,1680-el-camino-real
https://locations.tacobell.com/va/harrisonburg/1680-e-market-st.html,va,harrisonburg,1680-e-market-st
https://locations.tacobell.com/ny/auburn/168-grant-ave.html,ny,auburn,168-grant-ave
https://locations.tacobell.com/co/aurora/16776-east-smokey-hill-road.html,co,aurora,16776-east-smokey-hill-road
https://locations.tacobell.com/or/hermiston/1677-n-1st-street.html,or,hermiston,1677-n-1st-street
https://locations.tacobell.com/az/yuma/1676-4th-avenue.html,az,yuma,1676-4th-avenue
https://locations.tacobell.com/az/tempe/1674-e--southern-ave-.html,az,tempe,1674-e--southern-ave-
https://locations.tacobell.com/nh/north-conway/1672-white-mountain-hwy.html,nh,north-conway,1672-white-mountain-hwy
https://locations.tacobell.com/mn/saint-paul/1672-rice-st.html,mn,saint-paul,1672-rice-st
https://locations.tacobell.com/va/virginia-beach/1670-general-booth-blvd.html,va,virginia-beach,1670-general-booth-blvd
https://locations.tacobell.com/or/grants-pass/1670-allen-creek-rd.html,or,grants-pass,1670-allen-creek-rd
https://locations.tacobell.com/ct/plainville/167-new-britain-avenue.html,ct,plainville,167-new-britain-avenue
https://locations.tacobell.com/in/noblesville/16676-clover-road.html,in,noblesville,16676-clover-road
https://locations.tacobell.com/ut/clinton/1667-north-2000-west.html,ut,clinton,1667-north-2000-west
https://locations.tacobell.com/az/surprise/16655-w--bell-road.html,az,surprise,16655-w--bell-road
https://locations.tacobell.com/va/winchester/1665-s-pleasant-valley-rd.html,va,winchester,1665-s-pleasant-valley-rd
https://locations.tacobell.com/tn/memphis/1662-poplar-avenue.html,tn,memphis,1662-poplar-avenue
https://locations.tacobell.com/il/lockport/16616-w--159th-street.html,il,lockport,16616-w--159th-street
https://locations.tacobell.com/tn/kingsport/1660-e-stone-dr.html,tn,kingsport,1660-e-stone-dr
https://locations.tacobell.com/fl/lithia/16581-fishhawk-blvd-.html,fl,lithia,16581-fishhawk-blvd-
https://locations.tacobell.com/wy/sheridan/1655-coffeen-ave.html,wy,sheridan,1655-coffeen-ave
https://locations.tacobell.com/ms/grenada/1651-sunset-drive.html,ms,grenada,1651-sunset-drive
https://locations.tacobell.com/fl/north-miami-beach/1650-ne-163rd-st.html,fl,north-miami-beach,1650-ne-163rd-st
https://locations.tacobell.com/ny/new-hyde-park/1650-jericho-turnpike.html,ny,new-hyde-park,1650-jericho-turnpike
https://locations.tacobell.com/co/loveland/1650-foxtrail-dr-.html,co,loveland,1650-foxtrail-dr-
https://locations.tacobell.com/co/lakewood/165-s-sheridan-blvd.html,co,lakewood,165-s-sheridan-blvd
https://locations.tacobell.com/ga/marietta/165-cobb-pkwy-s.html,ga,marietta,165-cobb-pkwy-s
https://locations.tacobell.com/va/altavista/165-clarion-road.html,va,altavista,165-clarion-road
https://locations.tacobell.com/or/la-pine/16490-1st-st.html,or,la-pine,16490-1st-st
https://locations.tacobell.com/ut/west-jordan/1649-w-9000-south.html,ut,west-jordan,1649-w-9000-south
https://locations.tacobell.com/fl/clearwater/1648-s--missouri-avenue.html,fl,clearwater,1648-s--missouri-avenue
https://locations.tacobell.com/il/chicago/1644-w-95th-st.html,il,chicago,1644-w-95th-st
https://locations.tacobell.com/ca/huntington-beach/16431-bolsa-chica-st-.html,ca,huntington-beach,16431-bolsa-chica-st-
https://locations.tacobell.com/oh/lancaster/1643-east-main-street.html,oh,lancaster,1643-east-main-street
https://locations.tacobell.com/ga/austell/1642-mulkey-rd.html,ga,austell,1642-mulkey-rd
https://locations.tacobell.com/ca/torrance/16414-crenshaw-blvd.html,ca,torrance,16414-crenshaw-blvd
https://locations.tacobell.com/fl/port-saint-lucie/1641-n-w--saint-lucie-west-boulevard.html,fl,port-saint-lucie,1641-n-w--saint-lucie-west-boulevard
https://locations.tacobell.com/nc/reidsville/1636-freeway-dr-.html,nc,reidsville,1636-freeway-dr-
https://locations.tacobell.com/wa/tukwila/16350-w-valley-hwy.html,wa,tukwila,16350-w-valley-hwy
https://locations.tacobell.com/fl/fleming-island/1635-cr-220.html,fl,fleming-island,1635-cr-220
https://locations.tacobell.com/ga/griffin/1633-north-expressway.html,ga,griffin,1633-north-expressway
https://locations.tacobell.com/in/crawfordsville/1631-s-us-highway-231.html,in,crawfordsville,1631-s-us-highway-231
https://locations.tacobell.com/or/milwaukie/16300-se-mcloughlin-blvd-.html,or,milwaukie,16300-se-mcloughlin-blvd-
https://locations.tacobell.com/md/bowie/16300-heritage-blvd.html,md,bowie,16300-heritage-blvd
https://locations.tacobell.com/mo/pacific/1630-west-osage-street.html,mo,pacific,1630-west-osage-street
https://locations.tacobell.com/nd/minot/1630-south-broadway.html,nd,minot,1630-south-broadway
https://locations.tacobell.com/mn/saint-paul/1630-robert-st-s.html,mn,saint-paul,1630-robert-st-s
https://locations.tacobell.com/mo/saint-peters/1630-jungermann-rd-.html,mo,saint-peters,1630-jungermann-rd-
https://locations.tacobell.com/la/shreveport/1630-e-bert-kouns-loop.html,la,shreveport,1630-e-bert-kouns-loop
https://locations.tacobell.com/ma/woburn/163-cambridge-rd.html,ma,woburn,163-cambridge-rd
https://locations.tacobell.com/tx/shamrock/1629-n-main-st.html,tx,shamrock,1629-n-main-st
https://locations.tacobell.com/ca/santa-ana/16252-harbor-blvd-.html,ca,santa-ana,16252-harbor-blvd-
https://locations.tacobell.com/al/athens/1625-us-hwy-72-east.html,al,athens,1625-us-hwy-72-east
https://locations.tacobell.com/ny/elmont/1625-hempstead-turnpike.html,ny,elmont,1625-hempstead-turnpike
https://locations.tacobell.com/or/sherwood/16240-s-w--langer-drive.html,or,sherwood,16240-s-w--langer-drive
https://locations.tacobell.com/ca/santa-monica/1624-santa-monica-blvd-.html,ca,santa-monica,1624-santa-monica-blvd-
https://locations.tacobell.com/ar/heber-springs/1623-highway-25b.html,ar,heber-springs,1623-highway-25b
https://locations.tacobell.com/nm/hobbs/1622-w--joe-harvey-blvd.html,nm,hobbs,1622-w--joe-harvey-blvd
https://locations.tacobell.com/ok/grove/1621-south-main-street.html,ok,grove,1621-south-main-street
https://locations.tacobell.com/mo/pevely/1621-highway-z.html,mo,pevely,1621-highway-z
https://locations.tacobell.com/in/shelbyville/1621-e-state-road-44.html,in,shelbyville,1621-e-state-road-44
https://locations.tacobell.com/ia/pella/1620-washington-st.html,ia,pella,1620-washington-st
https://locations.tacobell.com/az/tucson/1620-w-valencia-rd.html,az,tucson,1620-w-valencia-rd
https://locations.tacobell.com/tn/jackson/1619-s-highland-ave.html,tn,jackson,1619-s-highland-ave
https://locations.tacobell.com/wi/janesville/1619-milton-ave.html,wi,janesville,1619-milton-ave
https://locations.tacobell.com/ks/coffeyville/1616-west-11th-street.html,ks,coffeyville,1616-west-11th-street
https://locations.tacobell.com/fl/cape-coral/1616-del-prado-blvd-s.html,fl,cape-coral,1616-del-prado-blvd-s
https://locations.tacobell.com/il/cahokia/1616-camp-jackson-road.html,il,cahokia,1616-camp-jackson-road
https://locations.tacobell.com/ga/cumming/1615-buford-highway.html,ga,cumming,1615-buford-highway
https://locations.tacobell.com/ks/lenexa/16130-w-87th-street.html,ks,lenexa,16130-w-87th-street
https://locations.tacobell.com/sc/florence/1612-s-irby-street.html,sc,florence,1612-s-irby-street
https://locations.tacobell.com/nm/moriarty/1611-west-old-route-66.html,nm,moriarty,1611-west-old-route-66
https://locations.tacobell.com/sd/sioux-falls/1611-west-41st-street.html,sd,sioux-falls,1611-west-41st-street
https://locations.tacobell.com/ga/tifton/1611-us-hwy-82-w.html,ga,tifton,1611-us-hwy-82-w
https://locations.tacobell.com/ar/pocahontas/1611-hwy-67-south.html,ar,pocahontas,1611-hwy-67-south
https://locations.tacobell.com/oh/aberdeen/1610-u-s--52-west.html,oh,aberdeen,1610-u-s--52-west
https://locations.tacobell.com/sc/seneca/1610-sandifer-blvd.html,sc,seneca,1610-sandifer-blvd
https://locations.tacobell.com/ga/stockbridge/1610-hudson-bridge-road.html,ga,stockbridge,1610-hudson-bridge-road
https://locations.tacobell.com/nc/zebulon/161-wakelon-drive.html,nc,zebulon,161-wakelon-drive
https://locations.tacobell.com/tx/austin/161-w-slaughter-ln.html,tx,austin,161-w-slaughter-ln
https://locations.tacobell.com/ga/cordele/1609-16th-ave-e.html,ga,cordele,1609-16th-ave-e
https://locations.tacobell.com/sc/gaffney/1608-w-floyd-baker-blvd.html,sc,gaffney,1608-w-floyd-baker-blvd
https://locations.tacobell.com/il/greenville/1607-south-route-127.html,il,greenville,1607-south-route-127
https://locations.tacobell.com/co/aurora/1607-s-havana-st.html,co,aurora,1607-s-havana-st
https://locations.tacobell.com/oh/cincinnati/1607-e--kemper-road.html,oh,cincinnati,1607-e--kemper-road
https://locations.tacobell.com/in/elkhart/1606-s-nappanee-st.html,in,elkhart,1606-s-nappanee-st
https://locations.tacobell.com/az/holbrook/1606-navajo-blvd.html,az,holbrook,1606-navajo-blvd
https://locations.tacobell.com/tx/richardson/1606-e-belt-line-rd-.html,tx,richardson,1606-e-belt-line-rd-
https://locations.tacobell.com/or/happy-valley/16050-se-sunnyside-rd.html,or,happy-valley,16050-se-sunnyside-rd
https://locations.tacobell.com/tx/pflugerville/1605-west-pecan-street.html,tx,pflugerville,1605-west-pecan-street
https://locations.tacobell.com/fl/tampa/1605-w--kennedy-boulevard.html,fl,tampa,1605-w--kennedy-boulevard
https://locations.tacobell.com/tx/nacogdoches/1605-north-st-.html,tx,nacogdoches,1605-north-st-
https://locations.tacobell.com/az/winslow/1605-no-park-drive.html,az,winslow,1605-no-park-drive
https://locations.tacobell.com/ny/rochester/1605-e--ridge-road.html,ny,rochester,1605-e--ridge-road
https://locations.tacobell.com/ca/fontana/16045-sierra-lakes-pkwy.html,ca,fontana,16045-sierra-lakes-pkwy
https://locations.tacobell.com/or/clackamas/16040-se-82nd-dr.html,or,clackamas,16040-se-82nd-dr
https://locations.tacobell.com/ca/los-angeles/1604-s--la-brea-ave-.html,ca,los-angeles,1604-s--la-brea-ave-
https://locations.tacobell.com/ky/elizabethtown/1604-north-dixie-hwy.html,ky,elizabethtown,1604-north-dixie-hwy
https://locations.tacobell.com/sc/greenwood/1604-hwy-72-bypass.html,sc,greenwood,1604-hwy-72-bypass
https://locations.tacobell.com/ga/macon/1604-bass-road.html,ga,macon,1604-bass-road
https://locations.tacobell.com/ca/beaumont/1604-2nd-st.html,ca,beaumont,1604-2nd-st
https://locations.tacobell.com/tn/harriman/1603-s-roane-st.html,tn,harriman,1603-s-roane-st
https://locations.tacobell.com/pa/pittsburgh/1603-s-braddock-ave.html,pa,pittsburgh,1603-s-braddock-ave
https://locations.tacobell.com/va/hampton/1603-e--pembroke-ave-.html,va,hampton,1603-e--pembroke-ave-
https://locations.tacobell.com/fl/tampa/16020-mapledale-blvd.html,fl,tampa,16020-mapledale-blvd
https://locations.tacobell.com/wa/yakima/1602-w-nob-hill-blvd.html,wa,yakima,1602-w-nob-hill-blvd
https://locations.tacobell.com/ny/massena/1602-state-highway-37.html,ny,massena,1602-state-highway-37
https://locations.tacobell.com/ks/iola/1602-north-state-street.html,ks,iola,1602-north-state-street
https://locations.tacobell.com/tx/victoria/1602-n-navarro-st.html,tx,victoria,1602-n-navarro-st
https://locations.tacobell.com/wi/fort-atkinson/1601-madison-avenue.html,wi,fort-atkinson,1601-madison-avenue
https://locations.tacobell.com/ar/malvern/1601-hwy-270.html,ar,malvern,1601-hwy-270
https://locations.tacobell.com/tx/rockport/1601-highway-35-n.html,tx,rockport,1601-highway-35-n
https://locations.tacobell.com/tx/wylie/1601-fm-544.html,tx,wylie,1601-fm-544
https://locations.tacobell.com/ok/sallisaw/1601-e--cherokee-street.html,ok,sallisaw,1601-e--cherokee-street
https://locations.tacobell.com/ca/los-angeles/1601-crenshaw-blvd-.html,ca,los-angeles,1601-crenshaw-blvd-
https://locations.tacobell.com/la/metairie/1601-airline-dr.html,la,metairie,1601-airline-dr
https://locations.tacobell.com/mt/great-falls/1601-3rd-street-nw.html,mt,great-falls,1601-3rd-street-nw
https://locations.tacobell.com/pa/baden/1600-west-state-street.html,pa,baden,1600-west-state-street
https://locations.tacobell.com/md/hagerstown/1600-wesel-blvd.html,md,hagerstown,1600-wesel-blvd
https://locations.tacobell.com/ca/anaheim/1600-w--katella-ave-.html,ca,anaheim,1600-w--katella-ave-
https://locations.tacobell.com/il/pontiac/1600-w-reynolds-st.html,il,pontiac,1600-w-reynolds-st
https://locations.tacobell.com/la/springhill/1600-s-arkansas-street.html,la,springhill,1600-s-arkansas-street
https://locations.tacobell.com/nv/boulder-city/1600-nevada-hwy.html,nv,boulder-city,1600-nevada-hwy
https://locations.tacobell.com/nm/espanola/1600-n--riverside-dr-.html,nm,espanola,1600-n--riverside-dr-
https://locations.tacobell.com/nj/garwood/160-south-avenue.html,nj,garwood,160-south-avenue
https://locations.tacobell.com/ny/central-islip/16-w-suffolk-ave.html,ny,central-islip,16-w-suffolk-ave
https://locations.tacobell.com/ky/whitesburg/16-maple-street.html,ky,whitesburg,16-maple-street
https://locations.tacobell.com/nd/fargo/1599-19th-avenue-north.html,nd,fargo,1599-19th-avenue-north
https://locations.tacobell.com/ca/salinas/1597-n-sanborn-rd.html,ca,salinas,1597-n-sanborn-rd
https://locations.tacobell.com/mi/marshall/15955-w-michigan-ave.html,mi,marshall,15955-w-michigan-ave
https://locations.tacobell.com/oh/calcutta/15924-state-rt-170.html,oh,calcutta,15924-state-rt-170
https://locations.tacobell.com/mo/saint-peters/159-mid-rivers-mall-rd.html,mo,saint-peters,159-mid-rivers-mall-rd
https://locations.tacobell.com/ms/magee/1558-hwy-49.html,ms,magee,1558-hwy-49
https://locations.tacobell.com/fl/pembroke-pines/15821-pines-blvd-.html,fl,pembroke-pines,15821-pines-blvd-
https://locations.tacobell.com/ky/frankfort/1582-versailles-road.html,ky,frankfort,1582-versailles-road
https://locations.tacobell.com/in/evansville/1580-vann-avenue.html,in,evansville,1580-vann-avenue
https://locations.tacobell.com/il/belvidere/1580-n-state-st.html,il,belvidere,1580-n-state-st
https://locations.tacobell.com/in/franklin/1579-morton-st.html,in,franklin,1579-morton-st
https://locations.tacobell.com/az/scottsdale/15776-n-frank-lloyd-wright-blvd.html,az,scottsdale,15776-n-frank-lloyd-wright-blvd
https://locations.tacobell.com/mi/allegan/1575-lincoln-rd.html,mi,allegan,1575-lincoln-rd
https://locations.tacobell.com/fl/miami/15715-sw-72-street.html,fl,miami,15715-sw-72-street
https://locations.tacobell.com/ca/los-banos/1571-west-pacheco-blvd.html,ca,los-banos,1571-west-pacheco-blvd
https://locations.tacobell.com/md/bowie/15701-annapolis-rd.html,md,bowie,15701-annapolis-rd
https://locations.tacobell.com/ia/west-des-moines/1570-22nd-street.html,ia,west-des-moines,1570-22nd-street
https://locations.tacobell.com/il/lemont/15663-127th-street.html,il,lemont,15663-127th-street
https://locations.tacobell.com/ca/van-nuys/15651-sherman-way.html,ca,van-nuys,15651-sherman-way
https://locations.tacobell.com/sc/aiken/1565-richland-ave.html,sc,aiken,1565-richland-ave
https://locations.tacobell.com/wa/vancouver/15640-ne-fourth-plain-rd.html,wa,vancouver,15640-ne-fourth-plain-rd
https://locations.tacobell.com/mi/detroit/15624-west-mc-nichols.html,mi,detroit,15624-west-mc-nichols
https://locations.tacobell.com/az/bullhead-city/1562-marina-blvd.html,az,bullhead-city,1562-marina-blvd
https://locations.tacobell.com/wa/tacoma/15611-pacific-ave.html,wa,tacoma,15611-pacific-ave
https://locations.tacobell.com/ca/el-cajon/1561-n--magnolia-ave-.html,ca,el-cajon,1561-n--magnolia-ave-
https://locations.tacobell.com/ca/pinole/1561-fitzgerald-dr.html,ca,pinole,1561-fitzgerald-dr
https://locations.tacobell.com/az/phoenix/15604-s-40th-st.html,az,phoenix,15604-s-40th-st
https://locations.tacobell.com/pa/grove-city/1560-w--main-street.html,pa,grove-city,1560-w--main-street
https://locations.tacobell.com/ma/west-roxbury/1560-vfw-parkway.html,ma,west-roxbury,1560-vfw-parkway
https://locations.tacobell.com/ks/topeka/1560-s-w--wanamaker-rd.html,ks,topeka,1560-s-w--wanamaker-rd
https://locations.tacobell.com/nj/parsippany/1560-route-46.html,nj,parsippany,1560-route-46
https://locations.tacobell.com/al/southside/1560-highway-77.html,al,southside,1560-highway-77
https://locations.tacobell.com/nd/dickinson/1560-3rd-avenue-west.html,nd,dickinson,1560-3rd-avenue-west
https://locations.tacobell.com/ma/pembroke/156-church-st.html,ma,pembroke,156-church-st
https://locations.tacobell.com/nm/las-cruces/1558-el-paseo-rd-.html,nm,las-cruces,1558-el-paseo-rd-
https://locations.tacobell.com/oh/columbus/1557-w-broad-st.html,oh,columbus,1557-w-broad-st
https://locations.tacobell.com/mi/essexville/1555-w-center-ave.html,mi,essexville,1555-w-center-ave
https://locations.tacobell.com/id/rathdrum/15545-n-vernon-st.html,id,rathdrum,15545-n-vernon-st
https://locations.tacobell.com/ms/yazoo-city/1554-jerry-clower-blvd.html,ms,yazoo-city,1554-jerry-clower-blvd
https://locations.tacobell.com/va/newport-news/15531-warwick-blvd.html,va,newport-news,15531-warwick-blvd
https://locations.tacobell.com/in/greenfield/1552-north-state-st.html,in,greenfield,1552-north-state-st
https://locations.tacobell.com/ca/san-leandro/15501-hesperian-blvd.html,ca,san-leandro,15501-hesperian-blvd
https://locations.tacobell.com/wi/plover/1550-plover-road.html,wi,plover,1550-plover-road
https://locations.tacobell.com/az/gilbert/1550-e-warner-rd-.html,az,gilbert,1550-e-warner-rd-
https://locations.tacobell.com/ga/bremen/155-u-s--highway-27-bypass.html,ga,bremen,155-u-s--highway-27-bypass
https://locations.tacobell.com/ca/napa/155-soscol-ave.html,ca,napa,155-soscol-ave
https://locations.tacobell.com/la/slidell/155-northshore-blvd.html,la,slidell,155-northshore-blvd
https://locations.tacobell.com/oh/pataskala/155-e--broad-street.html,oh,pataskala,155-e--broad-street
https://locations.tacobell.com/ca/lompoc/1548-north-h-street.html,ca,lompoc,1548-north-h-street
https://locations.tacobell.com/ca/chula-vista/1548-east-h-street.html,ca,chula-vista,1548-east-h-street
https://locations.tacobell.com/tx/austin/1548-e--parmer-lane.html,tx,austin,1548-e--parmer-lane
https://locations.tacobell.com/co/commerce-city/15450-e-104th-ave.html,co,commerce-city,15450-e-104th-ave
https://locations.tacobell.com/tx/leander/1545-us-hwy-183.html,tx,leander,1545-us-hwy-183
https://locations.tacobell.com/nc/creedmoor/1544-highway-56.html,nc,creedmoor,1544-highway-56
https://locations.tacobell.com/ca/hercules/1541-sycamore-avenue.html,ca,hercules,1541-sycamore-avenue
https://locations.tacobell.com/mn/minneapolis/1540-stinson-blvd-ne.html,mn,minneapolis,1540-stinson-blvd-ne
https://locations.tacobell.com/ne/fremont/1540-e-23rd-st-.html,ne,fremont,1540-e-23rd-st-
https://locations.tacobell.com/wv/fayetteville/154-whitewater-avenue.html,wv,fayetteville,154-whitewater-avenue
https://locations.tacobell.com/ga/conyers/1537-highway-138-se.html,ga,conyers,1537-highway-138-se
https://locations.tacobell.com/oh/columbus/1536-georgesville-road.html,oh,columbus,1536-georgesville-road
https://locations.tacobell.com/ca/victorville/15357-palmdale-rd.html,ca,victorville,15357-palmdale-rd
https://locations.tacobell.com/fl/alachua/15350-nw-144th-way.html,fl,alachua,15350-nw-144th-way
https://locations.tacobell.com/wi/whitewater/1535-w--main-street.html,wi,whitewater,1535-w--main-street
https://locations.tacobell.com/mi/flushing/1535-e-pierson-rd-.html,mi,flushing,1535-e-pierson-rd-
https://locations.tacobell.com/ok/tulsa/1535-e-71st-st.html,ok,tulsa,1535-e-71st-st
https://locations.tacobell.com/ok/tulsa/1533-n--peoria.html,ok,tulsa,1533-n--peoria
https://locations.tacobell.com/sc/duncan/1532-e-main-st.html,sc,duncan,1532-e-main-st
https://locations.tacobell.com/il/arlington-heights/1530-w-algonquin-rd.html,il,arlington-heights,1530-w-algonquin-rd
https://locations.tacobell.com/or/warrenton/1530-se-discovery-lane.html,or,warrenton,1530-se-discovery-lane
https://locations.tacobell.com/co/fort-collins/1530-s-college-ave.html,co,fort-collins,1530-s-college-ave
https://locations.tacobell.com/il/watseka/1530-e-walnut-st.html,il,watseka,1530-e-walnut-st
https://locations.tacobell.com/in/greenwood/153-north-state-road-135.html,in,greenwood,153-north-state-road-135
https://locations.tacobell.com/va/chilhowie/153-highway-107.html,va,chilhowie,153-highway-107
https://locations.tacobell.com/fl/miami/15295-s-dixie-hwy.html,fl,miami,15295-s-dixie-hwy
https://locations.tacobell.com/la/baton-rouge/15295-george-oneal-ln-.html,la,baton-rouge,15295-george-oneal-ln-
https://locations.tacobell.com/tx/carthage/1529-w-panola.html,tx,carthage,1529-w-panola
https://locations.tacobell.com/wi/green-bay/1529-w-mason-st.html,wi,green-bay,1529-w-mason-st
https://locations.tacobell.com/az/avondale/1529-n-dysart-rd.html,az,avondale,1529-n-dysart-rd
https://locations.tacobell.com/co/fort-collins/1527-w--elizabeth-st-.html,co,fort-collins,1527-w--elizabeth-st-
https://locations.tacobell.com/il/normal/1527-e-college-ave.html,il,normal,1527-e-college-ave
https://locations.tacobell.com/ky/paducah/1525-lone-oak-road.html,ky,paducah,1525-lone-oak-road
https://locations.tacobell.com/oh/toledo/1525-e--alexis-rd-.html,oh,toledo,1525-e--alexis-rd-
https://locations.tacobell.com/il/loves-park/1525-e-riverside-blvd.html,il,loves-park,1525-e-riverside-blvd
https://locations.tacobell.com/az/phoenix/15240-n--32nd-street.html,az,phoenix,15240-n--32nd-street
https://locations.tacobell.com/fl/quincy/1524-w--jefferson-street.html,fl,quincy,1524-w--jefferson-street
https://locations.tacobell.com/ct/manchester/1524-pleasant-valley-rd-.html,ct,manchester,1524-pleasant-valley-rd-
https://locations.tacobell.com/id/meridian/1523-s-eagle-rd.html,id,meridian,1523-s-eagle-rd
https://locations.tacobell.com/mo/ballwin/15225-manchester-rd.html,mo,ballwin,15225-manchester-rd
https://locations.tacobell.com/wa/lakewood/15223-union-ave-sw.html,wa,lakewood,15223-union-ave-sw
https://locations.tacobell.com/ar/magnolia/1521-e--main.html,ar,magnolia,1521-e--main
https://locations.tacobell.com/tx/dallas/15208-montfort-dr.html,tx,dallas,15208-montfort-dr
https://locations.tacobell.com/fl/miami/15201-sw-104th-street.html,fl,miami,15201-sw-104th-street
https://locations.tacobell.com/mi/iron-mountain/1520-s-stephenson-ave.html,mi,iron-mountain,1520-s-stephenson-ave
https://locations.tacobell.com/ca/tulare/1520-north-hillman-street.html,ca,tulare,1520-north-hillman-street
https://locations.tacobell.com/wa/colville/1520-n--highway-395.html,wa,colville,1520-n--highway-395
https://locations.tacobell.com/ga/forsyth/152-north-lee-street.html,ga,forsyth,152-north-lee-street
https://locations.tacobell.com/in/elwood/1518-s--state-rd--37.html,in,elwood,1518-s--state-rd--37
https://locations.tacobell.com/ca/san-gabriel/1518-s-san-gabriel.html,ca,san-gabriel,1518-s-san-gabriel
https://locations.tacobell.com/tx/harlingen/1518-ed-carey-road.html,tx,harlingen,1518-ed-carey-road
https://locations.tacobell.com/co/aurora/15160-e-mississippi.html,co,aurora,15160-e-mississippi
https://locations.tacobell.com/wi/hartford/1516-e-sumner-st.html,wi,hartford,1516-e-sumner-st
https://locations.tacobell.com/ca/santa-maria/1515-s-bradley-rd.html,ca,santa-maria,1515-s-bradley-rd
https://locations.tacobell.com/tx/waco/1515-n--valley-mills-drive.html,tx,waco,1515-n--valley-mills-drive
https://locations.tacobell.com/in/washington/1515-e-national-hwy.html,in,washington,1515-e-national-hwy
https://locations.tacobell.com/nj/blackwood/1515-blackwood-clementon-rd.html,nj,blackwood,1515-blackwood-clementon-rd
https://locations.tacobell.com/ca/fontana/15140-summit-ave-.html,ca,fontana,15140-summit-ave-
https://locations.tacobell.com/ca/clearlake/15115-lakeshore-blvd.html,ca,clearlake,15115-lakeshore-blvd
https://locations.tacobell.com/mn/minnetonka/15110-highway-7.html,mn,minnetonka,15110-highway-7
https://locations.tacobell.com/ks/olathe/15109-w--151st-st-.html,ks,olathe,15109-w--151st-st-
https://locations.tacobell.com/ok/atoka/1510-s-mississippi-st.html,ok,atoka,1510-s-mississippi-st
https://locations.tacobell.com/la/monroe/1510-martin-luther-king-dr-.html,la,monroe,1510-martin-luther-king-dr-
https://locations.tacobell.com/tx/marble-falls/1510-highway-1431.html,tx,marble-falls,1510-highway-1431
https://locations.tacobell.com/wv/elkins/1509-harrison-ave.html,wv,elkins,1509-harrison-ave
https://locations.tacobell.com/in/seymour/1509-e-tipton-street.html,in,seymour,1509-e-tipton-street
https://locations.tacobell.com/tx/temple/1508-w-adams-ave.html,tx,temple,1508-w-adams-ave
https://locations.tacobell.com/co/colorado-springs/1507-s-nevada-ave.html,co,colorado-springs,1507-s-nevada-ave
https://locations.tacobell.com/fl/tallahassee/1506-w-tennessee-st.html,fl,tallahassee,1506-w-tennessee-st
https://locations.tacobell.com/ne/bellevue/1506-galvin-rd-s.html,ne,bellevue,1506-galvin-rd-s
https://locations.tacobell.com/wa/burien/15059-1st-ave-s.html,wa,burien,15059-1st-ave-s
https://locations.tacobell.com/co/lakewood/1505-s-kipling-pkwy.html,co,lakewood,1505-s-kipling-pkwy
https://locations.tacobell.com/ga/albany/1505-n--slappey-blvd.html,ga,albany,1505-n--slappey-blvd
https://locations.tacobell.com/az/coolidge/1505-n--arizona-boulevard.html,az,coolidge,1505-n--arizona-boulevard
https://locations.tacobell.com/or/springfield/1505-mohawk-blvd.html,or,springfield,1505-mohawk-blvd
https://locations.tacobell.com/ca/camarillo/1505-flynn-rd.html,ca,camarillo,1505-flynn-rd
https://locations.tacobell.com/ga/thomasville/15049-us-highway-19-s.html,ga,thomasville,15049-us-highway-19-s
https://locations.tacobell.com/tx/san-angelo/1504-pulliam.html,tx,san-angelo,1504-pulliam
https://locations.tacobell.com/wa/tukwila/15036-tukwila-international-blvd-.html,wa,tukwila,15036-tukwila-international-blvd-
https://locations.tacobell.com/ny/manhattan/1503-lexington-ave.html,ny,manhattan,1503-lexington-ave
https://locations.tacobell.com/ca/gridley/1503-highway-99.html,ca,gridley,1503-highway-99
https://locations.tacobell.com/ca/encinitas/1502-encinitas-blvd.html,ca,encinitas,1502-encinitas-blvd
https://locations.tacobell.com/ca/san-leandro/15016-e-14th-street.html,ca,san-leandro,15016-e-14th-street
https://locations.tacobell.com/or/the-dalles/1501-w-6th-st.html,or,the-dalles,1501-w-6th-st
https://locations.tacobell.com/or/north-bend/1501-virginia-avenue.html,or,north-bend,1501-virginia-avenue
https://locations.tacobell.com/fl/deland/1501-north-woodland-blvd.html,fl,deland,1501-north-woodland-blvd
https://locations.tacobell.com/in/portland/1501-north-meridian-street.html,in,portland,1501-north-meridian-street
https://locations.tacobell.com/tn/crossville/1501-north-main-st-.html,tn,crossville,1501-north-main-st-
https://locations.tacobell.com/tx/corpus-christi/1501-nile-drive.html,tx,corpus-christi,1501-nile-drive
https://locations.tacobell.com/ar/hope/1501-n-hervey-st.html,ar,hope,1501-n-hervey-st
https://locations.tacobell.com/wi/de-pere/1501-main-avenue.html,wi,de-pere,1501-main-avenue
https://locations.tacobell.com/de/bear/1501-governors-place.html,de,bear,1501-governors-place
https://locations.tacobell.com/va/portsmouth/1501-frederick-boulevard.html,va,portsmouth,1501-frederick-boulevard
https://locations.tacobell.com/az/phoenix/1501-e-bethany-home-rd.html,az,phoenix,1501-e-bethany-home-rd
https://locations.tacobell.com/ca/la-mirada/15006-la-mirada-blvd-.html,ca,la-mirada,15006-la-mirada-blvd-
https://locations.tacobell.com/nc/ahoskie/1500-10-e--memorial-drive.html,nc,ahoskie,1500-10-e--memorial-drive
https://locations.tacobell.com/ca/grover-beach/1500-w-grand-ave.html,ca,grover-beach,1500-w-grand-ave
https://locations.tacobell.com/ca/willits/1500-s-main-st.html,ca,willits,1500-s-main-st
https://locations.tacobell.com/in/evansville/1500-n-willow-rd.html,in,evansville,1500-n-willow-rd
https://locations.tacobell.com/ut/logan/1500-n-main-st.html,ut,logan,1500-n-main-st
https://locations.tacobell.com/fl/orlando/1500-mccoy-rd-.html,fl,orlando,1500-mccoy-rd-
https://locations.tacobell.com/tx/el-paso/1500-lee-trevino-drive-north.html,tx,el-paso,1500-lee-trevino-drive-north
https://locations.tacobell.com/ri/woonsocket/1500-diamond-hill-rd.html,ri,woonsocket,1500-diamond-hill-rd
https://locations.tacobell.com/tx/plano/150-w--parker-rd-.html,tx,plano,150-w--parker-rd-
https://locations.tacobell.com/wi/milwaukee/150-w-holt-ave.html,wi,milwaukee,150-w-holt-ave
https://locations.tacobell.com/mn/buffalo/150-orr-ave.html,mn,buffalo,150-orr-ave
https://locations.tacobell.com/nc/lexington/150-enterprise-road.html,nc,lexington,150-enterprise-road
https://locations.tacobell.com/il/wheeling/150-e--dundee-road.html,il,wheeling,150-e--dundee-road
https://locations.tacobell.com/va/wytheville/150-commonwealth-drive.html,va,wytheville,150-commonwealth-drive
https://locations.tacobell.com/nj/north-arlington/15-schuyler-ave.html,nj,north-arlington,15-schuyler-ave
https://locations.tacobell.com/il/belleville/15-s-59th-st.html,il,belleville,15-s-59th-st
https://locations.tacobell.com/ms/petal/15-brinker-dr-.html,ms,petal,15-brinker-dr-
https://locations.tacobell.com/ca/la-mirada/14950-leffingwell-rd.html,ca,la-mirada,14950-leffingwell-rd
https://locations.tacobell.com/fl/saint-petersburg/1495-4th-street-south.html,fl,saint-petersburg,1495-4th-street-south
https://locations.tacobell.com/tx/seguin/1494-east-court.html,tx,seguin,1494-east-court
https://locations.tacobell.com/ca/modesto/1493-herndon-rd.html,ca,modesto,1493-herndon-rd
https://locations.tacobell.com/fl/north-port/14912-tamiami-trail.html,fl,north-port,14912-tamiami-trail
https://locations.tacobell.com/nv/henderson/1491-w-horizon-ridge-pkwy.html,nv,henderson,1491-w-horizon-ridge-pkwy
https://locations.tacobell.com/mo/florissant/1491-dunn-road.html,mo,florissant,1491-dunn-road
https://locations.tacobell.com/ky/mount-washington/149-oakbrooke-drive.html,ky,mount-washington,149-oakbrooke-drive
https://locations.tacobell.com/ma/framingham/149-cochituate-rd.html,ma,framingham,149-cochituate-rd
https://locations.tacobell.com/ks/olathe/14880-south-harrison.html,ks,olathe,14880-south-harrison
https://locations.tacobell.com/va/forest/14867-forest-road.html,va,forest,14867-forest-road
https://locations.tacobell.com/ca/montebello/1485-n-montebello-blvd.html,ca,montebello,1485-n-montebello-blvd
https://locations.tacobell.com/mn/saint-paul/1484-white-bear-avenue.html,mn,saint-paul,1484-white-bear-avenue
https://locations.tacobell.com/in/crown-point/1483-n-main-st.html,in,crown-point,1483-n-main-st
https://locations.tacobell.com/ca/yuba-city/1483-bridge-street.html,ca,yuba-city,1483-bridge-street
https://locations.tacobell.com/wa/lynnwood/14827-hwy-99.html,wa,lynnwood,14827-hwy-99
https://locations.tacobell.com/ca/vacaville/1481-east-monte-vista-ave.html,ca,vacaville,1481-east-monte-vista-ave
https://locations.tacobell.com/ri/north-providence/1479-mineral-springs-ave-.html,ri,north-providence,1479-mineral-springs-ave-
https://locations.tacobell.com/wa/woodland/1478-dike-access-rd-.html,wa,woodland,1478-dike-access-rd-
https://locations.tacobell.com/id/blackfoot/1475-south-parkway-drive.html,id,blackfoot,1475-south-parkway-drive
https://locations.tacobell.com/mi/saginaw/1472-n-michigan-ave.html,mi,saginaw,1472-n-michigan-ave
https://locations.tacobell.com/nc/williamston/1471-washington-street.html,nc,williamston,1471-washington-street
https://locations.tacobell.com/ma/chicopee/1471-memorial-drive.html,ma,chicopee,1471-memorial-drive
https://locations.tacobell.com/nm/albuquerque/1470-coors-rd-nw.html,nm,albuquerque,1470-coors-rd-nw
https://locations.tacobell.com/nh/tilton/155-laconia-road.html,nh,tilton,155-laconia-road
https://locations.tacobell.com/al/hazel-green/14650-hwy-231.html,al,hazel-green,14650-hwy-231
https://locations.tacobell.com/fl/defuniak-springs/1465-us-hwy--331-south.html,fl,defuniak-springs,1465-us-hwy--331-south
https://locations.tacobell.com/va/suffolk/1465-n-main-st.html,va,suffolk,1465-n-main-st
https://locations.tacobell.com/ct/milford/1463-boston-post-rd.html,ct,milford,1463-boston-post-rd
https://locations.tacobell.com/ca/paramount/14625-lakewood-blvd.html,ca,paramount,14625-lakewood-blvd
https://locations.tacobell.com/oh/wauseon/1462-north-shoop-avenue.html,oh,wauseon,1462-north-shoop-avenue
https://locations.tacobell.com/wi/delavan/1462-east-geneva-street.html,wi,delavan,1462-east-geneva-street
https://locations.tacobell.com/la/baker/14610-plank-rd.html,la,baker,14610-plank-rd
https://locations.tacobell.com/ne/omaha/14606-w-maple-rd.html,ne,omaha,14606-w-maple-rd
https://locations.tacobell.com/hi/wahiawa/146-s-kamehameha-hwy.html,hi,wahiawa,146-s-kamehameha-hwy
https://locations.tacobell.com/in/linton/1459-north-east-a-street.html,in,linton,1459-north-east-a-street
https://locations.tacobell.com/ne/omaha/14554-w--center-rd-.html,ne,omaha,14554-w--center-rd-
https://locations.tacobell.com/co/aurora/14551-e-colfax.html,co,aurora,14551-e-colfax
https://locations.tacobell.com/mn/winona/1455-gilmore-ave.html,mn,winona,1455-gilmore-ave
https://locations.tacobell.com/ak/fairbanks/1390-s-university-avenue.html,ak,fairbanks,1390-s-university-avenue
https://locations.tacobell.com/mn/oak-park-heights/14529-60th-street-north.html,mn,oak-park-heights,14529-60th-street-north
https://locations.tacobell.com/ga/gainesville/1452-thompson-bridge-rd.html,ga,gainesville,1452-thompson-bridge-rd
https://locations.tacobell.com/ca/san-fernando/14511-chatsworth-drive.html,ca,san-fernando,14511-chatsworth-drive
https://locations.tacobell.com/nc/rocky-mount/1451-benvenue-road.html,nc,rocky-mount,1451-benvenue-road
https://locations.tacobell.com/wa/seattle/14506-bothell-way-ne.html,wa,seattle,14506-bothell-way-ne
https://locations.tacobell.com/ca/campbell/1450-camden-ave-.html,ca,campbell,1450-camden-ave-
https://locations.tacobell.com/tn/kodak/145-stadium-drive.html,tn,kodak,145-stadium-drive
https://locations.tacobell.com/ga/pooler/145-pooler-parkway.html,ga,pooler,145-pooler-parkway
https://locations.tacobell.com/il/glendale-heights/145-north-avenue.html,il,glendale-heights,145-north-avenue
https://locations.tacobell.com/mi/traverse-city/1447-w-south-airport-rd.html,mi,traverse-city,1447-w-south-airport-rd
https://locations.tacobell.com/tn/memphis/1447-union-ave.html,tn,memphis,1447-union-ave
https://locations.tacobell.com/tx/la-vernia/14421-us-hwy-87-west.html,tx,la-vernia,14421-us-hwy-87-west
https://locations.tacobell.com/va/newport-news/14409-warwick-blvd.html,va,newport-news,14409-warwick-blvd
https://locations.tacobell.com/ne/lincoln/1440-west-o-street.html,ne,lincoln,1440-west-o-street
https://locations.tacobell.com/mi/albion/1440-n--eaton-street.html,mi,albion,1440-n--eaton-street
https://locations.tacobell.com/ca/merced/1440-martin-luther-king-jr-way.html,ca,merced,1440-martin-luther-king-jr-way
https://locations.tacobell.com/tn/jefferson-city/144-east-broadway-blvd.html,tn,jefferson-city,144-east-broadway-blvd
https://locations.tacobell.com/il/chicago/1439-n-milwaukee-avenue.html,il,chicago,1439-n-milwaukee-avenue
https://locations.tacobell.com/in/indianapolis/1439-e-86th-st.html,in,indianapolis,1439-e-86th-st
https://locations.tacobell.com/ca/simi-valley/1438-los-angeles-ave.html,ca,simi-valley,1438-los-angeles-ave
https://locations.tacobell.com/ca/modesto/1438-coffee-road.html,ca,modesto,1438-coffee-road
https://locations.tacobell.com/nc/clemmons/1435-river-ridge-dr.html,nc,clemmons,1435-river-ridge-dr
https://locations.tacobell.com/tx/fort-worth/1435-east-chase-parkway.html,tx,fort-worth,1435-east-chase-parkway
https://locations.tacobell.com/ok/choctaw/14337-northeast-23rd-st-.html,ok,choctaw,14337-northeast-23rd-st-
https://locations.tacobell.com/ca/hawthorne/14325-south-prairie-avenue.html,ca,hawthorne,14325-south-prairie-avenue
https://locations.tacobell.com/il/salem/1431-west-main.html,il,salem,1431-west-main
https://locations.tacobell.com/mi/muskegon/1431-e-apple-ave.html,mi,muskegon,1431-e-apple-ave
https://locations.tacobell.com/ca/gardena/14308-so-western-ave.html,ca,gardena,14308-so-western-ave
https://locations.tacobell.com/ca/norwalk/14301-pioneer.html,ca,norwalk,14301-pioneer
https://locations.tacobell.com/ar/cabot/1430-w-locust.html,ar,cabot,1430-w-locust
https://locations.tacobell.com/tx/eastland/1430-east-main.html,tx,eastland,1430-east-main
https://locations.tacobell.com/nc/lexington/1430-cottongrove-rd.html,nc,lexington,1430-cottongrove-rd
https://locations.tacobell.com/fl/williston/143-w-noble-ave.html,fl,williston,143-w-noble-ave
https://locations.tacobell.com/fl/apopka/1429-west-orange-blossom-trail.html,fl,apopka,1429-west-orange-blossom-trail
https://locations.tacobell.com/oh/columbus/1429-polaris-pkwy.html,oh,columbus,1429-polaris-pkwy
https://locations.tacobell.com/md/eldersburg/1429-liberty-road.html,md,eldersburg,1429-liberty-road
https://locations.tacobell.com/ca/santa-rosa/1429-fulton-rd.html,ca,santa-rosa,1429-fulton-rd
https://locations.tacobell.com/oh/piqua/1429-covington-ave.html,oh,piqua,1429-covington-ave
https://locations.tacobell.com/in/richmond/1428-national-road-west.html,in,richmond,1428-national-road-west
https://locations.tacobell.com/ky/danville/1428-hustonville-rd.html,ky,danville,1428-hustonville-rd
https://locations.tacobell.com/fl/weston/1425-n-park.html,fl,weston,1425-n-park
https://locations.tacobell.com/tn/tazewell/1424-n--broad-st-.html,tn,tazewell,1424-n--broad-st-
https://locations.tacobell.com/mn/burnsville/14231-nicollet-ave.html,mn,burnsville,14231-nicollet-ave
https://locations.tacobell.com/in/anderson/1422-raible-street.html,in,anderson,1422-raible-street
https://locations.tacobell.com/la/lafayette/1422-johnston-st.html,la,lafayette,1422-johnston-st
https://locations.tacobell.com/oh/toledo/1422-broadway.html,oh,toledo,1422-broadway
https://locations.tacobell.com/ca/ripon/1421-w-colony-rd.html,ca,ripon,1421-w-colony-rd
https://locations.tacobell.com/mo/columbia/1421-cinnamon-hill-lane.html,mo,columbia,1421-cinnamon-hill-lane
https://locations.tacobell.com/ia/fort-madison/1421-avenue-h.html,ia,fort-madison,1421-avenue-h
https://locations.tacobell.com/oh/troy/1420-w--main-st-.html,oh,troy,1420-w--main-st-
https://locations.tacobell.com/ca/riverside/1420-university-ave.html,ca,riverside,1420-university-ave
https://locations.tacobell.com/ca/madera/1420-howard-rd.html,ca,madera,1420-howard-rd
https://locations.tacobell.com/id/boise/1420-broadway.html,id,boise,1420-broadway
https://locations.tacobell.com/ca/dixon/1420-ary-lane.html,ca,dixon,1420-ary-lane
https://locations.tacobell.com/ca/victorville/14181-u-s--highway-395.html,ca,victorville,14181-u-s--highway-395
https://locations.tacobell.com/ut/saint-george/1418-west-sunset-blvd.html,ut,saint-george,1418-west-sunset-blvd
https://locations.tacobell.com/mn/baxter/14175-edgewood-dr.html,mn,baxter,14175-edgewood-dr
https://locations.tacobell.com/ny/schenectady/1417-altamont-ave.html,ny,schenectady,1417-altamont-ave
https://locations.tacobell.com/ok/shawnee/1416-n-harrison-st.html,ok,shawnee,1416-n-harrison-st
https://locations.tacobell.com/ca/modesto/1416-kansas-avenue.html,ca,modesto,1416-kansas-avenue
https://locations.tacobell.com/ca/santa-rosa/1416-farmers-ln.html,ca,santa-rosa,1416-farmers-ln
https://locations.tacobell.com/az/tempe/1415-west-elliot-road.html,az,tempe,1415-west-elliot-road
https://locations.tacobell.com/tx/wichita-falls/1415-southwest-parkway.html,tx,wichita-falls,1415-southwest-parkway
https://locations.tacobell.com/in/angola/1415-n-wayne-st.html,in,angola,1415-n-wayne-st
https://locations.tacobell.com/id/nampa/1415-caldwell-blvd.html,id,nampa,1415-caldwell-blvd
https://locations.tacobell.com/nm/las-vegas/1415-7th-st.html,nm,las-vegas,1415-7th-st
https://locations.tacobell.com/oh/dayton/1414-n--keowee-street.html,oh,dayton,1414-n--keowee-street
https://locations.tacobell.com/il/robinson/1414-east-main-street.html,il,robinson,1414-east-main-street
https://locations.tacobell.com/nm/artesia/1412-west-main-street.html,nm,artesia,1412-west-main-street
https://locations.tacobell.com/ms/greenwood/1412-w-park-ave.html,ms,greenwood,1412-w-park-ave
https://locations.tacobell.com/ny/newburgh/1412-route-300.html,ny,newburgh,1412-route-300
https://locations.tacobell.com/al/florence/1412-n-wood-ave.html,al,florence,1412-n-wood-ave
https://locations.tacobell.com/ca/sherman-oaks/14115-ventura-blvd.html,ca,sherman-oaks,14115-ventura-blvd
https://locations.tacobell.com/la/hammond/14109-university-avenue.html,la,hammond,14109-university-avenue
https://locations.tacobell.com/nc/clinton/1410-sunset-avenue.html,nc,clinton,1410-sunset-avenue
https://locations.tacobell.com/ca/west-covina/1410-s-azusa-ave.html,ca,west-covina,1410-s-azusa-ave
https://locations.tacobell.com/wi/marshfield/1410-north-central-avenue.html,wi,marshfield,1410-north-central-avenue
https://locations.tacobell.com/oh/hamilton/1410-main-street.html,oh,hamilton,1410-main-street
https://locations.tacobell.com/il/carbondale/1410-east-main-street.html,il,carbondale,1410-east-main-street
https://locations.tacobell.com/la/gray/141-linda-ann-avenue.html,la,gray,141-linda-ann-avenue
https://locations.tacobell.com/ar/hot-springs/141-e-grand-avenue.html,ar,hot-springs,141-e-grand-avenue
https://locations.tacobell.com/ky/central-city/1409-w-everly-brothers-blvd.html,ky,central-city,1409-w-everly-brothers-blvd
https://locations.tacobell.com/la/breaux-bridge/1409-rees-st.html,la,breaux-bridge,1409-rees-st
https://locations.tacobell.com/ar/paris/1409-east-walnut.html,ar,paris,1409-east-walnut
https://locations.tacobell.com/ga/gainesville/1409-browns-bridge-rd.html,ga,gainesville,1409-browns-bridge-rd
https://locations.tacobell.com/ca/los-angeles/1408-w-century-blvd.html,ca,los-angeles,1408-w-century-blvd
https://locations.tacobell.com/ks/lawrence/1408-w-23rd-st.html,ks,lawrence,1408-w-23rd-st
https://locations.tacobell.com/fl/daytona-beach/1408-beville-rd.html,fl,daytona-beach,1408-beville-rd
https://locations.tacobell.com/ca/hesperia/14071-main-street.html,ca,hesperia,14071-main-street
https://locations.tacobell.com/tn/sevierville/1407-winfield-dunn-pkwy.html,tn,sevierville,1407-winfield-dunn-pkwy
https://locations.tacobell.com/ks/emporia/1407-w-sixth-avenue.html,ks,emporia,1407-w-sixth-avenue
https://locations.tacobell.com/wa/ellensburg/1406-s-canyon-rd.html,wa,ellensburg,1406-s-canyon-rd
https://locations.tacobell.com/va/roanoke/1406-hershberger-road-nw.html,va,roanoke,1406-hershberger-road-nw
https://locations.tacobell.com/oh/saint-marys/1406-commerce-dr.html,oh,saint-marys,1406-commerce-dr
https://locations.tacobell.com/tn/bulls-gap/14050-w-andrew-johnson-hwy.html,tn,bulls-gap,14050-w-andrew-johnson-hwy
https://locations.tacobell.com/ca/santa-cruz/1405-mission-street.html,ca,santa-cruz,1405-mission-street
https://locations.tacobell.com/ca/tustin/14042-red-hill-ave-.html,ca,tustin,14042-red-hill-ave-
https://locations.tacobell.com/fl/north-fort-myers/14041-n-cleveland-ave.html,fl,north-fort-myers,14041-n-cleveland-ave
https://locations.tacobell.com/mn/savage/14040-s-hwy-13.html,mn,savage,14040-s-hwy-13
https://locations.tacobell.com/ga/adel/1404-west-4th-street.html,ga,adel,1404-west-4th-street
https://locations.tacobell.com/wa/tacoma/1404-e--72nd-street.html,wa,tacoma,1404-e--72nd-street
https://locations.tacobell.com/il/ofallon/1403-w-us-highway-50.html,il,ofallon,1403-w-us-highway-50
https://locations.tacobell.com/ks/newton/1403-north-main.html,ks,newton,1403-north-main
https://locations.tacobell.com/mo/dexter/1403-business-hwy-60.html,mo,dexter,1403-business-hwy-60
https://locations.tacobell.com/ne/norfolk/1402-omaha-avenue.html,ne,norfolk,1402-omaha-avenue
https://locations.tacobell.com/nj/toms-river/1402-highway-37-e.html,nj,toms-river,1402-highway-37-e
https://locations.tacobell.com/ga/bainbridge/1402-e-shotwell-st.html,ga,bainbridge,1402-e-shotwell-st
https://locations.tacobell.com/ca/kerman/14019-w--whitesbridge.html,ca,kerman,14019-w--whitesbridge
https://locations.tacobell.com/ok/wagoner/1401-w-highway-51.html,ok,wagoner,1401-w-highway-51
https://locations.tacobell.com/tx/dumas/1401-s-dumas.html,tx,dumas,1401-s-dumas
https://locations.tacobell.com/wi/menomonie/1401-n-broadway.html,wi,menomonie,1401-n-broadway
https://locations.tacobell.com/ca/los-angeles/1401-martin-luther-king-blvd.html,ca,los-angeles,1401-martin-luther-king-blvd
https://locations.tacobell.com/ga/savannah/14005-abercorn-st.html,ga,savannah,14005-abercorn-st
https://locations.tacobell.com/az/scottsdale/14002-n-scottsdale.html,az,scottsdale,14002-n-scottsdale
https://locations.tacobell.com/tx/cross-roads/14000-us-hwy-380.html,tx,cross-roads,14000-us-hwy-380
https://locations.tacobell.com/ca/newport-beach/1400-west-coast-highway.html,ca,newport-beach,1400-west-coast-highway
https://locations.tacobell.com/il/jerseyville/1400-s--state-st-.html,il,jerseyville,1400-s--state-st-
https://locations.tacobell.com/tx/lockhart/1400-s-colorado.html,tx,lockhart,1400-s-colorado
https://locations.tacobell.com/tn/union-city/1400-rutledge-lane.html,tn,union-city,1400-rutledge-lane
https://locations.tacobell.com/nj/wayne/1400-route-23-north.html,nj,wayne,1400-route-23-north
https://locations.tacobell.com/il/sparta/1400-north-market-street.html,il,sparta,1400-north-market-street
https://locations.tacobell.com/il/forsyth/1400-hickory-point-drive.html,il,forsyth,1400-hickory-point-drive
https://locations.tacobell.com/il/elk-grove-village/1400-busse-rd.html,il,elk-grove-village,1400-busse-rd
https://locations.tacobell.com/ca/monrovia/140-west-huntington-drive.html,ca,monrovia,140-west-huntington-drive
https://locations.tacobell.com/va/charlottesville/140-river-bend-dr.html,va,charlottesville,140-river-bend-dr
https://locations.tacobell.com/ca/goleta/140-n--fairview.html,ca,goleta,140-n--fairview
https://locations.tacobell.com/me/westbrook/140-main-st-.html,me,westbrook,140-main-st-
https://locations.tacobell.com/ks/bonner-springs/14-north-130th.html,ks,bonner-springs,14-north-130th
https://locations.tacobell.com/ky/cold-spring/14-martha-layne-collins-blvd-.html,ky,cold-spring,14-martha-layne-collins-blvd-
https://locations.tacobell.com/ca/freedom/14-green-valley-road.html,ca,freedom,14-green-valley-road
https://locations.tacobell.com/nv/sparks/1395-big-fish-drive.html,nv,sparks,1395-big-fish-drive
https://locations.tacobell.com/la/larose/13926-west-main-street.html,la,larose,13926-west-main-street
https://locations.tacobell.com/ok/oklahoma-city/13920-n--may-ave-.html,ok,oklahoma-city,13920-n--may-ave-
https://locations.tacobell.com/fl/tampa/13917-w--hillsborough-ave.html,fl,tampa,13917-w--hillsborough-ave
https://locations.tacobell.com/tx/horizon-city/13910-horizon-blvd.html,tx,horizon-city,13910-horizon-blvd
https://locations.tacobell.com/mn/maple-grove/13910-grove-dr.html,mn,maple-grove,13910-grove-dr
https://locations.tacobell.com/mo/marshfield/1390-spur-drive.html,mo,marshfield,1390-spur-drive
https://locations.tacobell.com/ar/jonesboro/133-southwest-drive.html,ar,jonesboro,133-southwest-drive
https://locations.tacobell.com/ri/wakefield/139-old-tower-hill-road.html,ri,wakefield,139-old-tower-hill-road
https://locations.tacobell.com/va/woodbridge/13880-shoppers-best-way.html,va,woodbridge,13880-shoppers-best-way
https://locations.tacobell.com/wi/marinette/w-1388-old-peshtigo-rd.html,wi,marinette,w-1388-old-peshtigo-rd
https://locations.tacobell.com/nc/fuquay-varina/1384-north-main-street.html,nc,fuquay-varina,1384-north-main-street
https://locations.tacobell.com/md/silver-spring/13830-georgia-avenue.html,md,silver-spring,13830-georgia-avenue
https://locations.tacobell.com/va/chantilly/13800-metrotech-drive.html,va,chantilly,13800-metrotech-drive
https://locations.tacobell.com/co/colorado-springs/1380-n-academy-blvd.html,co,colorado-springs,1380-n-academy-blvd
https://locations.tacobell.com/oh/maumee/1380-conant-st-.html,oh,maumee,1380-conant-st-
https://locations.tacobell.com/mi/freeland/138-s--main-st.html,mi,freeland,138-s--main-st
https://locations.tacobell.com/ri/johnston/1379-atwood-ave.html,ri,johnston,1379-atwood-ave
https://locations.tacobell.com/mo/ballwin/13775-manchester-rd.html,mo,ballwin,13775-manchester-rd
https://locations.tacobell.com/tx/austin/13770-n-highway-183.html,tx,austin,13770-n-highway-183
https://locations.tacobell.com/ca/sonora/13770-mono-way.html,ca,sonora,13770-mono-way
https://locations.tacobell.com/ca/visalia/1377-e-noble-ave-.html,ca,visalia,1377-e-noble-ave-
https://locations.tacobell.com/az/surprise/13752-w--waddell-road.html,az,surprise,13752-w--waddell-road
https://locations.tacobell.com/il/crestwood/13745-s-cicero.html,il,crestwood,13745-s-cicero
https://locations.tacobell.com/co/thornton/13732-colorado-blvd-.html,co,thornton,13732-colorado-blvd-
https://locations.tacobell.com/ga/kingsland/1373-ga-highway-40-e.html,ga,kingsland,1373-ga-highway-40-e
https://locations.tacobell.com/tx/crosby/13727-fm-2100.html,tx,crosby,13727-fm-2100
https://locations.tacobell.com/az/surprise/13726-w-bell-rd.html,az,surprise,13726-w-bell-rd
https://locations.tacobell.com/ne/omaha/13725-q--street.html,ne,omaha,13725-q--street
https://locations.tacobell.com/ga/lavonia/13721-jones-st.html,ga,lavonia,13721-jones-st
https://locations.tacobell.com/fl/miami/13720-s-w-8th-street.html,fl,miami,13720-s-w-8th-street
https://locations.tacobell.com/fl/miami/13710-sw-88th-street.html,fl,miami,13710-sw-88th-street
https://locations.tacobell.com/fl/jacksonville/13710-beach-blvd.html,fl,jacksonville,13710-beach-blvd
https://locations.tacobell.com/ct/old-greenwich/1371-e-putnam-ave.html,ct,old-greenwich,1371-e-putnam-ave
https://locations.tacobell.com/fl/largo/13709-walsingham-rd.html,fl,largo,13709-walsingham-rd
https://locations.tacobell.com/ca/san-jose/1370-blossom-hill-road.html,ca,san-jose,1370-blossom-hill-road
https://locations.tacobell.com/ky/hazard/137-village-lane.html,ky,hazard,137-village-lane
https://locations.tacobell.com/il/carpentersville/137-s-western-ave.html,il,carpentersville,137-s-western-ave
https://locations.tacobell.com/oh/russells-point/137-east-main-street.html,oh,russells-point,137-east-main-street
https://locations.tacobell.com/tx/dallas/13670-preston-road.html,tx,dallas,13670-preston-road
https://locations.tacobell.com/ca/fresno/1365-w--olive-ave-.html,ca,fresno,1365-w--olive-ave-
https://locations.tacobell.com/ca/milpitas/1365-s-park-victoria.html,ca,milpitas,1365-s-park-victoria
https://locations.tacobell.com/va/midlothian/13640-hull-street-road.html,va,midlothian,13640-hull-street-road
https://locations.tacobell.com/ca/lodi/1364-business-park-dr.html,ca,lodi,1364-business-park-dr
https://locations.tacobell.com/fl/homestead/13610-sw-288th-st.html,fl,homestead,13610-sw-288th-st
https://locations.tacobell.com/fl/boca-raton/1361-west-palmetto-park-rd.html,fl,boca-raton,1361-west-palmetto-park-rd
https://locations.tacobell.com/wi/west-allis/1361-s--60th-st-.html,wi,west-allis,1361-s--60th-st-
https://locations.tacobell.com/ok/broken-arrow/1361-e--kenosha-street.html,ok,broken-arrow,1361-e--kenosha-street
https://locations.tacobell.com/md/hagerstown/13609-crayton-blvd.html,md,hagerstown,13609-crayton-blvd
https://locations.tacobell.com/ca/south-gate/13601-garfield-ave-.html,ca,south-gate,13601-garfield-ave-
https://locations.tacobell.com/va/virginia-beach/1360-great-neck-road.html,va,virginia-beach,1360-great-neck-road
https://locations.tacobell.com/va/virginia-beach/1360-fordham-dr.html,va,virginia-beach,1360-fordham-dr
https://locations.tacobell.com/ny/utica/136-north-genesee-street.html,ny,utica,136-north-genesee-street
https://locations.tacobell.com/wv/martinsburg/1359-edwin-miller-blvd.html,wv,martinsburg,1359-edwin-miller-blvd
https://locations.tacobell.com/fl/miami/13550-sw-152nd-street.html,fl,miami,13550-sw-152nd-street
https://locations.tacobell.com/wi/pewaukee/1355-capital-drive.html,wi,pewaukee,1355-capital-drive
https://locations.tacobell.com/fl/ocala/13545-s-w--17th-court.html,fl,ocala,13545-s-w--17th-court
https://locations.tacobell.com/ca/torrance/1354-w-190th-st.html,ca,torrance,1354-w-190th-st
https://locations.tacobell.com/va/chesapeake/1353-kempsville-rd.html,va,chesapeake,1353-kempsville-rd
https://locations.tacobell.com/mi/gaylord/1352-w-main.html,mi,gaylord,1352-w-main
https://locations.tacobell.com/ny/new-york/1351-st--nicholas-ave-.html,ny,new-york,1351-st--nicholas-ave-
https://locations.tacobell.com/mn/rogers/13500-rogers-drive.html,mn,rogers,13500-rogers-drive
https://locations.tacobell.com/fl/brandon/1350-w--brandon-blvd.html,fl,brandon,1350-w--brandon-blvd
https://locations.tacobell.com/va/luray/1350-us-highway-211-w.html,va,luray,1350-us-highway-211-w
https://locations.tacobell.com/ny/dansville/135-franklin-st.html,ny,dansville,135-franklin-st
https://locations.tacobell.com/or/portland/13480-nw-science-park-drive.html,or,portland,13480-nw-science-park-drive
https://locations.tacobell.com/mo/springfield/1348-n-glenstone.html,mo,springfield,1348-n-glenstone
https://locations.tacobell.com/va/grundy/1346-riverview-street.html,va,grundy,1346-riverview-street
https://locations.tacobell.com/fl/winter-springs/1345-tuskawilla-rd.html,fl,winter-springs,1345-tuskawilla-rd
https://locations.tacobell.com/mo/west-plains/1345-southern-hills-drive.html,mo,west-plains,1345-southern-hills-drive
https://locations.tacobell.com/ca/salinas/1345-n--main-street.html,ca,salinas,1345-n--main-street
https://locations.tacobell.com/nv/gardnerville/1343-highway-395-n.html,nv,gardnerville,1343-highway-395-n
https://locations.tacobell.com/in/fishers/13428-bent-grass-lane.html,in,fishers,13428-bent-grass-lane
https://locations.tacobell.com/ca/el-cajon/13418-camino-canada.html,ca,el-cajon,13418-camino-canada
https://locations.tacobell.com/ca/norwalk/13410-rosecrans-ave.html,ca,norwalk,13410-rosecrans-ave
https://locations.tacobell.com/md/solomons/13400-hg-trueman-rd-.html,md,solomons,13400-hg-trueman-rd-
https://locations.tacobell.com/pa/washington/1340-west-chestnut-street.html,pa,washington,1340-west-chestnut-street
https://locations.tacobell.com/tx/plano/1340-jupiter-rd.html,tx,plano,1340-jupiter-rd
https://locations.tacobell.com/pa/lancaster/1340-columbia-ave.html,pa,lancaster,1340-columbia-ave
https://locations.tacobell.com/il/batavia/134-south-randall-road.html,il,batavia,134-south-randall-road
https://locations.tacobell.com/fl/brooksville/13390-cortez-blvd.html,fl,brooksville,13390-cortez-blvd
https://locations.tacobell.com/oh/columbus/1339-harrisburg-pike.html,oh,columbus,1339-harrisburg-pike
https://locations.tacobell.com/tx/sulphur-springs/1338-s--broadway.html,tx,sulphur-springs,1338-s--broadway
https://locations.tacobell.com/tx/el-paso/1337-george-dieter-dr-.html,tx,el-paso,1337-george-dieter-dr-
https://locations.tacobell.com/va/lebanon/1337-east-main-street.html,va,lebanon,1337-east-main-street
https://locations.tacobell.com/md/laurel/13360-laurel-bowie-rd.html,md,laurel,13360-laurel-bowie-rd
https://locations.tacobell.com/mo/springfield/1335-w-kearney-st.html,mo,springfield,1335-w-kearney-st
https://locations.tacobell.com/il/huntley/13320-s-highway-47.html,il,huntley,13320-s-highway-47
https://locations.tacobell.com/ok/owasso/13315-e--116th-street-north.html,ok,owasso,13315-e--116th-street-north
https://locations.tacobell.com/wi/sturgeon-bay/1331-green-bay-road.html,wi,sturgeon-bay,1331-green-bay-road
https://locations.tacobell.com/fl/winter-garden/13309-w-colonial-dr.html,fl,winter-garden,13309-w-colonial-dr
https://locations.tacobell.com/or/tigard/13305-sw-pacific-highway.html,or,tigard,13305-sw-pacific-highway
https://locations.tacobell.com/oh/gahanna/1330-stoneridge-drive.html,oh,gahanna,1330-stoneridge-drive
https://locations.tacobell.com/wa/federal-way/1330-s-348th-st.html,wa,federal-way,1330-s-348th-st
https://locations.tacobell.com/co/loveland/1330-lincoln-ave.html,co,loveland,1330-lincoln-ave
https://locations.tacobell.com/nj/roselle/133-saint-georges-ave.html,nj,roselle,133-saint-georges-ave
https://locations.tacobell.com/wa/spokane-valley/133-n-sullivan-rd.html,wa,spokane-valley,133-n-sullivan-rd
https://locations.tacobell.com/ca/garden-grove/13291-harbor-blvd.html,ca,garden-grove,13291-harbor-blvd
https://locations.tacobell.com/in/knox/1328-south-heaton.html,in,knox,1328-south-heaton
https://locations.tacobell.com/oh/niles/1327-youngstown-warren-rd.html,oh,niles,1327-youngstown-warren-rd
https://locations.tacobell.com/tx/san-antonio/1327-austin-highway.html,tx,san-antonio,1327-austin-highway
https://locations.tacobell.com/in/clarksville/1325-veterans-pkwy-.html,in,clarksville,1325-veterans-pkwy-
https://locations.tacobell.com/mn/eagan/1325-town-centre-dr.html,mn,eagan,1325-town-centre-dr
https://locations.tacobell.com/la/lake-charles/1325-n--martin-luther-king-hwy.html,la,lake-charles,1325-n--martin-luther-king-hwy
https://locations.tacobell.com/mo/saint-louis/1324-hampton-avenue.html,mo,saint-louis,1324-hampton-avenue
https://locations.tacobell.com/il/dolton/1323-sibley-boulevard.html,il,dolton,1323-sibley-boulevard
https://locations.tacobell.com/mi/menominee/1322-8th-avenue.html,mi,menominee,1322-8th-avenue
https://locations.tacobell.com/mi/ithaca/1321-e--center-street.html,mi,ithaca,1321-e--center-street
https://locations.tacobell.com/wa/vancouver/13204-n-e--hwy-99.html,wa,vancouver,13204-n-e--hwy-99
https://locations.tacobell.com/ct/willimantic/1320-main-st.html,ct,willimantic,1320-main-st
https://locations.tacobell.com/ar/camden/1320-highway-278-byp.html,ar,camden,1320-highway-278-byp
https://locations.tacobell.com/ms/laurel/132-south-16th-avenue.html,ms,laurel,132-south-16th-avenue
https://locations.tacobell.com/ok/tahlequah/1319-s-muskogee-avenue.html,ok,tahlequah,1319-s-muskogee-avenue
https://locations.tacobell.com/in/salem/1319-east-hackberry-street.html,in,salem,1319-east-hackberry-street
https://locations.tacobell.com/fl/royal-palm-beach/1318-royal-palm-beach-blvd.html,fl,royal-palm-beach,1318-royal-palm-beach-blvd
https://locations.tacobell.com/oh/toledo/1317-north-reynolds-road.html,oh,toledo,1317-north-reynolds-road
https://locations.tacobell.com/fl/jacksonville/13160-atlantic-blvd.html,fl,jacksonville,13160-atlantic-blvd
https://locations.tacobell.com/tx/arlington/1316-south-cooper-street.html,tx,arlington,1316-south-cooper-street
https://locations.tacobell.com/nh/laconia/1315-union-avenue.html,nh,laconia,1315-union-avenue
https://locations.tacobell.com/ny/selden/1314-middle-country-rd.html,ny,selden,1314-middle-country-rd
https://locations.tacobell.com/md/frederick/1314-e-patrick.html,md,frederick,1314-e-patrick
https://locations.tacobell.com/mo/kansas-city/1313-west-103rd-street.html,mo,kansas-city,1313-west-103rd-street
https://locations.tacobell.com/tx/killeen/1313-s-fort-hood.html,tx,killeen,1313-s-fort-hood
https://locations.tacobell.com/mo/saint-louis/13123-olive-blvd.html,mo,saint-louis,13123-olive-blvd
https://locations.tacobell.com/oh/columbus/1312-w-5th-ave.html,oh,columbus,1312-w-5th-ave
https://locations.tacobell.com/il/dixon/1312-north-galena-avenue.html,il,dixon,1312-north-galena-avenue
https://locations.tacobell.com/nc/mebane/1312-mebane-oaks-road.html,nc,mebane,1312-mebane-oaks-road
https://locations.tacobell.com/ca/poway/13112-poway-road.html,ca,poway,13112-poway-road
https://locations.tacobell.com/mo/kansas-city/13111-state-line-road.html,mo,kansas-city,13111-state-line-road
https://locations.tacobell.com/tx/lewisville/1311-s-state-highway-121-business.html,tx,lewisville,1311-s-state-highway-121-business
https://locations.tacobell.com/or/medford/1311-center-drive.html,or,medford,1311-center-drive
https://locations.tacobell.com/co/lakewood/13109-w--alameda-pkwy.html,co,lakewood,13109-w--alameda-pkwy
https://locations.tacobell.com/in/kokomo/1310-north-reed-road.html,in,kokomo,1310-north-reed-road
https://locations.tacobell.com/mi/plainwell/1310-m89.html,mi,plainwell,1310-m89
https://locations.tacobell.com/wa/yelm/1310-e--yelm-avenue.html,wa,yelm,1310-e--yelm-avenue
https://locations.tacobell.com/mo/kansas-city/1310-emmanuel-cleaver-ii-blvd-.html,mo,kansas-city,1310-emmanuel-cleaver-ii-blvd-
https://locations.tacobell.com/ny/west-haverstraw/131-s-route-9w.html,ny,west-haverstraw,131-s-route-9w
https://locations.tacobell.com/ca/fullerton/131-e--orangethorpe-ave-.html,ca,fullerton,131-e--orangethorpe-ave-
https://locations.tacobell.com/oh/marion/1309-mount-vernon-ave.html,oh,marion,1309-mount-vernon-ave
https://locations.tacobell.com/il/libertyville/1308-n-milwaukee-ave.html,il,libertyville,1308-n-milwaukee-ave
https://locations.tacobell.com/ar/russellville/1308-n-arkansas-ave.html,ar,russellville,1308-n-arkansas-ave
https://locations.tacobell.com/wa/burlington/1308-burlington-blvd-.html,wa,burlington,1308-burlington-blvd-
https://locations.tacobell.com/wi/west-bend/1307-s-main-street.html,wi,west-bend,1307-s-main-street
https://locations.tacobell.com/sc/myrtle-beach/1307-kings-hwy-north.html,sc,myrtle-beach,1307-kings-hwy-north
https://locations.tacobell.com/mi/battle-creek/1307-capital-ave-ne.html,mi,battle-creek,1307-capital-ave-ne
https://locations.tacobell.com/nc/laurinburg/1306-scotland-crossing.html,nc,laurinburg,1306-scotland-crossing
https://locations.tacobell.com/nc/washington/1306-carolina-ave.html,nc,washington,1306-carolina-ave
https://locations.tacobell.com/mn/coon-rapids/13057-round-lake-blvd.html,mn,coon-rapids,13057-round-lake-blvd
https://locations.tacobell.com/tx/haslet/13050-nw-highway-287.html,tx,haslet,13050-nw-highway-287
https://locations.tacobell.com/mi/fremont/1305-west-main-street.html,mi,fremont,1305-west-main-street
https://locations.tacobell.com/ny/kingston/1305-ulster-ave.html,ny,kingston,1305-ulster-ave
https://locations.tacobell.com/oh/eaton/1305-n-barron-st.html,oh,eaton,1305-n-barron-st
https://locations.tacobell.com/il/highland/1305-mercantile-drive.html,il,highland,1305-mercantile-drive
https://locations.tacobell.com/co/fort-morgan/1305-main-st.html,co,fort-morgan,1305-main-st
https://locations.tacobell.com/wa/ephrata/1305-basin-st.html,wa,ephrata,1305-basin-st
https://locations.tacobell.com/nc/tarboro/1304-western-blvd.html,nc,tarboro,1304-western-blvd
https://locations.tacobell.com/mo/macon/1304-north-missouri-street.html,mo,macon,1304-north-missouri-street
https://locations.tacobell.com/tx/fort-stockton/1304-u-s--highway-5.html,tx,fort-stockton,1304-u-s--highway-5
https://locations.tacobell.com/mn/marshall/1304-e--college-drive.html,mn,marshall,1304-e--college-drive
https://locations.tacobell.com/pa/altoona/1304-1st-street.html,pa,altoona,1304-1st-street
https://locations.tacobell.com/ga/darien/13039-ga-highway-251.html,ga,darien,13039-ga-highway-251
https://locations.tacobell.com/mo/perryville/1303-s-perryville-blvd.html,mo,perryville,1303-s-perryville-blvd
https://locations.tacobell.com/ia/indianola/1303-n-jefferson-way.html,ia,indianola,1303-n-jefferson-way
https://locations.tacobell.com/sc/greer/1301j-w-wade-hampton-blvd.html,sc,greer,1301j-w-wade-hampton-blvd
https://locations.tacobell.com/md/oakland/13010-garrett-highway.html,md,oakland,13010-garrett-highway
https://locations.tacobell.com/ga/monroe/1301-west-spring-street.html,ga,monroe,1301-west-spring-street
https://locations.tacobell.com/ca/willows/1301-w-wood-st.html,ca,willows,1301-w-wood-st
https://locations.tacobell.com/oh/logan/1301-w-hunter-st.html,oh,logan,1301-w-hunter-st
https://locations.tacobell.com/ca/gardena/1301-w-artesia-blvd.html,ca,gardena,1301-w-artesia-blvd
https://locations.tacobell.com/nd/grand-forks/1301-s-washington-st.html,nd,grand-forks,1301-s-washington-st
https://locations.tacobell.com/il/sycamore/1301-dekalb-avenue.html,il,sycamore,1301-dekalb-avenue
https://locations.tacobell.com/nc/greensboro/1301-bridford-pkwy.html,nc,greensboro,1301-bridford-pkwy
https://locations.tacobell.com/ca/bakersfield/1301-allen-rd-.html,ca,bakersfield,1301-allen-rd-
https://locations.tacobell.com/mo/independence/1300-a-s--noland-rd.html,mo,independence,1300-a-s--noland-rd
https://locations.tacobell.com/ca/whittier/13008-whittier-blvd.html,ca,whittier,13008-whittier-blvd
https://locations.tacobell.com/ia/newton/1300-west-18th-street-south.html,ia,newton,1300-west-18th-street-south
https://locations.tacobell.com/ca/la-habra/1300-w-whittier-blvd.html,ca,la-habra,1300-w-whittier-blvd
https://locations.tacobell.com/wa/wenatchee/1300-north-miller-st.html,wa,wenatchee,1300-north-miller-st
https://locations.tacobell.com/ar/little-rock/1300-john-barrow-rd.html,ar,little-rock,1300-john-barrow-rd
https://locations.tacobell.com/ca/sacramento/1300-howe-ave.html,ca,sacramento,1300-howe-ave
https://locations.tacobell.com/co/cortez/1300-east-main-street.html,co,cortez,1300-east-main-street
https://locations.tacobell.com/ut/lehi/1300-e--state-street.html,ut,lehi,1300-e--state-street
https://locations.tacobell.com/al/opelika/1300-columbus-parkway.html,al,opelika,1300-columbus-parkway
https://locations.tacobell.com/ny/amsterdam/130-sanford-farms-shopping-ctr.html,ny,amsterdam,130-sanford-farms-shopping-ctr
https://locations.tacobell.com/ga/rockmart/130-felton-drive.html,ga,rockmart,130-felton-drive
https://locations.tacobell.com/il/sandwich/130-duvick-road.html,il,sandwich,130-duvick-road
https://locations.tacobell.com/il/westmont/13-w-ogden-avenue.html,il,westmont,13-w-ogden-avenue
https://locations.tacobell.com/nc/winston-salem/1299-silas-creek-pkwy-.html,nc,winston-salem,1299-silas-creek-pkwy-
https://locations.tacobell.com/ca/san-jose/1298-winchester-blvd.html,ca,san-jose,1298-winchester-blvd
https://locations.tacobell.com/pa/bristol/1298-veterans-hwy.html,pa,bristol,1298-veterans-hwy
https://locations.tacobell.com/mi/niles/1298-s-11th-st.html,mi,niles,1298-s-11th-st
https://locations.tacobell.com/co/thornton/1298-east-104th-avenue.html,co,thornton,1298-east-104th-avenue
https://locations.tacobell.com/il/machesney-park/1297-west-lane-rd-.html,il,machesney-park,1297-west-lane-rd-
https://locations.tacobell.com/wa/bellingham/1297-e--sunset-dr-.html,wa,bellingham,1297-e--sunset-dr-
https://locations.tacobell.com/oh/washington-court-house/1295-columbus-ave.html,oh,washington-court-house,1295-columbus-ave
https://locations.tacobell.com/nj/vineland/1294-west-landis-ave.html,nj,vineland,1294-west-landis-ave
https://locations.tacobell.com/va/smithfield/1294-benns-church-blvd.html,va,smithfield,1294-benns-church-blvd
https://locations.tacobell.com/nm/albuquerque/12930-central-southeast.html,nm,albuquerque,12930-central-southeast
https://locations.tacobell.com/mo/grandview/12918-s-us-highway-71.html,mo,grandview,12918-s-us-highway-71
https://locations.tacobell.com/ca/sylmar/12910-foothill-blvd.html,ca,sylmar,12910-foothill-blvd
https://locations.tacobell.com/ga/covington/12910-brown-bridge-road.html,ga,covington,12910-brown-bridge-road
https://locations.tacobell.com/il/springfield/1290-toronto-rd.html,il,springfield,1290-toronto-rd
https://locations.tacobell.com/va/franklin/1290-armory-drive.html,va,franklin,1290-armory-drive
https://locations.tacobell.com/az/parker/129-west-riverside-drive.html,az,parker,129-west-riverside-drive
https://locations.tacobell.com/ct/vernon-rockville/129-talcottville-rd.html,ct,vernon-rockville,129-talcottville-rd
https://locations.tacobell.com/il/canton/129-north-main-street.html,il,canton,129-north-main-street
https://locations.tacobell.com/il/naperville/1287-rickert-dr.html,il,naperville,1287-rickert-dr
https://locations.tacobell.com/ut/draper/1287-east-draper-parkway.html,ut,draper,1287-east-draper-parkway
https://locations.tacobell.com/mo/de-soto/12866-highway-21.html,mo,de-soto,12866-highway-21
https://locations.tacobell.com/fl/fort-myers/12851-s-cleveland-avenue.html,fl,fort-myers,12851-s-cleveland-avenue
https://locations.tacobell.com/mo/saint-louis/12850-tesson-ferry-road.html,mo,saint-louis,12850-tesson-ferry-road
https://locations.tacobell.com/ca/lakeport/1285-parallel-rd.html,ca,lakeport,1285-parallel-rd
https://locations.tacobell.com/nv/henderson/1284-w-warm-springs-rd.html,nv,henderson,1284-w-warm-springs-rd
https://locations.tacobell.com/va/pounding-mill/12822-governor-g-c-peery-hwy.html,va,pounding-mill,12822-governor-g-c-peery-hwy
https://locations.tacobell.com/va/chester/12820-jefferson-davis-hwy.html,va,chester,12820-jefferson-davis-hwy
https://locations.tacobell.com/fl/dade-city/12816-us-highway-301.html,fl,dade-city,12816-us-highway-301
https://locations.tacobell.com/va/fairfax/12811-federal-systems-park-dr.html,va,fairfax,12811-federal-systems-park-dr
https://locations.tacobell.com/ca/los-angeles/12800-s--figueroa-st-.html,ca,los-angeles,12800-s--figueroa-st-
https://locations.tacobell.com/nv/fallon/1280-w-williams-ave.html,nv,fallon,1280-w-williams-ave
https://locations.tacobell.com/wi/new-london/1280-shawano-avenue.html,wi,new-london,1280-shawano-avenue
https://locations.tacobell.com/oh/van-wert/1280-s-shannon-st.html,oh,van-wert,1280-s-shannon-st
https://locations.tacobell.com/hi/kihei/1819-south-kihei-rd.html,hi,kihei,1819-south-kihei-rd
https://locations.tacobell.com/oh/fairborn/1280-e--dayton-yellow-springs-road.html,oh,fairborn,1280-e--dayton-yellow-springs-road
https://locations.tacobell.com/mn/forest-lake/1279-west-broadway.html,mn,forest-lake,1279-west-broadway
https://locations.tacobell.com/tn/memphis/1279-ridgeway-rd-.html,tn,memphis,1279-ridgeway-rd-
https://locations.tacobell.com/ca/rancho-cucamonga/12789-foothill-blvd-.html,ca,rancho-cucamonga,12789-foothill-blvd-
https://locations.tacobell.com/ca/pacoima/12786-van-nuys-blvd.html,ca,pacoima,12786-van-nuys-blvd
https://locations.tacobell.com/ca/santa-nella/12780-south-highway-33.html,ca,santa-nella,12780-south-highway-33
https://locations.tacobell.com/nv/las-vegas/1275-south-lamb-blvd.html,nv,las-vegas,1275-south-lamb-blvd
https://locations.tacobell.com/va/lake-ridge/12721-harbor-drive.html,va,lake-ridge,12721-harbor-drive
https://locations.tacobell.com/oh/marion/1270-delaware-ave.html,oh,marion,1270-delaware-ave
https://locations.tacobell.com/az/lakeside/127-w-white-mountain-blvd.html,az,lakeside,127-w-white-mountain-blvd
https://locations.tacobell.com/la/natchitoches/127-south-dr.html,la,natchitoches,127-south-dr
https://locations.tacobell.com/ky/london/127-kings-way.html,ky,london,127-kings-way
https://locations.tacobell.com/wi/shawano/1266-east-green-bay-street.html,wi,shawano,1266-east-green-bay-street
https://locations.tacobell.com/co/denver/1265-s-colorado-blvd.html,co,denver,1265-s-colorado-blvd
https://locations.tacobell.com/ma/springfield/1264-boston-road.html,ma,springfield,1264-boston-road
https://locations.tacobell.com/il/granite-city/1261-engineer-rd.html,il,granite-city,1261-engineer-rd
https://locations.tacobell.com/or/portland/12605-se-division-st-.html,or,portland,12605-se-division-st-
https://locations.tacobell.com/ny/wantagh/1260-wantagh-avenue.html,ny,wantagh,1260-wantagh-avenue
https://locations.tacobell.com/ga/villa-rica/126-highway-61.html,ga,villa-rica,126-highway-61
https://locations.tacobell.com/nc/richlands/126-ervintown-rd.html,nc,richlands,126-ervintown-rd
https://locations.tacobell.com/ga/lake-park/1258-lakes-blvd.html,ga,lake-park,1258-lakes-blvd
https://locations.tacobell.com/fl/sunrise/12575-sunrise-blvd-.html,fl,sunrise,12575-sunrise-blvd-
https://locations.tacobell.com/az/mesa/1256-south-country-club-dr.html,az,mesa,1256-south-country-club-dr
https://locations.tacobell.com/ia/le-mars/1255-silent-prairie-rd.html,ia,le-mars,1255-silent-prairie-rd
https://locations.tacobell.com/az/flagstaff/1255-s-milton-rd.html,az,flagstaff,1255-s-milton-rd
https://locations.tacobell.com/ks/mulvane/1255-n--rock-road.html,ks,mulvane,1255-n--rock-road
https://locations.tacobell.com/ky/middletown/12529-shelbyville-rd.html,ky,middletown,12529-shelbyville-rd
https://locations.tacobell.com/ca/norwalk/12503-e-alondra-blvd.html,ca,norwalk,12503-e-alondra-blvd
https://locations.tacobell.com/ct/bristol/1250-farmington-ave-.html,ct,bristol,1250-farmington-ave-
https://locations.tacobell.com/tx/alice/1250-e--main.html,tx,alice,1250-e--main
https://locations.tacobell.com/va/winchester/125-welltown-road.html,va,winchester,125-welltown-road
https://locations.tacobell.com/ca/moorpark/125-w-los-angeles-ave.html,ca,moorpark,125-w-los-angeles-ave
https://locations.tacobell.com/nj/aberdeen-township/1073-nj-34.html,nj,aberdeen-township,1073-nj-34
https://locations.tacobell.com/il/joliet/125-s--larkin-ave-.html,il,joliet,125-s--larkin-ave-
https://locations.tacobell.com/nh/amherst/125-route-101a.html,nh,amherst,125-route-101a
https://locations.tacobell.com/tx/mineola/125-n-e-loop-564.html,tx,mineola,125-n-e-loop-564
https://locations.tacobell.com/pa/waynesburg/276-e--roy-furman-highway.html,pa,waynesburg,276-e--roy-furman-highway
https://locations.tacobell.com/ca/mira-loma/12486-limonite-ave.html,ca,mira-loma,12486-limonite-ave
https://locations.tacobell.com/co/arvada/12480-west-64th-avenue.html,co,arvada,12480-west-64th-avenue
https://locations.tacobell.com/oh/chillicothe/1247-western-avenue.html,oh,chillicothe,1247-western-avenue
https://locations.tacobell.com/nj/ramsey/1246-route-17.html,nj,ramsey,1246-route-17
https://locations.tacobell.com/ny/north-babylon/1245-deer-park-ave.html,ny,north-babylon,1245-deer-park-ave
https://locations.tacobell.com/ut/provo/1244-n-freedom-blvd.html,ut,provo,1244-n-freedom-blvd
https://locations.tacobell.com/me/sanford/1244-main-street.html,me,sanford,1244-main-street
https://locations.tacobell.com/ky/louisville/12434-lagrange-rd-.html,ky,louisville,12434-lagrange-rd-
https://locations.tacobell.com/wi/onalaska/1243-crossing-meadows-rd.html,wi,onalaska,1243-crossing-meadows-rd
https://locations.tacobell.com/mo/bridgeton/12420-st-charles-rock-rd.html,mo,bridgeton,12420-st-charles-rock-rd
https://locations.tacobell.com/ca/modesto/1241-standiford.html,ca,modesto,1241-standiford
https://locations.tacobell.com/ca/ridgecrest/1240-n-china-lake-blvd.html,ca,ridgecrest,1240-n-china-lake-blvd
https://locations.tacobell.com/wi/lake-delton/1240-great-wolf-road.html,wi,lake-delton,1240-great-wolf-road
https://locations.tacobell.com/ca/placerville/1240-broadway.html,ca,placerville,1240-broadway
https://locations.tacobell.com/ma/east-walpole/124-providence-highway.html,ma,east-walpole,124-providence-highway
https://locations.tacobell.com/mn/monticello/124-e-7th-st.html,mn,monticello,124-e-7th-st
https://locations.tacobell.com/ma/lynn/124-boston-st.html,ma,lynn,124-boston-st
https://locations.tacobell.com/tn/loudon/12395-highway-72-north.html,tn,loudon,12395-highway-72-north
https://locations.tacobell.com/ca/chino/12382-central-avenue.html,ca,chino,12382-central-avenue
https://locations.tacobell.com/tx/helotes/12360-leslie-road.html,tx,helotes,12360-leslie-road
https://locations.tacobell.com/mo/blue-springs/1236-nw-woods-chapel-road.html,mo,blue-springs,1236-nw-woods-chapel-road
https://locations.tacobell.com/ca/los-banos/1236-e-pacheco-blvd.html,ca,los-banos,1236-e-pacheco-blvd
https://locations.tacobell.com/nc/spruce-pine/12358-highway-226-south.html,nc,spruce-pine,12358-highway-226-south
https://locations.tacobell.com/oh/jeffersonville/12356-us-highway-35-nw.html,oh,jeffersonville,12356-us-highway-35-nw
https://locations.tacobell.com/oh/hillsboro/1235-north-high-street.html,oh,hillsboro,1235-north-high-street
https://locations.tacobell.com/oh/piqua/1234-e-ash-st.html,oh,piqua,1234-e-ash-st
https://locations.tacobell.com/oh/pickerington/1233-hill-rd-n.html,oh,pickerington,1233-hill-rd-n
https://locations.tacobell.com/ok/oklahoma-city/12323-n--pennsylvania-ave-.html,ok,oklahoma-city,12323-n--pennsylvania-ave-
https://locations.tacobell.com/nc/camp-lejeune/1232-birch-street-extension.html,nc,camp-lejeune,1232-birch-street-extension
https://locations.tacobell.com/ky/middlesboro/1231-north-12th-street.html,ky,middlesboro,1231-north-12th-street
https://locations.tacobell.com/ak/anchorage/1231-muldoon-road.html,ak,anchorage,1231-muldoon-road
https://locations.tacobell.com/nc/benson/12340-state-highway-210.html,nc,benson,12340-state-highway-210
https://locations.tacobell.com/la/franklinton/1230-washington-st-.html,la,franklinton,1230-washington-st-
https://locations.tacobell.com/mo/kansas-city/123-e-linwood.html,mo,kansas-city,123-e-linwood
https://locations.tacobell.com/ks/lenexa/12291-w-87th-st.html,ks,lenexa,12291-w-87th-st
https://locations.tacobell.com/mn/hastings/1229-n-frontage-rd.html,mn,hastings,1229-n-frontage-rd
https://locations.tacobell.com/ca/santa-ana/1229-e-17th-st.html,ca,santa-ana,1229-e-17th-st
https://locations.tacobell.com/la/houma/1228-saint-charles-street.html,la,houma,1228-saint-charles-street
https://locations.tacobell.com/pa/meadville/1228-park-ave.html,pa,meadville,1228-park-ave
https://locations.tacobell.com/ca/truckee/12277-deerfield.html,ca,truckee,12277-deerfield
https://locations.tacobell.com/al/meridianville/12276-u-s--highway-231.html,al,meridianville,12276-u-s--highway-231
https://locations.tacobell.com/co/fort-collins/1227-e--magnolia.html,co,fort-collins,1227-e--magnolia
https://locations.tacobell.com/ca/lakeside/12265-woodside-ave.html,ca,lakeside,12265-woodside-ave
https://locations.tacobell.com/ca/redlands/1225-w-colton.html,ca,redlands,1225-w-colton
https://locations.tacobell.com/wv/princeton/1225-stafford-dr.html,wv,princeton,1225-stafford-dr
https://locations.tacobell.com/tx/gonzales/1225-e--sara-dewitt-drive.html,tx,gonzales,1225-e--sara-dewitt-drive
https://locations.tacobell.com/in/new-haven/12244-mackenzie-drive.html,in,new-haven,12244-mackenzie-drive
https://locations.tacobell.com/fl/crestview/1224-north-ferdon-blvd.html,fl,crestview,1224-north-ferdon-blvd
https://locations.tacobell.com/il/palatine/1224-e--dundee-rd-.html,il,palatine,1224-e--dundee-rd-
https://locations.tacobell.com/or/portland/12237-n-jantzen-dr.html,or,portland,12237-n-jantzen-dr
https://locations.tacobell.com/tx/el-paso/12230-montana-ave-.html,tx,el-paso,12230-montana-ave-
https://locations.tacobell.com/az/phoenix/12223-n-cave-creek-rd.html,az,phoenix,12223-n-cave-creek-rd
https://locations.tacobell.com/wa/puyallup/12223-meridian-st.html,wa,puyallup,12223-meridian-st
https://locations.tacobell.com/ca/rancho-cordova/12220-tributary-lane.html,ca,rancho-cordova,12220-tributary-lane
https://locations.tacobell.com/tx/fort-worth/1221-oakland-blvd-.html,tx,fort-worth,1221-oakland-blvd-
https://locations.tacobell.com/tn/kingsport/1221-north-eastman-road.html,tn,kingsport,1221-north-eastman-road
https://locations.tacobell.com/il/rochelle/1221-n-caron-rd.html,il,rochelle,1221-n-caron-rd
https://locations.tacobell.com/ca/concord/1221-concord-avenue.html,ca,concord,1221-concord-avenue
https://locations.tacobell.com/ks/overland-park/12208-college-blvd.html,ks,overland-park,12208-college-blvd
https://locations.tacobell.com/nm/carlsbad/1220-west-pierce-st-.html,nm,carlsbad,1220-west-pierce-st-
https://locations.tacobell.com/oh/toledo/1220-w--alexis-rd-.html,oh,toledo,1220-w--alexis-rd-
https://locations.tacobell.com/ca/porterville/1220-w-henderson.html,ca,porterville,1220-w-henderson
https://locations.tacobell.com/ks/lawrence/1220-w-6th-st.html,ks,lawrence,1220-w-6th-st
https://locations.tacobell.com/ny/riverhead/1220-old-country-rd.html,ny,riverhead,1220-old-country-rd
https://locations.tacobell.com/az/phoenix/1220-north-51st-ave.html,az,phoenix,1220-north-51st-ave
https://locations.tacobell.com/ca/redding/1220-market-st.html,ca,redding,1220-market-st
https://locations.tacobell.com/co/broomfield/1220-e-1st-ave.html,co,broomfield,1220-e-1st-ave
https://locations.tacobell.com/la/baton-rouge/122-lobdell-avenue.html,la,baton-rouge,122-lobdell-avenue
https://locations.tacobell.com/ca/waterford/12170-yosemite-blvd.html,ca,waterford,12170-yosemite-blvd
https://locations.tacobell.com/tx/corpus-christi/1217-waldron-road.html,tx,corpus-christi,1217-waldron-road
https://locations.tacobell.com/mo/kirksville/1217-s-baltimore.html,mo,kirksville,1217-s-baltimore
https://locations.tacobell.com/nc/smithfield/1217-n-bright-leaf-blvd.html,nc,smithfield,1217-n-bright-leaf-blvd
https://locations.tacobell.com/ca/artesia/12156-south-street.html,ca,artesia,12156-south-street
https://locations.tacobell.com/fl/orlando/12151-so-orange-blossom-trail.html,fl,orlando,12151-so-orange-blossom-trail
https://locations.tacobell.com/hi/honolulu/1215-s--beretania-st.html,hi,honolulu,1215-s--beretania-st
https://locations.tacobell.com/fl/macclenny/1215-s-6th-st.html,fl,macclenny,1215-s-6th-st
https://locations.tacobell.com/az/mesa/1215-e--mckellips-rd-.html,az,mesa,1215-e--mckellips-rd-
https://locations.tacobell.com/or/redmond/1214-s-highway-97.html,or,redmond,1214-s-highway-97
https://locations.tacobell.com/ca/monterey-park/1214-avenida-cesar-chavez.html,ca,monterey-park,1214-avenida-cesar-chavez
https://locations.tacobell.com/ak/eagle-river/12130-business-blvd.html,ak,eagle-river,12130-business-blvd
https://locations.tacobell.com/mo/houston/1213-sam-houston-blvd-.html,mo,houston,1213-sam-houston-blvd-
https://locations.tacobell.com/va/newport-news/12126-jefferson-ave.html,va,newport-news,12126-jefferson-ave
https://locations.tacobell.com/ca/anaheim/1212-south-harbor-blvd.html,ca,anaheim,1212-south-harbor-blvd
https://locations.tacobell.com/ca/los-angeles/12105-w-pico-blvd.html,ca,los-angeles,12105-w-pico-blvd
https://locations.tacobell.com/ar/arkadelphia/121-valley-rd.html,ar,arkadelphia,121-valley-rd
https://locations.tacobell.com/tx/murphy/121-s--murphy-road.html,tx,murphy,121-s--murphy-road
https://locations.tacobell.com/hi/kailua/121-oneawa-st.html,hi,kailua,121-oneawa-st
https://locations.tacobell.com/pa/glenolden/121-n--mcdade-blvd-.html,pa,glenolden,121-n--mcdade-blvd-
https://locations.tacobell.com/wv/princeton/121-lyle-way.html,wv,princeton,121-lyle-way
https://locations.tacobell.com/ga/cornelia/121-furniture-plaza.html,ga,cornelia,121-furniture-plaza
https://locations.tacobell.com/il/de-kalb/1209-w-lincoln-hwy.html,il,de-kalb,1209-w-lincoln-hwy
https://locations.tacobell.com/in/fort-wayne/1209-reckeweg-road.html,in,fort-wayne,1209-reckeweg-road
https://locations.tacobell.com/ar/west-memphis/1209-n--missouri-st-.html,ar,west-memphis,1209-n--missouri-st-
https://locations.tacobell.com/ms/mccomb/1209-delaware-avenue.html,ms,mccomb,1209-delaware-avenue
https://locations.tacobell.com/pa/lehighton/1209-blakeslee-blvd-drive-east.html,pa,lehighton,1209-blakeslee-blvd-drive-east
https://locations.tacobell.com/va/danville/1208-piney-forest-road.html,va,danville,1208-piney-forest-road
https://locations.tacobell.com/co/colorado-springs/1208-interquest-parkway.html,co,colorado-springs,1208-interquest-parkway
https://locations.tacobell.com/va/richmond/1208-azalea-avenue.html,va,richmond,1208-azalea-avenue
https://locations.tacobell.com/ne/omaha/12075-w--center-rd-.html,ne,omaha,12075-w--center-rd-
https://locations.tacobell.com/ks/olathe/12075-s--blackbob-rd-.html,ks,olathe,12075-s--blackbob-rd-
https://locations.tacobell.com/tx/rusk/1207-n-dickinson-dr-.html,tx,rusk,1207-n-dickinson-dr-
https://locations.tacobell.com/tx/san-antonio/12050-blanco-road.html,tx,san-antonio,12050-blanco-road
https://locations.tacobell.com/nc/apex/1205-laura-village-drive.html,nc,apex,1205-laura-village-drive
https://locations.tacobell.com/il/aurora/1204-n-lake-st.html,il,aurora,1204-n-lake-st
https://locations.tacobell.com/ks/hutchinson/1203-e-30th-st.html,ks,hutchinson,1203-e-30th-st
https://locations.tacobell.com/la/gonzales/1202-n--airline-hwy-.html,la,gonzales,1202-n--airline-hwy-
https://locations.tacobell.com/wa/spokane/1202-n-monroe-st.html,wa,spokane,1202-n-monroe-st
https://locations.tacobell.com/ok/ponca-city/1202-e-prospect-ave.html,ok,ponca-city,1202-e-prospect-ave
https://locations.tacobell.com/or/portland/12017-ne-glisan-st.html,or,portland,12017-ne-glisan-st
https://locations.tacobell.com/ks/shawnee-mission/12014-shawnee-mission-pkwy-.html,ks,shawnee-mission,12014-shawnee-mission-pkwy-
https://locations.tacobell.com/ca/los-angeles/12011-venice-blvd.html,ca,los-angeles,12011-venice-blvd
https://locations.tacobell.com/tx/euless/1201-w--glade-rd-.html,tx,euless,1201-w--glade-rd-
https://locations.tacobell.com/ok/claremore/1201-w-will-rogers-blvd.html,ok,claremore,1201-w-will-rogers-blvd
https://locations.tacobell.com/il/litchfield/1201-w-weir-st.html,il,litchfield,1201-w-weir-st
https://locations.tacobell.com/mo/marshall/1201-w-college-st.html,mo,marshall,1201-w-college-st
https://locations.tacobell.com/tx/temple/1201-sw-h-k-dodgen-loop.html,tx,temple,1201-sw-h-k-dodgen-loop
https://locations.tacobell.com/fl/deland/1201-s-woodland-blvd.html,fl,deland,1201-s-woodland-blvd
https://locations.tacobell.com/ca/ukiah/1201-north-state-st.html,ca,ukiah,1201-north-state-st
https://locations.tacobell.com/il/effingham/1201-n-keller.html,il,effingham,1201-n-keller
https://locations.tacobell.com/me/lewiston/1201-lisbon.html,me,lewiston,1201-lisbon
https://locations.tacobell.com/tx/seminole/1201-hobbs-highway.html,tx,seminole,1201-hobbs-highway
https://locations.tacobell.com/ok/norman/1201-e--lindsey.html,ok,norman,1201-e--lindsey
https://locations.tacobell.com/nm/santa-fe/1201-cerrillos-road.html,nm,santa-fe,1201-cerrillos-road
https://locations.tacobell.com/tx/balch-springs/12002-elam-road.html,tx,balch-springs,12002-elam-road
https://locations.tacobell.com/fl/miami/12001-sw-129th-ct.html,fl,miami,12001-sw-129th-ct
https://locations.tacobell.com/fl/sanford/1200-wp-ball-blvd.html,fl,sanford,1200-wp-ball-blvd
https://locations.tacobell.com/tx/hereford/1200-w-1st-st.html,tx,hereford,1200-w-1st-st
https://locations.tacobell.com/nj/phillipsburg/1200-us-highway-22.html,nj,phillipsburg,1200-us-highway-22
https://locations.tacobell.com/co/pueblo/1200-southgate-place.html,co,pueblo,1200-southgate-place
https://locations.tacobell.com/ky/barbourville/1200-south-us-hwy-25e.html,ky,barbourville,1200-south-us-hwy-25e
https://locations.tacobell.com/ga/douglas/1200-s-peterson.html,ga,douglas,1200-s-peterson
https://locations.tacobell.com/ms/jackson/1200-high-street.html,ms,jackson,1200-high-street
https://locations.tacobell.com/tx/waco/120-north-valley-mills-drive.html,tx,waco,120-north-valley-mills-drive
https://locations.tacobell.com/oh/mount-vernon/120-newark-road.html,oh,mount-vernon,120-newark-road
https://locations.tacobell.com/ut/price/120-n--carbonville-road.html,ut,price,120-n--carbonville-road
https://locations.tacobell.com/ca/san-marcos/120-n-rancho-santa-fe-rd.html,ca,san-marcos,120-n-rancho-santa-fe-rd
https://locations.tacobell.com/ky/shepherdsville/120-n-joe-b--hall-ave-.html,ky,shepherdsville,120-n-joe-b--hall-ave-
https://locations.tacobell.com/il/charleston/120-lincoln-ave.html,il,charleston,120-lincoln-ave
https://locations.tacobell.com/or/lebanon/12-e-airport-road.html,or,lebanon,12-e-airport-road
https://locations.tacobell.com/oh/cincinnati/11992-chase-plaza.html,oh,cincinnati,11992-chase-plaza
https://locations.tacobell.com/la/baton-rouge/11991-hooper-rd-.html,la,baton-rouge,11991-hooper-rd-
https://locations.tacobell.com/ga/valdosta/1199-st-augustine-road.html,ga,valdosta,1199-st-augustine-road
https://locations.tacobell.com/pa/wyomissing/1199-berkshire-blvd.html,pa,wyomissing,1199-berkshire-blvd
https://locations.tacobell.com/mo/maryland-heights/11952-dorsett-rd.html,mo,maryland-heights,11952-dorsett-rd
https://locations.tacobell.com/wa/vancouver/1195-se-163rd-place.html,wa,vancouver,1195-se-163rd-place
https://locations.tacobell.com/il/anna/1195-e--vienna-street.html,il,anna,1195-e--vienna-street
https://locations.tacobell.com/ca/cloverdale/1194-s-cloverdale-boulevard.html,ca,cloverdale,1194-s-cloverdale-boulevard
https://locations.tacobell.com/sc/irmo/1192-lake-murray-blvd.html,sc,irmo,1192-lake-murray-blvd
https://locations.tacobell.com/mi/coopersville/1191-omalley-drive.html,mi,coopersville,1191-omalley-drive
https://locations.tacobell.com/mi/petoskey/1191-n--u-s--highway-31.html,mi,petoskey,1191-n--u-s--highway-31
https://locations.tacobell.com/ca/downey/11905-paramount-blvd.html,ca,downey,11905-paramount-blvd
https://locations.tacobell.com/ca/calimesa/1190-calimesa-blvd.html,ca,calimesa,1190-calimesa-blvd
https://locations.tacobell.com/mt/laurel/119-se-4th-street.html,mt,laurel,119-se-4th-street
https://locations.tacobell.com/ky/berea/119-brentwood.html,ky,berea,119-brentwood
https://locations.tacobell.com/la/scott/119-ambassador-caffrey-pkwy.html,la,scott,119-ambassador-caffrey-pkwy
https://locations.tacobell.com/fl/orlando/11893-e-colonial-dr.html,fl,orlando,11893-e-colonial-dr
https://locations.tacobell.com/fl/hialeah-gardens/11890-hialeah-gardens-blvd.html,fl,hialeah-gardens,11890-hialeah-gardens-blvd
https://locations.tacobell.com/al/moulton/11880-al-highway-157.html,al,moulton,11880-al-highway-157
https://locations.tacobell.com/ks/wichita/11877-e-kellogg.html,ks,wichita,11877-e-kellogg
https://locations.tacobell.com/ca/ojai/11850-old-grade-road.html,ca,ojai,11850-old-grade-road
https://locations.tacobell.com/nj/hazlet/1185-highway-36.html,nj,hazlet,1185-highway-36
https://locations.tacobell.com/ca/soledad/1185-front-street.html,ca,soledad,1185-front-street
https://locations.tacobell.com/tx/dallas/11829-abrams-road.html,tx,dallas,11829-abrams-road
https://locations.tacobell.com/fl/port-richey/11818-u-s--highway-19.html,fl,port-richey,11818-u-s--highway-19
https://locations.tacobell.com/in/indianapolis/11805-pendleton-pike.html,in,indianapolis,11805-pendleton-pike
https://locations.tacobell.com/wi/ripon/1180-west-fond-du-lac.html,wi,ripon,1180-west-fond-du-lac
https://locations.tacobell.com/ga/marietta/1180-powder-springs-st.html,ga,marietta,1180-powder-springs-st
https://locations.tacobell.com/la/minden/1180-homer-rd.html,la,minden,1180-homer-rd
https://locations.tacobell.com/ut/layton/1180-east-hwy-193.html,ut,layton,1180-east-hwy-193
https://locations.tacobell.com/ma/ware/118-west-street.html,ma,ware,118-west-street
https://locations.tacobell.com/pa/erie/118-e-12th-st.html,pa,erie,118-e-12th-st
https://locations.tacobell.com/ca/orland/1179-hoff-way.html,ca,orland,1179-hoff-way
https://locations.tacobell.com/mi/burton/1176-n-belsay-rd.html,mi,burton,1176-n-belsay-rd
https://locations.tacobell.com/ca/los-angeles/11758-s-wilmington.html,ca,los-angeles,11758-s-wilmington
https://locations.tacobell.com/md/beltsville/11751-beltsville-drive.html,md,beltsville,11751-beltsville-drive
https://locations.tacobell.com/il/alsip/11750-south-palaski-road.html,il,alsip,11750-south-palaski-road
https://locations.tacobell.com/il/des-plaines/1175-e--oakton.html,il,des-plaines,1175-e--oakton
https://locations.tacobell.com/in/edinburgh/11740-n-us-31.html,in,edinburgh,11740-n-us-31
https://locations.tacobell.com/ca/placentia/1174-yorba-linda-blvd-.html,ca,placentia,1174-yorba-linda-blvd-
https://locations.tacobell.com/nj/little-falls/1173-route-46.html,nj,little-falls,1173-route-46
https://locations.tacobell.com/wa/vancouver/11717-ne-65th-street.html,wa,vancouver,11717-ne-65th-street
https://locations.tacobell.com/wi/neenah/1171-westowne-dr.html,wi,neenah,1171-westowne-dr
https://locations.tacobell.com/tx/dallas/11702-plano-rd-.html,tx,dallas,11702-plano-rd-
https://locations.tacobell.com/co/lakewood/11701-w-colfax.html,co,lakewood,11701-w-colfax
https://locations.tacobell.com/or/beaverton/1170-nw-185th-ave.html,or,beaverton,1170-nw-185th-ave
https://locations.tacobell.com/ms/richland/1170-highway-49-south.html,ms,richland,1170-highway-49-south
https://locations.tacobell.com/ga/decatur/1170-columbia-drive.html,ga,decatur,1170-columbia-drive
https://locations.tacobell.com/nc/jacksonville/117-western-blvd.html,nc,jacksonville,117-western-blvd
https://locations.tacobell.com/nj/hammonton/117-s--white-horse-pike.html,nj,hammonton,117-s--white-horse-pike
https://locations.tacobell.com/nm/taos/117-paseo-del-canyon.html,nm,taos,117-paseo-del-canyon
https://locations.tacobell.com/tn/jackson/117-parkstone-place.html,tn,jackson,117-parkstone-place
https://locations.tacobell.com/tn/rocky-top/117-colonial-lane.html,tn,rocky-top,117-colonial-lane
https://locations.tacobell.com/ca/north-hollywood/11694-magnolia-avenue.html,ca,north-hollywood,11694-magnolia-avenue
https://locations.tacobell.com/ca/san-diego/11688-carmel-mtn-rd.html,ca,san-diego,11688-carmel-mtn-rd
https://locations.tacobell.com/oh/delaware/1167-columbus-pike.html,oh,delaware,1167-columbus-pike
https://locations.tacobell.com/nc/clayton/11657-us-70.html,nc,clayton,11657-us-70
https://locations.tacobell.com/pa/audubon/1165-south-trooper-road.html,pa,audubon,1165-south-trooper-road
https://locations.tacobell.com/mo/sikeston/1165-s--main.html,mo,sikeston,1165-s--main
https://locations.tacobell.com/fl/jacksonville/11646-san-jose-blvd.html,fl,jacksonville,11646-san-jose-blvd
https://locations.tacobell.com/az/buckeye/1164-s-watson-rd.html,az,buckeye,1164-s-watson-rd
https://locations.tacobell.com/ny/rome/1164-erie-blvd-west.html,ny,rome,1164-erie-blvd-west
https://locations.tacobell.com/or/tigard/11635-sw-pacific-hwy.html,or,tigard,11635-sw-pacific-hwy
https://locations.tacobell.com/or/island-city/11625-island-ave.html,or,island-city,11625-island-ave
https://locations.tacobell.com/wa/kirkland/11624-124th-ne.html,wa,kirkland,11624-124th-ne
https://locations.tacobell.com/wa/vancouver/11620-se-mill-plain-blvd.html,wa,vancouver,11620-se-mill-plain-blvd
https://locations.tacobell.com/ky/bowling-green/1162-31w-bypass.html,ky,bowling-green,1162-31w-bypass
https://locations.tacobell.com/il/elgin/1160-n-mclean-blvd.html,il,elgin,1160-n-mclean-blvd
https://locations.tacobell.com/oh/woodsfield/116-north-main-street.html,oh,woodsfield,116-north-main-street
https://locations.tacobell.com/de/new-castle/116-north-dupont-highway.html,de,new-castle,116-north-dupont-highway
https://locations.tacobell.com/nc/spring-lake/116-n-4th-st.html,nc,spring-lake,116-n-4th-st
https://locations.tacobell.com/nc/wilmington/116-hays-lane.html,nc,wilmington,116-hays-lane
https://locations.tacobell.com/ca/glendora/116-e-route-66.html,ca,glendora,116-e-route-66
https://locations.tacobell.com/mi/wayland/1158-w--superior-street.html,mi,wayland,1158-w--superior-street
https://locations.tacobell.com/va/charlottesville/1158-5th-street-s-w-.html,va,charlottesville,1158-5th-street-s-w-
https://locations.tacobell.com/ks/manhattan/1155-westport-road.html,ks,manhattan,1155-westport-road
https://locations.tacobell.com/fl/apopka/1154-rock-springs-rd.html,fl,apopka,1154-rock-springs-rd
https://locations.tacobell.com/in/scottsburg/1153-west-mcclain-ave-.html,in,scottsburg,1153-west-mcclain-ave-
https://locations.tacobell.com/mi/davison/1153-s--state-rd.html,mi,davison,1153-s--state-rd
https://locations.tacobell.com/ar/north-little-rock/11525-maumelle-blvd.html,ar,north-little-rock,11525-maumelle-blvd
https://locations.tacobell.com/in/greencastle/1152-indianapolis-rd.html,in,greencastle,1152-indianapolis-rd
https://locations.tacobell.com/ca/azusa/1150-w-foothill.html,ca,azusa,1150-w-foothill
https://locations.tacobell.com/ca/san-francisco/1150-taraval-street.html,ca,san-francisco,1150-taraval-street
https://locations.tacobell.com/il/grayslake/115-s--state-route-83.html,il,grayslake,115-s--state-route-83
https://locations.tacobell.com/tx/coppell/115-north-denton-tap-road.html,tx,coppell,115-north-denton-tap-road
https://locations.tacobell.com/tx/royse-city/115-e--highway-30.html,tx,royse-city,115-e--highway-30
https://locations.tacobell.com/oh/oak-harbor/115-e-water-street.html,oh,oak-harbor,115-e-water-street
https://locations.tacobell.com/co/loveland/115-65th-st-.html,co,loveland,115-65th-st-
https://locations.tacobell.com/ny/elmira/1149-broadway-street.html,ny,elmira,1149-broadway-street
https://locations.tacobell.com/az/mesa/1148-n-higley-rd.html,az,mesa,1148-n-higley-rd
https://locations.tacobell.com/ar/fayetteville/1147-north-colorado.html,ar,fayetteville,1147-north-colorado
https://locations.tacobell.com/az/chino-valley/1147-n-hwy-89.html,az,chino-valley,1147-n-hwy-89
https://locations.tacobell.com/ms/ridgeland/1146-e-county-line-rd.html,ms,ridgeland,1146-e-county-line-rd
https://locations.tacobell.com/ut/south-jordan/11456-s--district-drive.html,ut,south-jordan,11456-s--district-drive
https://locations.tacobell.com/va/glen-allen/11450-west-broad-street.html,va,glen-allen,11450-west-broad-street
https://locations.tacobell.com/la/leesville/1145-entrance-rd.html,la,leesville,1145-entrance-rd
https://locations.tacobell.com/tx/dallas/11441-jupiter-road.html,tx,dallas,11441-jupiter-road
https://locations.tacobell.com/mi/holland/1144-south-washington.html,mi,holland,1144-south-washington
https://locations.tacobell.com/fl/coral-springs/11431-west-sample-road.html,fl,coral-springs,11431-west-sample-road
https://locations.tacobell.com/mi/mount-pleasant/1143-s-mission-st.html,mi,mount-pleasant,1143-s-mission-st
https://locations.tacobell.com/in/fishers/11425-allisonville-road.html,in,fishers,11425-allisonville-road
https://locations.tacobell.com/ms/gulfport/11423-highway-49-north.html,ms,gulfport,11423-highway-49-north
https://locations.tacobell.com/il/bensenville/1140-s-york-rd.html,il,bensenville,1140-s-york-rd
https://locations.tacobell.com/wi/dodgeville/1140-n--johns-street.html,wi,dodgeville,1140-n--johns-street
https://locations.tacobell.com/ca/norco/1140-hamner-avenue.html,ca,norco,1140-hamner-avenue
https://locations.tacobell.com/ga/peachtree-city/1140-crosstown-ct.html,ga,peachtree-city,1140-crosstown-ct
https://locations.tacobell.com/wi/waupun/114-shaler.html,wi,waupun,114-shaler
https://locations.tacobell.com/mi/dowagiac/114-main-street.html,mi,dowagiac,114-main-street
https://locations.tacobell.com/mo/wentzville/1139-w--pearce-blvd-.html,mo,wentzville,1139-w--pearce-blvd-
https://locations.tacobell.com/ga/metter/1135-south-lewis-street.html,ga,metter,1135-south-lewis-street
https://locations.tacobell.com/nj/somerset/1135-easton-ave.html,nj,somerset,1135-easton-ave
https://locations.tacobell.com/tx/grapevine/1134-william-d--tate-ave-.html,tx,grapevine,1134-william-d--tate-ave-
https://locations.tacobell.com/ca/corona/1134-w-6th-st.html,ca,corona,1134-w-6th-st
https://locations.tacobell.com/id/pocatello/1133-south-5th.html,id,pocatello,1133-south-5th
https://locations.tacobell.com/mi/south-haven/1133-phoenix-road.html,mi,south-haven,1133-phoenix-road
https://locations.tacobell.com/tx/corpus-christi/11328-leopard-st.html,tx,corpus-christi,11328-leopard-st
https://locations.tacobell.com/az/avondale/11325-w-buckeye-road.html,az,avondale,11325-w-buckeye-road
https://locations.tacobell.com/ga/hampton/11325-tara-blvd.html,ga,hampton,11325-tara-blvd
https://locations.tacobell.com/fl/brandon/11315-causeway-blvd.html,fl,brandon,11315-causeway-blvd
https://locations.tacobell.com/ms/brandon/1131-west-government-street.html,ms,brandon,1131-west-government-street
https://locations.tacobell.com/ca/foster-city/1131-triton-dr-.html,ca,foster-city,1131-triton-dr-
https://locations.tacobell.com/az/mesa/1131-s--stapley-dr-.html,az,mesa,1131-s--stapley-dr-
https://locations.tacobell.com/ca/fallbrook/1131-s-mission-rd.html,ca,fallbrook,1131-s-mission-rd
https://locations.tacobell.com/nj/edison/1131-inman-avenue.html,nj,edison,1131-inman-avenue
https://locations.tacobell.com/wa/puyallup/11304-canyon-road.html,wa,puyallup,11304-canyon-road
https://locations.tacobell.com/ok/yukon/11303-westmark-drive.html,ok,yukon,11303-westmark-drive
https://locations.tacobell.com/tx/el-paso/11300-mccombs.html,tx,el-paso,11300-mccombs
https://locations.tacobell.com/ut/orem/1130-west-800-north.html,ut,orem,1130-west-800-north
https://locations.tacobell.com/ut/logan/1130-south-100-west.html,ut,logan,1130-south-100-west
https://locations.tacobell.com/tx/alvarado/1130-highway-67-west.html,tx,alvarado,1130-highway-67-west
https://locations.tacobell.com/ca/martinez/1130-arnold-dr-.html,ca,martinez,1130-arnold-dr-
https://locations.tacobell.com/va/stephens-city/113-town-run-lane.html,va,stephens-city,113-town-run-lane
https://locations.tacobell.com/oh/bluffton/113-commerce-lane.html,oh,bluffton,113-commerce-lane
https://locations.tacobell.com/ca/fountain-valley/11291-talbert.html,ca,fountain-valley,11291-talbert
https://locations.tacobell.com/fl/fort-myers-beach/11290-summerlin-square-dr.html,fl,fort-myers-beach,11290-summerlin-square-dr
https://locations.tacobell.com/in/greenwood/1129-e-main-street.html,in,greenwood,1129-e-main-street
https://locations.tacobell.com/ms/lucedale/11282-old-63-south.html,ms,lucedale,11282-old-63-south
https://locations.tacobell.com/fl/jacksonville/11270-old-st-augustine-rd.html,fl,jacksonville,11270-old-st-augustine-rd
https://locations.tacobell.com/in/auburn/1126-w--7th-st-.html,in,auburn,1126-w--7th-st-
https://locations.tacobell.com/va/reston/11257-roger-bacon-dr.html,va,reston,11257-roger-bacon-dr
https://locations.tacobell.com/fl/pembroke-pines/11257-pines-blvd.html,fl,pembroke-pines,11257-pines-blvd
https://locations.tacobell.com/nc/garner/1125-us-highway-70.html,nc,garner,1125-us-highway-70
https://locations.tacobell.com/az/mesa/1125-s-dobson-rd.html,az,mesa,1125-s-dobson-rd
https://locations.tacobell.com/ok/duncan/1125-n--highway-81.html,ok,duncan,1125-n--highway-81
https://locations.tacobell.com/nc/thomasville/1124-randolph-st.html,nc,thomasville,1124-randolph-st
https://locations.tacobell.com/tx/san-antonio/11238-potranco-rd.html,tx,san-antonio,11238-potranco-rd
https://locations.tacobell.com/ca/rancho-cordova/11230-sun-center-dr.html,ca,rancho-cordova,11230-sun-center-dr
https://locations.tacobell.com/mi/wyoming/1123-chicago-dr.html,mi,wyoming,1123-chicago-dr
https://locations.tacobell.com/fl/jacksonville/11228-beach-blvd.html,fl,jacksonville,11228-beach-blvd
https://locations.tacobell.com/il/bloomington/1122-s--veterans-parkway.html,il,bloomington,1122-s--veterans-parkway
https://locations.tacobell.com/tn/knoxville/11217-kingston-pike.html,tn,knoxville,11217-kingston-pike
https://locations.tacobell.com/tx/san-antonio/11215-culebra-rd-.html,tx,san-antonio,11215-culebra-rd-
https://locations.tacobell.com/ky/louisville/11206-preston-hwy.html,ky,louisville,11206-preston-hwy
https://locations.tacobell.com/tn/atoka/11200-highway-51-south.html,tn,atoka,11200-highway-51-south
https://locations.tacobell.com/nj/new-brunswick/1120-somerset-street.html,nj,new-brunswick,1120-somerset-street
https://locations.tacobell.com/oh/greenville/1120-e--russ-road.html,oh,greenville,1120-e--russ-road
https://locations.tacobell.com/ca/vacaville/1120-leisure-town-rd.html,ca,vacaville,1120-leisure-town-rd
https://locations.tacobell.com/la/shreveport/1120-kings-hwy.html,la,shreveport,1120-kings-hwy
https://locations.tacobell.com/nc/cary/1120-kildaire-farm-rd.html,nc,cary,1120-kildaire-farm-rd
https://locations.tacobell.com/wa/aberdeen/1120-e-wishkah-st.html,wa,aberdeen,1120-e-wishkah-st
https://locations.tacobell.com/wa/centralia/1120-belmont-ave.html,wa,centralia,1120-belmont-ave
https://locations.tacobell.com/sc/moncks-corner/112-s-highway-52.html,sc,moncks-corner,112-s-highway-52
https://locations.tacobell.com/wi/south-milwaukee/112-n-chicago-ave.html,wi,south-milwaukee,112-n-chicago-ave
https://locations.tacobell.com/or/sutherlin/112-clover-leap-loop.html,or,sutherlin,112-clover-leap-loop
https://locations.tacobell.com/oh/west-union/11191-state-route-41.html,oh,west-union,11191-state-route-41
https://locations.tacobell.com/va/hampton/1118-big-bethel-road.html,va,hampton,1118-big-bethel-road
https://locations.tacobell.com/mo/maryville/1117-s-main-st.html,mo,maryville,1117-s-main-st
https://locations.tacobell.com/la/jefferson/1117-s-clearview-pkwy.html,la,jefferson,1117-s-clearview-pkwy
https://locations.tacobell.com/tx/saginaw/1117-north-saginaw-blvd.html,tx,saginaw,1117-north-saginaw-blvd
https://locations.tacobell.com/ms/southaven/1117-main-st.html,ms,southaven,1117-main-st
https://locations.tacobell.com/ks/olathe/1117-e--santa-fe-st-.html,ks,olathe,1117-e--santa-fe-st-
https://locations.tacobell.com/al/troy/1116-highway-231-s.html,al,troy,1116-highway-231-s
https://locations.tacobell.com/oh/springfield/1115-upper-valley-pike.html,oh,springfield,1115-upper-valley-pike
https://locations.tacobell.com/oh/findlay/1115-tiffin-ave.html,oh,findlay,1115-tiffin-ave
https://locations.tacobell.com/nc/greensboro/1115-summit-ave.html,nc,greensboro,1115-summit-ave
https://locations.tacobell.com/ks/pittsburg/1115-s-broadway-st.html,ks,pittsburg,1115-s-broadway-st
https://locations.tacobell.com/ca/burbank/1115-n-san-fernando-blvd.html,ca,burbank,1115-n-san-fernando-blvd
https://locations.tacobell.com/al/mobile/1115-government-st.html,al,mobile,1115-government-st
https://locations.tacobell.com/nc/aberdeen/11145-us-highway-15-501.html,nc,aberdeen,11145-us-highway-15-501
https://locations.tacobell.com/fl/spring-hill/11140-springhill-blvd.html,fl,spring-hill,11140-springhill-blvd
https://locations.tacobell.com/ga/covington/11140-highway-142.html,ga,covington,11140-highway-142
https://locations.tacobell.com/tn/clinton/1114-n-charles-g-seivers-blvd.html,tn,clinton,1114-n-charles-g-seivers-blvd
https://locations.tacobell.com/ok/elk-city/1113-w--3rd-st-.html,ok,elk-city,1113-w--3rd-st-
https://locations.tacobell.com/va/norfolk/1113-military-highway.html,va,norfolk,1113-military-highway
https://locations.tacobell.com/ca/glendale/1113-e-colorado-st.html,ca,glendale,1113-e-colorado-st
https://locations.tacobell.com/co/canon-city/1112-royal-gorge-blvd.html,co,canon-city,1112-royal-gorge-blvd
https://locations.tacobell.com/al/athens/1112-jefferson-st-se.html,al,athens,1112-jefferson-st-se
https://locations.tacobell.com/sc/sumter/1112-broad-st.html,sc,sumter,1112-broad-st
https://locations.tacobell.com/fl/riverview/11118-bloomingdale-ave.html,fl,riverview,11118-bloomingdale-ave
https://locations.tacobell.com/tn/bristol/1111-volunteer-parkway.html,tn,bristol,1111-volunteer-parkway
https://locations.tacobell.com/az/tucson/1111-s-wilmot-rd.html,az,tucson,1111-s-wilmot-rd
https://locations.tacobell.com/ca/granada-hills/11101-woodley-avenue.html,ca,granada-hills,11101-woodley-avenue
https://locations.tacobell.com/nc/durham/1110-w--nc-54.html,nc,durham,1110-w--nc-54
https://locations.tacobell.com/ky/beaver-dam/1110-north-main.html,ky,beaver-dam,1110-north-main
https://locations.tacobell.com/wa/seattle/1110-north-90th-street.html,wa,seattle,1110-north-90th-street
https://locations.tacobell.com/nv/reno/1110-n-hills-blvd.html,nv,reno,1110-n-hills-blvd
https://locations.tacobell.com/ga/jesup/1110-n-1st-st.html,ga,jesup,1110-n-1st-st
https://locations.tacobell.com/tx/copperas-cove/1110-hwy-190-e.html,tx,copperas-cove,1110-hwy-190-e
https://locations.tacobell.com/nj/deptford/1110-hurffville-rd.html,nj,deptford,1110-hurffville-rd
https://locations.tacobell.com/tn/pleasant-view/111-ren-mar-drive.html,tn,pleasant-view,111-ren-mar-drive
https://locations.tacobell.com/mi/alpena/111-padd-court.html,mi,alpena,111-padd-court
https://locations.tacobell.com/ky/shelbyville/111-boone-station-road.html,ky,shelbyville,111-boone-station-road
https://locations.tacobell.com/ca/sunnyvale/1109-tasman-drive.html,ca,sunnyvale,1109-tasman-drive
https://locations.tacobell.com/nv/las-vegas/1109-e--twain.html,nv,las-vegas,1109-e--twain
https://locations.tacobell.com/mo/rolla/1109-n-bishop-avenue.html,mo,rolla,1109-n-bishop-avenue
https://locations.tacobell.com/sc/inman/11083-asheville-hwy.html,sc,inman,11083-asheville-hwy
https://locations.tacobell.com/tx/round-rock/1108-n-interstate-35.html,tx,round-rock,1108-n-interstate-35
https://locations.tacobell.com/nc/morrisville/1108-morrisville-carpenter-rd.html,nc,morrisville,1108-morrisville-carpenter-rd
https://locations.tacobell.com/az/scottsdale/11072-no-frank-lloyd-wright.html,az,scottsdale,11072-no-frank-lloyd-wright
https://locations.tacobell.com/ca/exeter/1107-visalia-rd.html,ca,exeter,1107-visalia-rd
https://locations.tacobell.com/la/houma/1107-grand-caillou-rd.html,la,houma,1107-grand-caillou-rd
https://locations.tacobell.com/tx/ennis/1107-e-ennis-avenue.html,tx,ennis,1107-e-ennis-avenue
https://locations.tacobell.com/ca/paso-robles/1107-24th-st.html,ca,paso-robles,1107-24th-st
https://locations.tacobell.com/mi/adrian/1106-n--main-st.html,mi,adrian,1106-n--main-st
https://locations.tacobell.com/ca/orcutt/1106-e-clark.html,ca,orcutt,1106-e-clark
https://locations.tacobell.com/nc/goldsboro/1106-11th-st.html,nc,goldsboro,1106-11th-st
https://locations.tacobell.com/nv/henderson/11051-so--eastern.html,nv,henderson,11051-so--eastern
https://locations.tacobell.com/ar/clarksville/1105-south-rogers.html,ar,clarksville,1105-south-rogers
https://locations.tacobell.com/pa/indiana/1105-oakland-avenue.html,pa,indiana,1105-oakland-avenue
https://locations.tacobell.com/ca/chowchilla/1105-e-robertson-blvd.html,ca,chowchilla,1105-e-robertson-blvd
https://locations.tacobell.com/in/columbus/1105-25th-st.html,in,columbus,1105-25th-st
https://locations.tacobell.com/la/amite/1104-west-oak.html,la,amite,1104-west-oak
https://locations.tacobell.com/oh/bryan/1104-s-main-st.html,oh,bryan,1104-s-main-st
https://locations.tacobell.com/or/bend/1104-ne-3rd-st.html,or,bend,1104-ne-3rd-st
https://locations.tacobell.com/wv/beckley/1104-n--eisenhower-dr-.html,wv,beckley,1104-n--eisenhower-dr-
https://locations.tacobell.com/ky/georgetown/1104-lexington-road.html,ky,georgetown,1104-lexington-road
https://locations.tacobell.com/il/tuscola/1104-e--southline.html,il,tuscola,1104-e--southline
https://locations.tacobell.com/tx/manor/11032-e-us-hwy-290.html,tx,manor,11032-e-us-hwy-290
https://locations.tacobell.com/ca/redwood-city/1103-veterans-blvd.html,ca,redwood-city,1103-veterans-blvd
https://locations.tacobell.com/pa/allentown/1102-1122-airport-rd.html,pa,allentown,1102-1122-airport-rd
https://locations.tacobell.com/mo/independence/11020-e-23rd-st-s.html,mo,independence,11020-e-23rd-st-s
https://locations.tacobell.com/ar/batesville/1102-s-saint-louis-st.html,ar,batesville,1102-s-saint-louis-st
https://locations.tacobell.com/ia/clinton/1102-north-2nd-street.html,ia,clinton,1102-north-2nd-street
https://locations.tacobell.com/nj/ocean/1102-highway-35.html,nj,ocean,1102-highway-35
https://locations.tacobell.com/ri/cranston/1102-cranston-st.html,ri,cranston,1102-cranston-st
https://locations.tacobell.com/nj/glassboro/1101-n--delsea-drive.html,nj,glassboro,1101-n--delsea-drive
https://locations.tacobell.com/wi/west-allis/11011-w-national-avenue.html,wi,west-allis,11011-w-national-avenue
https://locations.tacobell.com/tx/arlington/1101-n--collins.html,tx,arlington,1101-n--collins
https://locations.tacobell.com/tx/mansfield/1101-highway-287-n.html,tx,mansfield,1101-highway-287-n
https://locations.tacobell.com/tx/waco/1101-hewitt-drive.html,tx,waco,1101-hewitt-drive
https://locations.tacobell.com/pa/gilbertsville/1101-e--philadelphia-avenue.html,pa,gilbertsville,1101-e--philadelphia-avenue
https://locations.tacobell.com/wa/olympia/1101-cooper-point-rd-sw.html,wa,olympia,1101-cooper-point-rd-sw
https://locations.tacobell.com/ok/norman/1101-12th-ave-ne.html,ok,norman,1101-12th-ave-ne
https://locations.tacobell.com/fl/tampa/11007-north-dale-mabry.html,fl,tampa,11007-north-dale-mabry
https://locations.tacobell.com/ca/el-monte/11007-garvey-ave.html,ca,el-monte,11007-garvey-ave
https://locations.tacobell.com/ca/norwalk/11005-imperial-highway.html,ca,norwalk,11005-imperial-highway
https://locations.tacobell.com/ca/lynwood/11001-atlantic-ave.html,ca,lynwood,11001-atlantic-ave
https://locations.tacobell.com/or/milwaukie/11000-se-oak-st.html,or,milwaukie,11000-se-oak-st
https://locations.tacobell.com/ca/escalon/1100-yosemite-ave.html,ca,escalon,1100-yosemite-ave
https://locations.tacobell.com/nm/lovington/1100-west-avenue-d.html,nm,lovington,1100-west-avenue-d
https://locations.tacobell.com/tn/savannah/155-wayne-road.html,tn,savannah,155-wayne-road
https://locations.tacobell.com/mo/columbia/1100-smiley-lane.html,mo,columbia,1100-smiley-lane
https://locations.tacobell.com/md/rockville/1100-rockville-pike.html,md,rockville,1100-rockville-pike
https://locations.tacobell.com/ok/catoosa/1100-n-193rd-east-ave.html,ok,catoosa,1100-n-193rd-east-ave
https://locations.tacobell.com/mi/dewitt/1100-east-herbison-rd.html,mi,dewitt,1100-east-herbison-rd
https://locations.tacobell.com/wa/snohomish/1100-avenue-d.html,wa,snohomish,1100-avenue-d
https://locations.tacobell.com/ar/hot-springs/1100-albert-pike.html,ar,hot-springs,1100-albert-pike
https://locations.tacobell.com/nm/roswell/110-west-hobbs.html,nm,roswell,110-west-hobbs
https://locations.tacobell.com/oh/london/110-west-high-street.html,oh,london,110-west-high-street
https://locations.tacobell.com/fl/niceville/110-w--john-sims-parkway.html,fl,niceville,110-w--john-sims-parkway
https://locations.tacobell.com/pa/kingston/110-south-wyoming-avenue.html,pa,kingston,110-south-wyoming-avenue
https://locations.tacobell.com/va/midlothian/110-schofield-drive.html,va,midlothian,110-schofield-drive
https://locations.tacobell.com/in/corydon/110-pacer-drive-nw.html,in,corydon,110-pacer-drive-nw
https://locations.tacobell.com/oh/somerset/110-north-columbus-street.html,oh,somerset,110-north-columbus-street
https://locations.tacobell.com/nj/williamstown/110-n-black-horse-pike.html,nj,williamstown,110-n-black-horse-pike
https://locations.tacobell.com/az/payson/110-highway-260.html,az,payson,110-highway-260
https://locations.tacobell.com/pa/mount-pleasant/110-crossroads-plaza.html,pa,mount-pleasant,110-crossroads-plaza
https://locations.tacobell.com/ky/winchester/110-april-way.html,ky,winchester,110-april-way
https://locations.tacobell.com/wv/fairmont/11-southland-drive.html,wv,fairmont,11-southland-drive
https://locations.tacobell.com/wa/sequim/11-lee-chatfield-way.html,wa,sequim,11-lee-chatfield-way
https://locations.tacobell.com/fl/cape-coral/11-hancock-bridge-pkwy-west.html,fl,cape-coral,11-hancock-bridge-pkwy-west
https://locations.tacobell.com/sc/bluffton/11-gateway-village-road.html,sc,bluffton,11-gateway-village-road
https://locations.tacobell.com/ma/seekonk/11-commerce-way.html,ma,seekonk,11-commerce-way
https://locations.tacobell.com/ca/riverside/10995-magnolia-ave.html,ca,riverside,10995-magnolia-ave
https://locations.tacobell.com/nm/rio-rancho/1099-rio-rancho-dr.html,nm,rio-rancho,1099-rio-rancho-dr
https://locations.tacobell.com/ca/clovis/1097-north-willow-ave-.html,ca,clovis,1097-north-willow-ave-
https://locations.tacobell.com/ga/alpharetta/10960-state-bridge-road.html,ga,alpharetta,10960-state-bridge-road
https://locations.tacobell.com/wi/waupaca/1092-w--fulton-street.html,wi,waupaca,1092-w--fulton-street
https://locations.tacobell.com/oh/newark/1091-n-21st-st.html,oh,newark,1091-n-21st-st
https://locations.tacobell.com/ky/mount-vernon/1090-richmond-street.html,ky,mount-vernon,1090-richmond-street
https://locations.tacobell.com/ca/san-diego/1090-outer-rd.html,ca,san-diego,1090-outer-rd
https://locations.tacobell.com/sc/mount-pleasant/1096-isle-of-palms-connector.html,sc,mount-pleasant,1096-isle-of-palms-connector
https://locations.tacobell.com/tx/elgin/1090-highway-290-w.html,tx,elgin,1090-highway-290-w
https://locations.tacobell.com/pa/hanover/1090-carlisle-st.html,pa,hanover,1090-carlisle-st
https://locations.tacobell.com/ar/crossett/109-west-first-avenue.html,ar,crossett,109-west-first-avenue
https://locations.tacobell.com/oh/dayton/109-springboro-pike.html,oh,dayton,109-springboro-pike
https://locations.tacobell.com/ca/grass-valley/109-olympia-park-road.html,ca,grass-valley,109-olympia-park-road
https://locations.tacobell.com/wa/prosser/109-merlot-drive.html,wa,prosser,109-merlot-drive
https://locations.tacobell.com/nc/king/109-ingram-drive.html,nc,king,109-ingram-drive
https://locations.tacobell.com/pa/canonsburg/109-cavasina-drive.html,pa,canonsburg,109-cavasina-drive
https://locations.tacobell.com/nh/epping/109-calef-hwy.html,nh,epping,109-calef-hwy
https://locations.tacobell.com/md/gambrills/1088-state-route-3-n.html,md,gambrills,1088-state-route-3-n
https://locations.tacobell.com/al/dothan/1087-ross-clark-circle.html,al,dothan,1087-ross-clark-circle
https://locations.tacobell.com/md/frederick/1086-w-patrick-st-.html,md,frederick,1086-w-patrick-st-
https://locations.tacobell.com/in/camby/10850-windfall-place.html,in,camby,10850-windfall-place
https://locations.tacobell.com/ga/alpharetta/10850-haynes-bridge-road.html,ga,alpharetta,10850-haynes-bridge-road
https://locations.tacobell.com/ca/fresno/1085-east-champlain-drive.html,ca,fresno,1085-east-champlain-drive
https://locations.tacobell.com/co/parker/10832-s-crossroads-dr.html,co,parker,10832-s-crossroads-dr
https://locations.tacobell.com/ok/oklahoma-city/10830-n-rockwell-ave.html,ok,oklahoma-city,10830-n-rockwell-ave
https://locations.tacobell.com/ny/brooklyn/108-30-flatlands-ave.html,ny,brooklyn,108-30-flatlands-ave
https://locations.tacobell.com/pa/greencastle/10820-john-wayne-dr.html,pa,greencastle,10820-john-wayne-dr
https://locations.tacobell.com/az/oro-valley/10815-n-oracle-rd.html,az,oro-valley,10815-n-oracle-rd
https://locations.tacobell.com/md/beltsville/10810-baltimore-avenue.html,md,beltsville,10810-baltimore-avenue
https://locations.tacobell.com/tx/fort-worth/10800-south-freeway.html,tx,fort-worth,10800-south-freeway
https://locations.tacobell.com/oh/buckeye-lake/10800-hebron-road-se.html,oh,buckeye-lake,10800-hebron-road-se
https://locations.tacobell.com/wy/rock-springs/108-westland-way.html,wy,rock-springs,108-westland-way
https://locations.tacobell.com/il/east-peoria/108-w-camp-st.html,il,east-peoria,108-w-camp-st
https://locations.tacobell.com/mo/poplar-bluff/108-s--westwood-blvd-.html,mo,poplar-bluff,108-s--westwood-blvd-
https://locations.tacobell.com/sc/myrtle-beach/108-loyola-drive.html,sc,myrtle-beach,108-loyola-drive
https://locations.tacobell.com/ok/guymon/108-e--hwy-54.html,ok,guymon,108-e--hwy-54
https://locations.tacobell.com/ky/louisville/108-e--broadway.html,ky,louisville,108-e--broadway
https://locations.tacobell.com/fl/new-port-richey/10795-state-rd-54.html,fl,new-port-richey,10795-state-rd-54
https://locations.tacobell.com/ct/watertown/1074-main-street.html,ct,watertown,1074-main-street
https://locations.tacobell.com/va/galax/1079-e-stuart-dr-.html,va,galax,1079-e-stuart-dr-
https://locations.tacobell.com/il/centralia/1077-w-broadway.html,il,centralia,1077-w-broadway
https://locations.tacobell.com/ri/cranston/1076-reservoir-ave.html,ri,cranston,1076-reservoir-ave
https://locations.tacobell.com/az/yuma/10754-s--commercial-centre-loop.html,az,yuma,10754-s--commercial-centre-loop
https://locations.tacobell.com/co/aurora/10750-east-colfax-avenue.html,co,aurora,10750-east-colfax-avenue
https://locations.tacobell.com/nv/reno/1075-w-4th-st.html,nv,reno,1075-w-4th-st
https://locations.tacobell.com/fl/hialeah/1075-w-49th-st.html,fl,hialeah,1075-w-49th-st
https://locations.tacobell.com/ca/anaheim/1075-north-tustin-avenue.html,ca,anaheim,1075-north-tustin-avenue
https://locations.tacobell.com/fl/seminole/10749-park-blvd.html,fl,seminole,10749-park-blvd
https://locations.tacobell.com/tx/new-braunfels/1074-south-walnut-avenue.html,tx,new-braunfels,1074-south-walnut-avenue
https://locations.tacobell.com/mo/branson-west/10738-hwy-76-west.html,mo,branson-west,10738-hwy-76-west
https://locations.tacobell.com/va/newport-news/10736-jefferson-ave.html,va,newport-news,10736-jefferson-ave
https://locations.tacobell.com/co/dumont/1073-county-hwy-308.html,co,dumont,1073-county-hwy-308
https://locations.tacobell.com/mn/blaine/10729-university-ave-ne.html,mn,blaine,10729-university-ave-ne
https://locations.tacobell.com/ca/whittier/10722-e-whittier-blvd.html,ca,whittier,10722-e-whittier-blvd
https://locations.tacobell.com/az/avondale/10711-w-indian-school-rd.html,az,avondale,10711-w-indian-school-rd
https://locations.tacobell.com/wa/seattle/10711-16th-ave-sw.html,wa,seattle,10711-16th-ave-sw
https://locations.tacobell.com/il/richmond/10710-main-st.html,il,richmond,10710-main-st
https://locations.tacobell.com/ky/louisville/10701-dixie-hwy.html,ky,louisville,10701-dixie-hwy
https://locations.tacobell.com/pa/quakertown/1070-s-west-end-blvd.html,pa,quakertown,1070-s-west-end-blvd
https://locations.tacobell.com/ca/suisun-city/107-sunset-ave-.html,ca,suisun-city,107-sunset-ave-
https://locations.tacobell.com/oh/mount-orab/107-glover-dr.html,oh,mount-orab,107-glover-dr
https://locations.tacobell.com/tx/white-oak/107-east-highway-80.html,tx,white-oak,107-east-highway-80
https://locations.tacobell.com/va/emporia/107-cloverleaf-drive.html,va,emporia,107-cloverleaf-drive
https://locations.tacobell.com/ia/osceola/107-ariel-circle.html,ia,osceola,107-ariel-circle
https://locations.tacobell.com/ca/galt/1069-c-st.html,ca,galt,1069-c-st
https://locations.tacobell.com/ky/louisville/1069-bardstown-rd.html,ky,louisville,1069-bardstown-rd
https://locations.tacobell.com/az/sun-city/10661-grand-avenue.html,az,sun-city,10661-grand-avenue
https://locations.tacobell.com/oh/loveland/10650-loveland-madeira-rd.html,oh,loveland,10650-loveland-madeira-rd
https://locations.tacobell.com/co/bennett/1065-s--1st-street.html,co,bennett,1065-s--1st-street
https://locations.tacobell.com/ky/lexington/1065-e-new-circle-rd.html,ky,lexington,1065-e-new-circle-rd
https://locations.tacobell.com/ut/sandy/10635-south-state-street.html,ut,sandy,10635-south-state-street
https://locations.tacobell.com/la/baton-rouge/10623-burbank-drive.html,la,baton-rouge,10623-burbank-drive
https://locations.tacobell.com/wa/spokane/10620-east-sprague-avenue.html,wa,spokane,10620-east-sprague-avenue
https://locations.tacobell.com/wa/tacoma/10611-pacific-ave.html,wa,tacoma,10611-pacific-ave
https://locations.tacobell.com/fl/riverview/10611-gibsonton-drive.html,fl,riverview,10611-gibsonton-drive
https://locations.tacobell.com/ca/patterson/1060-sperry-ave.html,ca,patterson,1060-sperry-ave
https://locations.tacobell.com/tx/fort-worth/1060-n--beach-st-.html,tx,fort-worth,1060-n--beach-st-
https://locations.tacobell.com/fl/bartow/1060-east-van-fleet-drive.html,fl,bartow,1060-east-van-fleet-drive
https://locations.tacobell.com/ga/alpharetta/106-s--main.html,ga,alpharetta,106-s--main
https://locations.tacobell.com/ca/lemoore/1059-n-lemoore-ave.html,ca,lemoore,1059-n-lemoore-ave
https://locations.tacobell.com/fl/miami/10580-sw-8th-st.html,fl,miami,10580-sw-8th-st
https://locations.tacobell.com/nc/saint-pauls/1058-w--broad-street.html,nc,saint-pauls,1058-w--broad-street
https://locations.tacobell.com/sc/clemson/1057-tiger-blvd.html,sc,clemson,1057-tiger-blvd
https://locations.tacobell.com/ms/diberville/10569-diberville-road.html,ms,diberville,10569-diberville-road
https://locations.tacobell.com/ca/santa-fe-springs/10551-carmenita-rd.html,ca,santa-fe-springs,10551-carmenita-rd
https://locations.tacobell.com/ca/galt/10550-twin-cities-road.html,ca,galt,10550-twin-cities-road
https://locations.tacobell.com/ny/liverpool/1055-7th-north-street.html,ny,liverpool,1055-7th-north-street
https://locations.tacobell.com/ky/louisville/10541-fischer-park-drive.html,ky,louisville,10541-fischer-park-drive
https://locations.tacobell.com/ks/kansas-city/10540-parallel-parkway.html,ks,kansas-city,10540-parallel-parkway
https://locations.tacobell.com/ny/dunkirk/10517-bennett-rd.html,ny,dunkirk,10517-bennett-rd
https://locations.tacobell.com/wa/spokane/10510-w-sr-2.html,wa,spokane,10510-w-sr-2
https://locations.tacobell.com/mi/east-lansing/1051-trowbridge-road.html,mi,east-lansing,1051-trowbridge-road
https://locations.tacobell.com/nc/youngsville/1050-us-hwy-1.html,nc,youngsville,1050-us-hwy-1
https://locations.tacobell.com/nh/manchester/1050-second-st-.html,nh,manchester,1050-second-st-
https://locations.tacobell.com/tx/garland/1050-northwest-hwy.html,tx,garland,1050-northwest-hwy
https://locations.tacobell.com/ar/siloam-springs/1050-hwy-412-w.html,ar,siloam-springs,1050-hwy-412-w
https://locations.tacobell.com/sc/myrtle-beach/1050-glenforest-rd.html,sc,myrtle-beach,1050-glenforest-rd
https://locations.tacobell.com/ca/glendora/105-w-arrow-hwy.html,ca,glendora,105-w-arrow-hwy
https://locations.tacobell.com/ks/holton/105-us-highway-75.html,ks,holton,105-us-highway-75
https://locations.tacobell.com/ne/blair/105-south-19th-street.html,ne,blair,105-south-19th-street
https://locations.tacobell.com/mt/polson/105-ridgewater-dr-.html,mt,polson,105-ridgewater-dr-
https://locations.tacobell.com/mn/little-falls/105-lemieur-st.html,mn,little-falls,105-lemieur-st
https://locations.tacobell.com/wv/clarksburg/105-emily-dr.html,wv,clarksburg,105-emily-dr
https://locations.tacobell.com/la/shreveport/105-east-bert-kouns.html,la,shreveport,105-east-bert-kouns
https://locations.tacobell.com/tn/smithville/105-e--broad-street.html,tn,smithville,105-e--broad-street
https://locations.tacobell.com/in/griffith/105-e-ridge-rd.html,in,griffith,105-e-ridge-rd
https://locations.tacobell.com/nd/jamestown/105-business-loop-west.html,nd,jamestown,105-business-loop-west
https://locations.tacobell.com/ky/elizabethtown/105-buffalo-creek-drive.html,ky,elizabethtown,105-buffalo-creek-drive
https://locations.tacobell.com/nh/manchester/1045-s-willow-street.html,nh,manchester,1045-s-willow-street
https://locations.tacobell.com/ca/carpinteria/1045-casitas-pass-road.html,ca,carpinteria,1045-casitas-pass-road
https://locations.tacobell.com/ca/marysville/1044-north-beale-road.html,ca,marysville,1044-north-beale-road
https://locations.tacobell.com/tx/portland/1043-us-highway-181.html,tx,portland,1043-us-highway-181
https://locations.tacobell.com/mo/olivette/10426-page-ave.html,mo,olivette,10426-page-ave
https://locations.tacobell.com/nc/fayetteville/1042-bragg-blvd.html,nc,fayetteville,1042-bragg-blvd
https://locations.tacobell.com/ok/oklahoma-city/10417-south-western-ave.html,ok,oklahoma-city,10417-south-western-ave
https://locations.tacobell.com/co/henderson/10402-s-belle-creek-drive.html,co,henderson,10402-s-belle-creek-drive
https://locations.tacobell.com/fl/jacksonville/10400-phillips-hwy.html,fl,jacksonville,10400-phillips-hwy
https://locations.tacobell.com/fl/hallandale/1040-w-hallandale-beach-blvd.html,fl,hallandale,1040-w-hallandale-beach-blvd
https://locations.tacobell.com/al/boaz/1040-us-highway-431.html,al,boaz,1040-us-highway-431
https://locations.tacobell.com/oh/chillicothe/1040-n--bridge-st-.html,oh,chillicothe,1040-n--bridge-st-
https://locations.tacobell.com/ks/salina/1040-e-iron-ave.html,ks,salina,1040-e-iron-ave
https://locations.tacobell.com/mo/north-kansas-city/1040-armour-rd.html,mo,north-kansas-city,1040-armour-rd
https://locations.tacobell.com/oh/columbiana/1104-village-plaza.html,oh,columbiana,1104-village-plaza
https://locations.tacobell.com/nc/lillington/104-w--cornelius-harnett-blvd.html,nc,lillington,104-w--cornelius-harnett-blvd
https://locations.tacobell.com/sc/goose-creek/104-south-goose-creek-blvd.html,sc,goose-creek,104-south-goose-creek-blvd
https://locations.tacobell.com/va/hampton/1039-w-mercury-blvd.html,va,hampton,1039-w-mercury-blvd
https://locations.tacobell.com/mi/clare/10384-s--clare-avenue.html,mi,clare,10384-s--clare-avenue
https://locations.tacobell.com/ny/oneida/1038-glenwood-ave-.html,ny,oneida,1038-glenwood-ave-
https://locations.tacobell.com/pa/philadelphia/1037-chestnut-st.html,pa,philadelphia,1037-chestnut-st
https://locations.tacobell.com/ca/stanton/10360-beach-blvd.html,ca,stanton,10360-beach-blvd
https://locations.tacobell.com/ok/oklahoma-city/10350-south-i-44-hwy.html,ok,oklahoma-city,10350-south-i-44-hwy
https://locations.tacobell.com/mn/duluth/1031-west-central-entrance.html,mn,duluth,1031-west-central-entrance
https://locations.tacobell.com/ca/san-pedro/1031-s-gaffey-st.html,ca,san-pedro,1031-s-gaffey-st
https://locations.tacobell.com/ca/bellflower/10300-alondra-blvd.html,ca,bellflower,10300-alondra-blvd
https://locations.tacobell.com/al/huntsville/1030-airport-rd.html,al,huntsville,1030-airport-rd
https://locations.tacobell.com/co/colorado-springs/1030-academy-park-loop.html,co,colorado-springs,1030-academy-park-loop
https://locations.tacobell.com/ky/la-grange/103-w-crystal-dr.html,ky,la-grange,103-w-crystal-dr
https://locations.tacobell.com/ca/los-angeles/103-s-rampart-blvd.html,ca,los-angeles,103-s-rampart-blvd
https://locations.tacobell.com/ms/flowood/103-plaza-dr-ext.html,ms,flowood,103-plaza-dr-ext
https://locations.tacobell.com/wv/moundsville/103-lafayette-ave.html,wv,moundsville,103-lafayette-ave
https://locations.tacobell.com/nc/mount-olive/110-highway-55-west.html,nc,mount-olive,110-highway-55-west
https://locations.tacobell.com/mo/hollister/103-gage-dr-.html,mo,hollister,103-gage-dr-
https://locations.tacobell.com/ar/ozark/103-airport-road.html,ar,ozark,103-airport-road
https://locations.tacobell.com/mo/chillicothe/1029-s-washington-st.html,mo,chillicothe,1029-s-washington-st
https://locations.tacobell.com/mo/joplin/1029-s-range-line-rd.html,mo,joplin,1029-s-range-line-rd
https://locations.tacobell.com/nv/las-vegas/10287-w-charleston-blvd.html,nv,las-vegas,10287-w-charleston-blvd
https://locations.tacobell.com/az/tucson/10265-e--old-vail-road.html,az,tucson,10265-e--old-vail-road
https://locations.tacobell.com/mt/billings/1026-grand-ave.html,mt,billings,1026-grand-ave
https://locations.tacobell.com/va/ashland/10255-washington-highway.html,va,ashland,10255-washington-highway
https://locations.tacobell.com/mo/hillsboro/10255-business-hwy-21.html,mo,hillsboro,10255-business-hwy-21
https://locations.tacobell.com/tx/irving/1025-west-airport-freeway.html,tx,irving,1025-west-airport-freeway
https://locations.tacobell.com/ga/mcdonough/1025-hampton-rd.html,ga,mcdonough,1025-hampton-rd
https://locations.tacobell.com/md/owings-mills/10245-reistertown-road.html,md,owings-mills,10245-reistertown-road
https://locations.tacobell.com/sc/charleston/1024-st-andrews-blvd.html,sc,charleston,1024-st-andrews-blvd
https://locations.tacobell.com/mi/adrian/1024-south-main-st-.html,mi,adrian,1024-south-main-st-
https://locations.tacobell.com/sd/rapid-city/1024-endeavour-blvd-.html,sd,rapid-city,1024-endeavour-blvd-
https://locations.tacobell.com/ok/norman/1024-24th-st-nw.html,ok,norman,1024-24th-st-nw
https://locations.tacobell.com/va/richmond/10230-midlothian-turnpike.html,va,richmond,10230-midlothian-turnpike
https://locations.tacobell.com/ky/mayfield/1023-paris-rd.html,ky,mayfield,1023-paris-rd
https://locations.tacobell.com/va/midlothian/10221-hull-street-rd.html,va,midlothian,10221-hull-street-rd
https://locations.tacobell.com/tx/irving/1022-w-shady-grove-rd.html,tx,irving,1022-w-shady-grove-rd
https://locations.tacobell.com/pa/latrobe/1022-mountain-laurel-plaza.html,pa,latrobe,1022-mountain-laurel-plaza
https://locations.tacobell.com/fl/orlando/10211-narcoossee-rd-.html,fl,orlando,10211-narcoossee-rd-
https://locations.tacobell.com/mi/hastings/1021-w--state-st-.html,mi,hastings,1021-w--state-st-
https://locations.tacobell.com/ms/corinth/1021-s-cass-st.html,ms,corinth,1021-s-cass-st
https://locations.tacobell.com/tx/plano/1020-preston-rd.html,tx,plano,1020-preston-rd
https://locations.tacobell.com/fl/palm-coast/1020-palm-coast-parkway.html,fl,palm-coast,1020-palm-coast-parkway
https://locations.tacobell.com/ca/redding/1020-old-alturas-rd.html,ca,redding,1020-old-alturas-rd
https://locations.tacobell.com/ga/eastman/1020-indian-drive.html,ga,eastman,1020-indian-drive
https://locations.tacobell.com/in/aurora/1020-green-blvd.html,in,aurora,1020-green-blvd
https://locations.tacobell.com/wv/martinsburg/1020-foxcroft-avenue.html,wv,martinsburg,1020-foxcroft-avenue
https://locations.tacobell.com/ca/palmdale/102-west-palmdale-blvd.html,ca,palmdale,102-west-palmdale-blvd
https://locations.tacobell.com/ar/bentonville/102-s-walton-blvd.html,ar,bentonville,102-s-walton-blvd
https://locations.tacobell.com/pa/butler/102-moraine-pointe-plaza.html,pa,butler,102-moraine-pointe-plaza
https://locations.tacobell.com/in/madison/102-franks-dr.html,in,madison,102-franks-dr
https://locations.tacobell.com/mo/ofallon/102-fallon-parkway.html,mo,ofallon,102-fallon-parkway
https://locations.tacobell.com/ks/larned/102-e-14th-st.html,ks,larned,102-e-14th-st
https://locations.tacobell.com/fl/belleview/10199-se-hwy-441.html,fl,belleview,10199-se-hwy-441
https://locations.tacobell.com/ca/visalia/1018-s-mooney-blvd.html,ca,visalia,1018-s-mooney-blvd
https://locations.tacobell.com/in/greenfield/1017-w--main-street.html,in,greenfield,1017-w--main-street
https://locations.tacobell.com/mi/three-rivers/1017-w-michigan-ave.html,mi,three-rivers,1017-w-michigan-ave
https://locations.tacobell.com/al/greenville/1017-ft-dale-road.html,al,greenville,1017-ft-dale-road
https://locations.tacobell.com/in/west-lafayette/1016-west-sagamore.html,in,west-lafayette,1016-west-sagamore
https://locations.tacobell.com/tx/austin/1016-e-anderson-ln.html,tx,austin,1016-e-anderson-ln
https://locations.tacobell.com/va/south-boston/1016-bill-tuck-hwy.html,va,south-boston,1016-bill-tuck-hwy
https://locations.tacobell.com/ok/kingfisher/1015-south-main.html,ok,kingfisher,1015-south-main
https://locations.tacobell.com/il/lisle/1015-maple-avenue.html,il,lisle,1015-maple-avenue
https://locations.tacobell.com/oh/mount-vernon/1015-coshocton-ave-.html,oh,mount-vernon,1015-coshocton-ave-
https://locations.tacobell.com/or/coos-bay/1015-1st-st.html,or,coos-bay,1015-1st-st
https://locations.tacobell.com/mi/grand-rapids/1014-michigan-street-n-e.html,mi,grand-rapids,1014-michigan-street-n-e
https://locations.tacobell.com/az/tuba-city/1014-main-street.html,az,tuba-city,1014-main-street
https://locations.tacobell.com/ms/indianola/1014-highway-82.html,ms,indianola,1014-highway-82
https://locations.tacobell.com/ar/clinton/1014-highway-65-bus.html,ar,clinton,1014-highway-65-bus
https://locations.tacobell.com/az/scottsdale/10130-north-90th-street.html,az,scottsdale,10130-north-90th-street
https://locations.tacobell.com/in/highland/10130-indianapolis-blvd.html,in,highland,10130-indianapolis-blvd
https://locations.tacobell.com/ky/hardinsburg/1012-old-highway-60.html,ky,hardinsburg,1012-old-highway-60
https://locations.tacobell.com/wa/edmonds/10119-edmonds-way.html,wa,edmonds,10119-edmonds-way
https://locations.tacobell.com/in/fort-wayne/10117-lima-road.html,in,fort-wayne,10117-lima-road
https://locations.tacobell.com/fl/royal-palm-beach/10115-southern-blvd.html,fl,royal-palm-beach,10115-southern-blvd
https://locations.tacobell.com/ne/bellevue/10110-south-15th-st.html,ne,bellevue,10110-south-15th-st
https://locations.tacobell.com/tx/desoto/1011-w-belt-line-rd.html,tx,desoto,1011-w-belt-line-rd
https://locations.tacobell.com/ky/nicholasville/1011-n-main-st.html,ky,nicholasville,1011-n-main-st
https://locations.tacobell.com/nc/cary/1011-n-harrison-ave.html,nc,cary,1011-n-harrison-ave
https://locations.tacobell.com/la/ponchatoula/1011-highway-51-north.html,la,ponchatoula,1011-highway-51-north
https://locations.tacobell.com/ks/overland-park/10107-w--75th-street.html,ks,overland-park,10107-w--75th-street
https://locations.tacobell.com/il/elgin/1010-summit-street.html,il,elgin,1010-summit-street
https://locations.tacobell.com/wi/de-pere/1010-s-broadway.html,wi,de-pere,1010-s-broadway
https://locations.tacobell.com/az/page/1010-haul-road.html,az,page,1010-haul-road
https://locations.tacobell.com/tx/san-marcos/101-university-dr.html,tx,san-marcos,101-university-dr
https://locations.tacobell.com/nc/leland/101-thomas-garst-lane.html,nc,leland,101-thomas-garst-lane
https://locations.tacobell.com/fl/winter-park/101-semoran-blvd.html,fl,winter-park,101-semoran-blvd
https://locations.tacobell.com/ks/topeka/101-se-29th-street.html,ks,topeka,101-se-29th-street
https://locations.tacobell.com/tx/southlake/101-north-kimball-avenue.html,tx,southlake,101-north-kimball-avenue
https://locations.tacobell.com/il/east-alton/101-niagara-st-.html,il,east-alton,101-niagara-st-
https://locations.tacobell.com/md/pocomoke-city/101-newtowne-boulevard.html,md,pocomoke-city,101-newtowne-boulevard
https://locations.tacobell.com/tx/pharr/101-east-nolana-loop.html,tx,pharr,101-east-nolana-loop
https://locations.tacobell.com/sc/pelzer/101-depot-road.html,sc,pelzer,101-depot-road
https://locations.tacobell.com/pa/milford/101-davita-dr-.html,pa,milford,101-davita-dr-
https://locations.tacobell.com/il/mendota/1009-steve-bowne-drive.html,il,mendota,1009-steve-bowne-drive
https://locations.tacobell.com/ok/oklahoma-city/1009-south-meridian.html,ok,oklahoma-city,1009-south-meridian
https://locations.tacobell.com/in/monticello/1009-north-main-street.html,in,monticello,1009-north-main-street
https://locations.tacobell.com/mo/fulton/1009-n-bluff.html,mo,fulton,1009-n-bluff
https://locations.tacobell.com/ks/manhattan/1009-limey-pointe.html,ks,manhattan,1009-limey-pointe
https://locations.tacobell.com/wa/kelso/1009-allen-st.html,wa,kelso,1009-allen-st
https://locations.tacobell.com/tx/crowley/1008-s-crowley-rd.html,tx,crowley,1008-s-crowley-rd
https://locations.tacobell.com/tx/carrollton/1008-e--frankford-rd-.html,tx,carrollton,1008-e--frankford-rd-
https://locations.tacobell.com/ky/lawrenceburg/1008-bypass-s.html,ky,lawrenceburg,1008-bypass-s
https://locations.tacobell.com/vt/brattleboro/1007-putney-road.html,vt,brattleboro,1007-putney-road
https://locations.tacobell.com/in/cloverdale/1007-n-main-st-.html,in,cloverdale,1007-n-main-st-
https://locations.tacobell.com/ok/ardmore/1007-n-commerce-street.html,ok,ardmore,1007-n-commerce-street
https://locations.tacobell.com/mt/hamilton/1007-n-1st-st.html,mt,hamilton,1007-n-1st-st
https://locations.tacobell.com/mt/billings/1006-shilo-crossings-blvd.html,mt,billings,1006-shilo-crossings-blvd
https://locations.tacobell.com/tx/weslaco/1006-north-texas-street.html,tx,weslaco,1006-north-texas-street
https://locations.tacobell.com/md/largo/1006-largo-center-dr.html,md,largo,1006-largo-center-dr
https://locations.tacobell.com/ga/woodstock/10050-highway-92.html,ga,woodstock,10050-highway-92
https://locations.tacobell.com/tx/kingsville/1005-south-14th-street.html,tx,kingsville,1005-south-14th-street
https://locations.tacobell.com/ca/rio-vista/1005-highway-12.html,ca,rio-vista,1005-highway-12
https://locations.tacobell.com/la/morgan-city/1005-greenwood-st-.html,la,morgan-city,1005-greenwood-st-
https://locations.tacobell.com/fl/lady-lake/1005-bichara-blvd-.html,fl,lady-lake,1005-bichara-blvd-
https://locations.tacobell.com/ca/lancaster/1004-west-avenue-i.html,ca,lancaster,1004-west-avenue-i
https://locations.tacobell.com/la/covington/1004-ronald-reagan-highway.html,la,covington,1004-ronald-reagan-highway
https://locations.tacobell.com/mi/bay-city/1004-north-euclid-avenue.html,mi,bay-city,1004-north-euclid-avenue
https://locations.tacobell.com/fl/satellite-beach/1004-hwy-a1a.html,fl,satellite-beach,1004-hwy-a1a
https://locations.tacobell.com/mn/hutchinson/1004-highway-15-south.html,mn,hutchinson,1004-highway-15-south
https://locations.tacobell.com/ga/pooler/1004-e--highway-80.html,ga,pooler,1004-e--highway-80
https://locations.tacobell.com/va/manassas/10036-dumfries-rd.html,va,manassas,10036-dumfries-rd
https://locations.tacobell.com/mo/saint-louis/10035-manchester-road.html,mo,saint-louis,10035-manchester-road
https://locations.tacobell.com/il/urbana/1003-university.html,il,urbana,1003-university
https://locations.tacobell.com/nc/kernersville/1003-south-main-street.html,nc,kernersville,1003-south-main-street
https://locations.tacobell.com/oh/cincinnati/1003-gest-street.html,oh,cincinnati,1003-gest-street
https://locations.tacobell.com/sc/lexington/1002-west-main-st.html,sc,lexington,1002-west-main-st
https://locations.tacobell.com/tx/celina/1002-s--preston-road.html,tx,celina,1002-s--preston-road
https://locations.tacobell.com/tx/pampa/1002-n-hobart-st.html,tx,pampa,1002-n-hobart-st
https://locations.tacobell.com/md/aberdeen/1002-beards-hill-road.html,md,aberdeen,1002-beards-hill-road
https://locations.tacobell.com/ca/buena-park/10010-valley-view-street.html,ca,buena-park,10010-valley-view-street
https://locations.tacobell.com/ca/concord/1001-willow-pass-court.html,ca,concord,1001-willow-pass-court
https://locations.tacobell.com/la/westwego/1001-westbank-expressway.html,la,westwego,1001-westbank-expressway
https://locations.tacobell.com/ar/osceola/1001-w--keiser.html,ar,osceola,1001-w--keiser
https://locations.tacobell.com/nm/portales/1001-w--1st.html,nm,portales,1001-w--1st
https://locations.tacobell.com/tx/georgetown/1001-s-interstate-35.html,tx,georgetown,1001-s-interstate-35
https://locations.tacobell.com/in/evansville/1001-n--green-river-rd-.html,in,evansville,1001-n--green-river-rd-
https://locations.tacobell.com/fl/port-charlotte/1001-kings-hwy.html,fl,port-charlotte,1001-kings-hwy
https://locations.tacobell.com/nm/albuquerque/1001-juan-tabo-blvd-ne.html,nm,albuquerque,1001-juan-tabo-blvd-ne
https://locations.tacobell.com/va/bedford/1001-independence-blvd.html,va,bedford,1001-independence-blvd
https://locations.tacobell.com/pa/bradford/1001-east-main-street.html,pa,bradford,1001-east-main-street
https://locations.tacobell.com/il/collinsville/1001-belt-line-rd-.html,il,collinsville,1001-belt-line-rd-
https://locations.tacobell.com/fl/orlando/10005-university-blvd-.html,fl,orlando,10005-university-blvd-
https://locations.tacobell.com/il/shelbyville/1000-w--main-street.html,il,shelbyville,1000-w--main-street
https://locations.tacobell.com/oh/minerva/1000-valley-street.html,oh,minerva,1000-valley-street
https://locations.tacobell.com/tx/kilgore/1000-us-hwy-259-north.html,tx,kilgore,1000-us-hwy-259-north
https://locations.tacobell.com/tx/belton/1000-spring-street.html,tx,belton,1000-spring-street
https://locations.tacobell.com/ms/booneville/1000-north-second-street.html,ms,booneville,1000-north-second-street
https://locations.tacobell.com/il/aurora/1000-n-farnsworth-ave.html,il,aurora,1000-n-farnsworth-ave
https://locations.tacobell.com/il/carpentersville/1000-kennedy-dr.html,il,carpentersville,1000-kennedy-dr
https://locations.tacobell.com/id/idaho-falls/982-e--17th-street.html,id,idaho-falls,982-e--17th-street
https://locations.tacobell.com/oh/dayton/1000-brown-street.html,oh,dayton,1000-brown-street
https://locations.tacobell.com/il/morton/100-west-ashland-st-.html,il,morton,100-west-ashland-st-
https://locations.tacobell.com/ca/wilmington/100-w-pacific-coast-hwy.html,ca,wilmington,100-w-pacific-coast-hwy
https://locations.tacobell.com/pa/clarks-summit/100-sumner-ave.html,pa,clarks-summit,100-sumner-ave
https://locations.tacobell.com/mo/bowling-green/100-sharry-st-.html,mo,bowling-green,100-sharry-st-
https://locations.tacobell.com/tx/azle/100-se-parkway.html,tx,azle,100-se-parkway
https://locations.tacobell.com/pa/state-college/100-rolling-ridge-drive.html,pa,state-college,100-rolling-ridge-drive
https://locations.tacobell.com/vt/bennington/100-northside-drive.html,vt,bennington,100-northside-drive
https://locations.tacobell.com/pa/gibsonia/100-north-town-square.html,pa,gibsonia,100-north-town-square
https://locations.tacobell.com/ca/anaheim/100-n-state-college-blvd.html,ca,anaheim,100-n-state-college-blvd
https://locations.tacobell.com/tx/italy/100-l-r--campbell-rd-.html,tx,italy,100-l-r--campbell-rd-
https://locations.tacobell.com/hi/kahului/100-kamehameha-ave.html,hi,kahului,100-kamehameha-ave
https://locations.tacobell.com/ky/georgetown/100-finley-drive.html,ky,georgetown,100-finley-drive
https://locations.tacobell.com/wa/bellingham/100-east-stuart-rd-.html,wa,bellingham,100-east-stuart-rd-
https://locations.tacobell.com/tx/euless/100-east-euless-blvd.html,tx,euless,100-east-euless-blvd
https://locations.tacobell.com/wi/monona/100-e-broadway.html,wi,monona,100-e-broadway
https://locations.tacobell.com/ny/canandaigua/10-raymour-and-flanigan-plz.html,ny,canandaigua,10-raymour-and-flanigan-plz
https://locations.tacobell.com/oh/miamisburg/10-lawrence-avenue.html,oh,miamisburg,10-lawrence-avenue
https://locations.tacobell.com/il/champaign/10-east-anthony-drive.html,il,champaign,10-east-anthony-drive
https://locations.tacobell.com/ut/salt-lake-city/10-e-3300-s.html,ut,salt-lake-city,10-e-3300-s
https://locations.tacobell.com/mn/saint-cloud/10-8th-avenue-se.html,mn,saint-cloud,10-8th-avenue-se
https://locations.tacobell.com/md/thurmont/1-thurmont-blvd.html,md,thurmont,1-thurmont-blvd
https://locations.tacobell.com/ct/east-hartford/1-main-st.html,ct,east-hartford,1-main-st
https://locations.tacobell.com/ma/brookline/276-harvard-st.html,ma,brookline,276-harvard-st
https://locations.tacobell.com/ny/north-tonawanda/856-niagara-falls-blvd.html,ny,north-tonawanda,856-niagara-falls-blvd
https://locations.tacobell.com/sc/shaw-afb/370-rhodes-ave.html,sc,shaw-afb,370-rhodes-ave
https://locations.tacobell.com/oh/new-bremen/442-s--washington-st.html,oh,new-bremen,442-s--washington-st
https://locations.tacobell.com/ar/fordyce/1200-n-edgar-street.html,ar,fordyce,1200-n-edgar-street
https://locations.tacobell.com/ca/edwards/240-w-fitgerald-ave.html,ca,edwards,240-w-fitgerald-ave
https://locations.tacobell.com/ky/oak-grove/213-claire-ave-.html,ky,oak-grove,213-claire-ave-
https://locations.tacobell.com/il/north-aurora/2060-west-orchard-rd-.html,il,north-aurora,2060-west-orchard-rd-
https://locations.tacobell.com/wi/minocqua/8660-highway-51.html,wi,minocqua,8660-highway-51
https://locations.tacobell.com/ms/collins/3515-hwy-49.html,ms,collins,3515-hwy-49
https://locations.tacobell.com/wi/west-milwaukee/2201-miller-park-way.html,wi,west-milwaukee,2201-miller-park-way
https://locations.tacobell.com/tx/corpus-christi/14601-northwest-blvd.html,tx,corpus-christi,14601-northwest-blvd
https://locations.tacobell.com/nm/farmington/1400-w-main-st.html,nm,farmington,1400-w-main-st
https://locations.tacobell.com/sc/lexington/1064-south-lake-drive.html,sc,lexington,1064-south-lake-drive
https://locations.tacobell.com/pa/york/1517-n--george-street.html,pa,york,1517-n--george-street
https://locations.tacobell.com/oh/berea/1264-west-bagley-road.html,oh,berea,1264-west-bagley-road
https://locations.tacobell.com/tn/baxter/125-fast-lane.html,tn,baxter,125-fast-lane
https://locations.tacobell.com/mo/springfield/520-north-eastgate-avenue.html,mo,springfield,520-north-eastgate-avenue
https://locations.tacobell.com/tx/sealy/2200-hwy-36-s.html,tx,sealy,2200-hwy-36-s
https://locations.tacobell.com/in/new-palestine/4045-s--600-west.html,in,new-palestine,4045-s--600-west
https://locations.tacobell.com/al/homewood/159-state-farm-parkway.html,al,homewood,159-state-farm-parkway
https://locations.tacobell.com/al/anniston/5552-mcclellan-blvd.html,al,anniston,5552-mcclellan-blvd
https://locations.tacobell.com/wi/wausau/225521-lilac-ave-.html,wi,wausau,225521-lilac-ave-
https://locations.tacobell.com/oh/bethel/644-w-plane-st.html,oh,bethel,644-w-plane-st
https://locations.tacobell.com/in/trafalgar/10-trafalgar-square.html,in,trafalgar,10-trafalgar-square
https://locations.tacobell.com/or/coos-bay/1590-newmark-ave.html,or,coos-bay,1590-newmark-ave
https://locations.tacobell.com/nj/wayne/140-hamburg-tpke.html,nj,wayne,140-hamburg-tpke
https://locations.tacobell.com/ks/de-soto/34070-commerce-drive.html,ks,de-soto,34070-commerce-drive
https://locations.tacobell.com/ny/west-seneca/1175-union-rd.html,ny,west-seneca,1175-union-rd
https://locations.tacobell.com/il/lakemoor/27625-il-route-120.html,il,lakemoor,27625-il-route-120
https://locations.tacobell.com/sc/columbia/145-harbison-rd-.html,sc,columbia,145-harbison-rd-
https://locations.tacobell.com/co/montrose/1300-e--main-street.html,co,montrose,1300-e--main-street
https://locations.tacobell.com/mi/marlette/2747-main-street.html,mi,marlette,2747-main-street
https://locations.tacobell.com/tn/brownsville/1476-e-main-street.html,tn,brownsville,1476-e-main-street
https://locations.tacobell.com/sc/blythewood/209-blythewood-rd.html,sc,blythewood,209-blythewood-rd
https://locations.tacobell.com/nc/kernersville/1760-pecan-ln.html,nc,kernersville,1760-pecan-ln
https://locations.tacobell.com/mo/ashland/15015-eastside-drive.html,mo,ashland,15015-eastside-drive
https://locations.tacobell.com/ky/radcliff/3040-s--dixie-blvd.html,ky,radcliff,3040-s--dixie-blvd
https://locations.tacobell.com/oh/canal-winchester/8225-meijer-dr-.html,oh,canal-winchester,8225-meijer-dr-
https://locations.tacobell.com/in/mishawaka/5501-grape-rd-.html,in,mishawaka,5501-grape-rd-
https://locations.tacobell.com/ny/cortlandt-manor/3605-crompond-road.html,ny,cortlandt-manor,3605-crompond-road
https://locations.tacobell.com/nc/burnsville/671-west-main-street.html,nc,burnsville,671-west-main-street
https://locations.tacobell.com/il/cicero/5601-w-cermak-rd.html,il,cicero,5601-w-cermak-rd
https://locations.tacobell.com/ny/jamaica/92-23-168th-street.html,ny,jamaica,92-23-168th-street
https://locations.tacobell.com/mi/brownstown/18880-telegraph-rd-.html,mi,brownstown,18880-telegraph-rd-
https://locations.tacobell.com/ma/raynham/883-broadway.html,ma,raynham,883-broadway
https://locations.tacobell.com/ca/inglewood/10006-s-inglewood.html,ca,inglewood,10006-s-inglewood
https://locations.tacobell.com/ca/pleasanton/4210-rosewood-dr.html,ca,pleasanton,4210-rosewood-dr
https://locations.tacobell.com/tn/blountville/1913-tn-394.html,tn,blountville,1913-tn-394
https://locations.tacobell.com/al/montgomery/2575-cong-w-l-dickinson-drive.html,al,montgomery,2575-cong-w-l-dickinson-drive
https://locations.tacobell.com/ca/jamestown/18334-highway-108-49.html,ca,jamestown,18334-highway-108-49
https://locations.tacobell.com/ny/new-york/3427-broadway.html,ny,new-york,3427-broadway
https://locations.tacobell.com/ar/hot-springs/1716-airport-road.html,ar,hot-springs,1716-airport-road
https://locations.tacobell.com/ky/flemingsburg/19-ashbrook-dr.html,ky,flemingsburg,19-ashbrook-dr
https://locations.tacobell.com/tx/kyle/1750-veterans-drive.html,tx,kyle,1750-veterans-drive
https://locations.tacobell.com/tx/dallas/5509-e--rl-thornton-frwy.html,tx,dallas,5509-e--rl-thornton-frwy
https://locations.tacobell.com/nc/clayton/25-s--merchant-ave.html,nc,clayton,25-s--merchant-ave
https://locations.tacobell.com/wa/longview/3740-ocean-beach-hwy.html,wa,longview,3740-ocean-beach-hwy
https://locations.tacobell.com/ma/attleboro/211-pleasant-st.html,ma,attleboro,211-pleasant-st
https://locations.tacobell.com/ny/rochester/358-lake-avenue.html,ny,rochester,358-lake-avenue
https://locations.tacobell.com/tx/justin/780-fm-156.html,tx,justin,780-fm-156
https://locations.tacobell.com/co/colorado-springs/7857-woodmen-center-heights.html,co,colorado-springs,7857-woodmen-center-heights
https://locations.tacobell.com/co/berthoud/1279-grand-market-ave.html,co,berthoud,1279-grand-market-ave
https://locations.tacobell.com/or/north-plains/30810-nw-pacific-st-.html,or,north-plains,30810-nw-pacific-st-
https://locations.tacobell.com/co/denver/6553-n--tower-rd-.html,co,denver,6553-n--tower-rd-
https://locations.tacobell.com/ia/north-liberty/1000-liberty-way.html,ia,north-liberty,1000-liberty-way
https://locations.tacobell.com/nc/asheboro/1408-e--dixie-dr-.html,nc,asheboro,1408-e--dixie-dr-
https://locations.tacobell.com/ms/amory/300-cappell-st-.html,ms,amory,300-cappell-st-
https://locations.tacobell.com/sc/elgin/583-spears-creek-church-rd.html,sc,elgin,583-spears-creek-church-rd
https://locations.tacobell.com/mi/battle-creek/1501-michigan-ave-w.html,mi,battle-creek,1501-michigan-ave-w
https://locations.tacobell.com/sc/blacksburg/2768-e--cherokee-street.html,sc,blacksburg,2768-e--cherokee-street
https://locations.tacobell.com/nc/fayetteville/2863-town-center-dr.html,nc,fayetteville,2863-town-center-dr
https://locations.tacobell.com/oh/monroe/1295-hamilton-lebanon-rd.html,oh,monroe,1295-hamilton-lebanon-rd
https://locations.tacobell.com/il/oak-lawn/9540-s-cicero-avenue.html,il,oak-lawn,9540-s-cicero-avenue
https://locations.tacobell.com/ok/edmond/2921-nw-178-st-.html,ok,edmond,2921-nw-178-st-
https://locations.tacobell.com/mi/white-lake/6305-highland-road.html,mi,white-lake,6305-highland-road
https://locations.tacobell.com/oh/burbank/8535-willow-rd-.html,oh,burbank,8535-willow-rd-
https://locations.tacobell.com/in/west-baden-springs/8324-w-state-road-56.html,in,west-baden-springs,8324-w-state-road-56
https://locations.tacobell.com/mt/butte/1-n-montana-street.html,mt,butte,1-n-montana-street
https://locations.tacobell.com/ga/bonaire/502-ga-247.html,ga,bonaire,502-ga-247
https://locations.tacobell.com/in/goshen/1822-lincolnway-east.html,in,goshen,1822-lincolnway-east
https://locations.tacobell.com/wa/blaine/805-grant-ave-.html,wa,blaine,805-grant-ave-
https://locations.tacobell.com/or/sweet-home/1502-main-street.html,or,sweet-home,1502-main-street
https://locations.tacobell.com/nc/mint-hill/10800-woodland-beaver-road.html,nc,mint-hill,10800-woodland-beaver-road
https://locations.tacobell.com/ok/tahlequah/1287-e--downing-street.html,ok,tahlequah,1287-e--downing-street
https://locations.tacobell.com/az/surprise/13660-n--prasada-pkwy.html,az,surprise,13660-n--prasada-pkwy
https://locations.tacobell.com/nc/fayetteville/5116-nc-hwy-87-s.html,nc,fayetteville,5116-nc-hwy-87-s
https://locations.tacobell.com/mt/great-falls/1100-57th-st--south.html,mt,great-falls,1100-57th-st--south
https://locations.tacobell.com/tx/mission/2300-e--business-hwy-83.html,tx,mission,2300-e--business-hwy-83
https://locations.tacobell.com/az/phoenix/7520-w--lower-buckeye-rd.html,az,phoenix,7520-w--lower-buckeye-rd
https://locations.tacobell.com/id/mountain-home/190-city-view-dr-.html,id,mountain-home,190-city-view-dr-
https://locations.tacobell.com/de/wilmington/1059-s-market-st-.html,de,wilmington,1059-s-market-st-
https://locations.tacobell.com/co/leadville/1717-poplar-st-.html,co,leadville,1717-poplar-st-
https://locations.tacobell.com/mi/holly/4047-grange-hall-rd.html,mi,holly,4047-grange-hall-rd
https://locations.tacobell.com/ny/melville/540-walt-whitman-rd.html,ny,melville,540-walt-whitman-rd
https://locations.tacobell.com/pa/allentown/301-cooper-st.html,pa,allentown,301-cooper-st
https://locations.tacobell.com/ct/east-haven/98-frontage-rd-.html,ct,east-haven,98-frontage-rd-
https://locations.tacobell.com/mi/mount-pleasant/5760-e--pickard-rd-.html,mi,mount-pleasant,5760-e--pickard-rd-
https://locations.tacobell.com/la/boutte/14130-highway-90.html,la,boutte,14130-highway-90
https://locations.tacobell.com/tx/seagoville/550-e-malloy-bridge-rd.html,tx,seagoville,550-e-malloy-bridge-rd
https://locations.tacobell.com/ca/el-dorado-hills/3967-park-drive.html,ca,el-dorado-hills,3967-park-drive
https://locations.tacobell.com/ca/san-bernardino/295-w-highland.html,ca,san-bernardino,295-w-highland
https://locations.tacobell.com/fl/callahan/542285-u-s--1.html,fl,callahan,542285-u-s--1
https://locations.tacobell.com/fl/jacksonville/4466-towne-center-parkway.html,fl,jacksonville,4466-towne-center-parkway
https://locations.tacobell.com/tx/longview/200-w--marshall.html,tx,longview,200-w--marshall
https://locations.tacobell.com/tn/oak-ridge/353-south-illinois-avenue.html,tn,oak-ridge,353-south-illinois-avenue
https://locations.tacobell.com/tx/floresville/931-10th-street.html,tx,floresville,931-10th-street
https://locations.tacobell.com/ca/northridge/18100-parthenia-st.html,ca,northridge,18100-parthenia-st
https://locations.tacobell.com/ca/north-hollywood/12900-vanowen.html,ca,north-hollywood,12900-vanowen
https://locations.tacobell.com/tx/bedford/1505-brown-trail.html,tx,bedford,1505-brown-trail
https://locations.tacobell.com/il/crest-hill/1818-plainfield-rd.html,il,crest-hill,1818-plainfield-rd
https://locations.tacobell.com/il/rockford/3805-east-state-st-.html,il,rockford,3805-east-state-st-
https://locations.tacobell.com/mi/saint-clair/1191-s-carney-dr.html,mi,saint-clair,1191-s-carney-dr
https://locations.tacobell.com/ga/mcdonough/5941-east-lake-pkwy.html,ga,mcdonough,5941-east-lake-pkwy
https://locations.tacobell.com/co/denver/2975-w-51st-ave.html,co,denver,2975-w-51st-ave
https://locations.tacobell.com/pa/willow-street/2600-n--willow-st-pike.html,pa,willow-street,2600-n--willow-st-pike
https://locations.tacobell.com/wi/merrill/n1667-county-road-w.html,wi,merrill,n1667-county-road-w
https://locations.tacobell.com/ga/athens/2036-oconee-connector.html,ga,athens,2036-oconee-connector
https://locations.tacobell.com/nv/las-vegas/1370-w--lake-mead-blvd-.html,nv,las-vegas,1370-w--lake-mead-blvd-
https://locations.tacobell.com/mo/valley-park/2115-smizer-station-road.html,mo,valley-park,2115-smizer-station-road
https://locations.tacobell.com/il/villa-park/125-w-roosevelt-rd.html,il,villa-park,125-w-roosevelt-rd
https://locations.tacobell.com/il/addison/555-w--lake-st-.html,il,addison,555-w--lake-st-
https://locations.tacobell.com/ca/pasadena/333-so-rosemead.html,ca,pasadena,333-so-rosemead
https://locations.tacobell.com/il/du-quoin/31-southtowne-shopping-center.html,il,du-quoin,31-southtowne-shopping-center
https://locations.tacobell.com/nj/rio-grande/1403-south-delsea-dr.html,nj,rio-grande,1403-south-delsea-dr
https://locations.tacobell.com/ny/vestal/2507-vestal-pkwy-east.html,ny,vestal,2507-vestal-pkwy-east
https://locations.tacobell.com/ky/harlan/2880-bell-street.html,ky,harlan,2880-bell-street
https://locations.tacobell.com/pa/selinsgrove/1101-n-susquehanna-trl.html,pa,selinsgrove,1101-n-susquehanna-trl
https://locations.tacobell.com/ca/madera/1420-e-yosemite-avenue.html,ca,madera,1420-e-yosemite-avenue
https://locations.tacobell.com/or/roseburg/200-grant-smith-road.html,or,roseburg,200-grant-smith-road
https://locations.tacobell.com/oh/cincinnati/9067-fields-ertel-rd.html,oh,cincinnati,9067-fields-ertel-rd
https://locations.tacobell.com/ca/fremont/40660-grimmer-blvd.html,ca,fremont,40660-grimmer-blvd
https://locations.tacobell.com/wa/sunnyside/2550-yakima-valley-hwy.html,wa,sunnyside,2550-yakima-valley-hwy
https://locations.tacobell.com/nm/grants/1518-e-santa-fe-ave.html,nm,grants,1518-e-santa-fe-ave
https://locations.tacobell.com/nm/albuquerque/10600-unser-boulevard-nw.html,nm,albuquerque,10600-unser-boulevard-nw
https://locations.tacobell.com/tx/plano/401-coit-road.html,tx,plano,401-coit-road
https://locations.tacobell.com/wa/woodinville/13405-ne-175th-st.html,wa,woodinville,13405-ne-175th-st
https://locations.tacobell.com/ri/providence/150-douglas-ave.html,ri,providence,150-douglas-ave
https://locations.tacobell.com/wa/shelton/301-wallace-kneeland-blvd.html,wa,shelton,301-wallace-kneeland-blvd
https://locations.tacobell.com/oh/wooster/4094-burbank-road.html,oh,wooster,4094-burbank-road
https://locations.tacobell.com/fl/palm-bay/1120-malabar-rd-se.html,fl,palm-bay,1120-malabar-rd-se
https://locations.tacobell.com/in/mooresville/429-s-indiana-st.html,in,mooresville,429-s-indiana-st
https://locations.tacobell.com/ny/cicero/7881-brewerton-rd.html,ny,cicero,7881-brewerton-rd
https://locations.tacobell.com/tx/katy/22642-morton-ranch-road.html,tx,katy,22642-morton-ranch-road
https://locations.tacobell.com/tx/cypress/17525-spring-cypress-road.html,tx,cypress,17525-spring-cypress-road
https://locations.tacobell.com/ga/albany/2414-dawson-rd.html,ga,albany,2414-dawson-rd
https://locations.tacobell.com/tx/cibolo/603-cibolo-valley-dr.html,tx,cibolo,603-cibolo-valley-dr
https://locations.tacobell.com/ky/bellevue/55-donnermeyer-drive.html,ky,bellevue,55-donnermeyer-drive
https://locations.tacobell.com/ar/siloam-springs/4171-us-412.html,ar,siloam-springs,4171-us-412
https://locations.tacobell.com/tn/johnson-city/1276-gilbreath-drive.html,tn,johnson-city,1276-gilbreath-drive
https://locations.tacobell.com/sc/winnsboro/10959-state-highway-200.html,sc,winnsboro,10959-state-highway-200
https://locations.tacobell.com/mi/milan/1180-dexter-street.html,mi,milan,1180-dexter-street
https://locations.tacobell.com/ky/edgewood/3039-dixie-highway.html,ky,edgewood,3039-dixie-highway
https://locations.tacobell.com/ga/carrollton/125-maple-crossing.html,ga,carrollton,125-maple-crossing
https://locations.tacobell.com/md/andrews-afb/1811-g-st-.html,md,andrews-afb,1811-g-st-
https://locations.tacobell.com/ca/fort-irwin/918-langford-lake-rd-.html,ca,fort-irwin,918-langford-lake-rd-
https://locations.tacobell.com/tx/sheppard-afb/740-avenue-h.html,tx,sheppard-afb,740-avenue-h
https://locations.tacobell.com/ca/hollywood/6741-hollywood-blvd.html,ca,hollywood,6741-hollywood-blvd
https://locations.tacobell.com/ca/atascadero/1920-camino-real.html,ca,atascadero,1920-camino-real
https://locations.tacobell.com/nj/east-orange/412-central-avenue.html,nj,east-orange,412-central-avenue
https://locations.tacobell.com/oh/rio-grande/11625-oh-588.html,oh,rio-grande,11625-oh-588
https://locations.tacobell.com/mn/mankato/145-st--andrews-dr.html,mn,mankato,145-st--andrews-dr
https://locations.tacobell.com/nc/mt-holly/109-tuckaseege-road.html,nc,mt-holly,109-tuckaseege-road
https://locations.tacobell.com/wi/sussex/w--249-n--6498-hwy-164.html,wi,sussex,w--249-n--6498-hwy-164
https://locations.tacobell.com/wi/muskego/s69w15615-janesville-rd.html,wi,muskego,s69w15615-janesville-rd
https://locations.tacobell.com/wi/germantown/n96w17802-county-line-rd.html,wi,germantown,n96w17802-county-line-rd
https://locations.tacobell.com/tx/lamesa/802-north-lynn-avenue.html,tx,lamesa,802-north-lynn-avenue
https://locations.tacobell.com/in/winfield/7734-e--109th-ave.html,in,winfield,7734-e--109th-ave
https://locations.tacobell.com/ak/palmer/755-west-rowland-memorial-way.html,ak,palmer,755-west-rowland-memorial-way
https://locations.tacobell.com/ia/ankeny/715-s--e--oralabor-rd.html,ia,ankeny,715-s--e--oralabor-rd
https://locations.tacobell.com/ca/los-angeles/6254-lexington-avenue.html,ca,los-angeles,6254-lexington-avenue
https://locations.tacobell.com/nj/elizabeth/512-broad-st.html,nj,elizabeth,512-broad-st
https://locations.tacobell.com/fl/apollo-beach/5096-us-41-19th-ave-nw.html,fl,apollo-beach,5096-us-41-19th-ave-nw
https://locations.tacobell.com/fl/lakeland/5090-dave-robbins-way.html,fl,lakeland,5090-dave-robbins-way
https://locations.tacobell.com/va/madison-heights/5014-s--amherst-hwy.html,va,madison-heights,5014-s--amherst-hwy
https://locations.tacobell.com/fl/crawfordville/49-preston-circle.html,fl,crawfordville,49-preston-circle
https://locations.tacobell.com/ia/davenport/4820-elmore-ave.html,ia,davenport,4820-elmore-ave
https://locations.tacobell.com/il/moline/4650-16th-street.html,il,moline,4650-16th-street
https://locations.tacobell.com/pa/bedford/4468-u-s--220-business.html,pa,bedford,4468-u-s--220-business
https://locations.tacobell.com/il/moline/4120-avenue-of-the-cities.html,il,moline,4120-avenue-of-the-cities
https://locations.tacobell.com/in/indianapolis/3902-south-post-road.html,in,indianapolis,3902-south-post-road
https://locations.tacobell.com/ia/bettendorf/3566-middle-road.html,ia,bettendorf,3566-middle-road
https://locations.tacobell.com/ca/south-gate/3480-firestone-blvd-.html,ca,south-gate,3480-firestone-blvd-
https://locations.tacobell.com/nj/vernon/297-route-94.html,nj,vernon,297-route-94
https://locations.tacobell.com/tx/abilene/2542-s--14th-street.html,tx,abilene,2542-s--14th-street
https://locations.tacobell.com/fl/lakeland/2520-e--memorial-blvd.html,fl,lakeland,2520-e--memorial-blvd
https://locations.tacobell.com/tx/bryan/2305-boonville-road.html,tx,bryan,2305-boonville-road
https://locations.tacobell.com/il/chester/2235-state-st-.html,il,chester,2235-state-st-
https://locations.tacobell.com/sc/manning/2004-paxville-highway.html,sc,manning,2004-paxville-highway
https://locations.tacobell.com/de/georgetown/1-georgetown-plaza.html,de,georgetown,1-georgetown-plaza
https://locations.tacobell.com/mo/mountain-grove/1818-n-main.html,mo,mountain-grove,1818-n-main
https://locations.tacobell.com/mn/lakeville/16085-elmhurst-lane.html,mn,lakeville,16085-elmhurst-lane
https://locations.tacobell.com/il/rock-island/1533-38th-street.html,il,rock-island,1533-38th-street
https://locations.tacobell.com/va/hillsville/145-south-main-street.html,va,hillsville,145-south-main-street
https://locations.tacobell.com/ia/davenport/1443-w-locust-street.html,ia,davenport,1443-w-locust-street
https://locations.tacobell.com/in/fishers/13778-olivia-way.html,in,fishers,13778-olivia-way
https://locations.tacobell.com/fl/riverview/13032-us-301-s.html,fl,riverview,13032-us-301-s
https://locations.tacobell.com/md/takoma-park/1300-holton-lane.html,md,takoma-park,1300-holton-lane
https://locations.tacobell.com/wv/mineral-wells/128-elizabeth-pike.html,wv,mineral-wells,128-elizabeth-pike
https://locations.tacobell.com/pa/woodlyn/1252-macdade-blvd-.html,pa,woodlyn,1252-macdade-blvd-
https://locations.tacobell.com/fl/niceville/4573-e--highway-20.html,fl,niceville,4573-e--highway-20
https://locations.tacobell.com/tn/greeneville/109-asheville-hwy.html,tn,greeneville,109-asheville-hwy
https://locations.tacobell.com/nc/greensboro/103-e-elmsley-drive.html,nc,greensboro,103-e-elmsley-drive
https://locations.tacobell.com/oh/heath/1021-hebron-rd.html,oh,heath,1021-hebron-rd
https://locations.tacobell.com/nc/archdale/10102-s-main-st.html,nc,archdale,10102-s-main-st
https://locations.tacobell.com/ga/cartersville/898-joe-frank-harris-blvd.html,ga,cartersville,898-joe-frank-harris-blvd
https://locations.tacobell.com/ny/webster/1820-empire-blvd.html,ny,webster,1820-empire-blvd
https://locations.tacobell.com/fl/naranja/26551-s--dixie-hwy.html,fl,naranja,26551-s--dixie-hwy
https://locations.tacobell.com/tx/graham/1607-state-hwy-16-south.html,tx,graham,1607-state-hwy-16-south
https://locations.tacobell.com/nj/morristown/191-e--hanover-ave-.html,nj,morristown,191-e--hanover-ave-
https://locations.tacobell.com/tx/pearland/10034-broadway-street.html,tx,pearland,10034-broadway-street
https://locations.tacobell.com/ok/edmond/1049-west-i-35-frontage-rd-.html,ok,edmond,1049-west-i-35-frontage-rd-
https://locations.tacobell.com/pa/johnstown/1125-scalp-avenue.html,pa,johnstown,1125-scalp-avenue
https://locations.tacobell.com/sc/irmo/1172-dutch-fork-rd.html,sc,irmo,1172-dutch-fork-rd
https://locations.tacobell.com/tx/houston/1300-gulfgate-center-mall.html,tx,houston,1300-gulfgate-center-mall
https://locations.tacobell.com/tx/houston/14127-state-highway-249.html,tx,houston,14127-state-highway-249
https://locations.tacobell.com/il/flora/1442-worthey-street.html,il,flora,1442-worthey-street
https://locations.tacobell.com/tn/franklin/1710-columbia-ave.html,tn,franklin,1710-columbia-ave
https://locations.tacobell.com/tn/clarksville/1720-tiny-town-road.html,tn,clarksville,1720-tiny-town-road
https://locations.tacobell.com/fl/lutz/25630-sierra-center-blvd.html,fl,lutz,25630-sierra-center-blvd
https://locations.tacobell.com/fl/middleburg/2614-blanding-blvd.html,fl,middleburg,2614-blanding-blvd
https://locations.tacobell.com/tx/houston/2701-yale-street.html,tx,houston,2701-yale-street
https://locations.tacobell.com/tx/carrollton/4117-north-josey-lane.html,tx,carrollton,4117-north-josey-lane
https://locations.tacobell.com/tx/sugar-land/4950-highway-90a.html,tx,sugar-land,4950-highway-90a
https://locations.tacobell.com/wa/tacoma/5308-176th-st--east.html,wa,tacoma,5308-176th-st--east
https://locations.tacobell.com/ia/des-moines/5959-se-14th-st.html,ia,des-moines,5959-se-14th-st
https://locations.tacobell.com/ga/braselton/6011-highway-53.html,ga,braselton,6011-highway-53
https://locations.tacobell.com/hi/kailua/6109-mokapu-rd.html,hi,kailua,6109-mokapu-rd
https://locations.tacobell.com/mn/fergus-falls/615-frontier-dr.html,mn,fergus-falls,615-frontier-dr
https://locations.tacobell.com/ky/alexandria/7101-alexandria-pike.html,ky,alexandria,7101-alexandria-pike
https://locations.tacobell.com/tx/houston/7904-long-point-road.html,tx,houston,7904-long-point-road
https://locations.tacobell.com/tx/houston/919-federal-rd.html,tx,houston,919-federal-rd
https://locations.tacobell.com/tx/houston/9922-beechnut-st.html,tx,houston,9922-beechnut-st
https://locations.tacobell.com/ks/overland-park/15881-metcalf-avenue.html,ks,overland-park,15881-metcalf-avenue
https://locations.tacobell.com/tx/frisco/12015-university-dr-.html,tx,frisco,12015-university-dr-
https://locations.tacobell.com/ga/grovetown/935-husk-box-way.html,ga,grovetown,935-husk-box-way
https://locations.tacobell.com/ma/worcester/801-grafton-street.html,ma,worcester,801-grafton-street
https://locations.tacobell.com/tx/san-antonio/6938-north-loop-1604-east.html,tx,san-antonio,6938-north-loop-1604-east
https://locations.tacobell.com/mi/grand-rapids/6010-28th-st-se.html,mi,grand-rapids,6010-28th-st-se
https://locations.tacobell.com/va/yorktown/5003-victory-blvd-.html,va,yorktown,5003-victory-blvd-
https://locations.tacobell.com/ok/muskogee/3200-west-okmulgee-ave.html,ok,muskogee,3200-west-okmulgee-ave
https://locations.tacobell.com/fl/spring-hill/3112-anderson-snow-rd.html,fl,spring-hill,3112-anderson-snow-rd
https://locations.tacobell.com/il/naperville/3028-reflection-drive.html,il,naperville,3028-reflection-drive
https://locations.tacobell.com/ks/parsons/301-n--16th-street.html,ks,parsons,301-n--16th-street
https://locations.tacobell.com/mi/rockford/2971-10-mile-rd-ne.html,mi,rockford,2971-10-mile-rd-ne
https://locations.tacobell.com/tx/commerce/2203-live-oak-street.html,tx,commerce,2203-live-oak-street
https://locations.tacobell.com/mn/cloquet/1418-highway-33.html,mn,cloquet,1418-highway-33
https://locations.tacobell.com/az/tucson/1210-w--irvington-rd.html,az,tucson,1210-w--irvington-rd
https://locations.tacobell.com/ca/shafter/100-w-lerdo-hwy.html,ca,shafter,100-w-lerdo-hwy
https://locations.tacobell.com/nj/somerville/956-us-22-east.html,nj,somerville,956-us-22-east
https://locations.tacobell.com/al/montevallo/915-main-st-.html,al,montevallo,915-main-st-
https://locations.tacobell.com/sc/laurens/904-east-main.html,sc,laurens,904-east-main
https://locations.tacobell.com/nj/sicklerville/845-williamstown-erial-road.html,nj,sicklerville,845-williamstown-erial-road
https://locations.tacobell.com/fl/plantation/8221-west-broward-blvd.html,fl,plantation,8221-west-broward-blvd
https://locations.tacobell.com/mo/green-park/6080-s--lindbergh-blvd-.html,mo,green-park,6080-s--lindbergh-blvd-
https://locations.tacobell.com/fl/cooper-city/5990-s--flamingo-road.html,fl,cooper-city,5990-s--flamingo-road
https://locations.tacobell.com/fl/coral-springs/5850-wiles-road.html,fl,coral-springs,5850-wiles-road
https://locations.tacobell.com/oh/toledo/5323-monroe-street.html,oh,toledo,5323-monroe-street
https://locations.tacobell.com/nc/chapel-hill/48-knox-way.html,nc,chapel-hill,48-knox-way
https://locations.tacobell.com/pa/natrona-heights/4009-freeport-road.html,pa,natrona-heights,4009-freeport-road
https://locations.tacobell.com/fl/miami/3855-nw-27th-avenue.html,fl,miami,3855-nw-27th-avenue
https://locations.tacobell.com/ca/wildomar/36230-hidden-springs-rd-.html,ca,wildomar,36230-hidden-springs-rd-
https://locations.tacobell.com/oh/avon/36220-detroit-road.html,oh,avon,36220-detroit-road
https://locations.tacobell.com/tn/knoxville/3003-maynardville-hwy.html,tn,knoxville,3003-maynardville-hwy
https://locations.tacobell.com/mn/jordan/240-triangle-lane-north.html,mn,jordan,240-triangle-lane-north
https://locations.tacobell.com/fl/miami/2375-sw-8th-street.html,fl,miami,2375-sw-8th-street
https://locations.tacobell.com/sc/west-columbia/2353-augusta-road.html,sc,west-columbia,2353-augusta-road
https://locations.tacobell.com/il/marengo/19800-us-route-20.html,il,marengo,19800-us-route-20
https://locations.tacobell.com/fl/miami/14790-sw-56th-st.html,fl,miami,14790-sw-56th-st
https://locations.tacobell.com/nc/bermuda-run/126-nc-hwy-801-n.html,nc,bermuda-run,126-nc-hwy-801-n
https://locations.tacobell.com/wa/napavine/1245-rush-rd-.html,wa,napavine,1245-rush-rd-
https://locations.tacobell.com/ar/bald-knob/118-132-us-167.html,ar,bald-knob,118-132-us-167
https://locations.tacobell.com/fl/miami/11585-quail-roost-drive.html,fl,miami,11585-quail-roost-drive
https://locations.tacobell.com/fl/miami/10725-nw-41st-street.html,fl,miami,10725-nw-41st-street
https://locations.tacobell.com/nv/reno/10635-stead-blvd.html,nv,reno,10635-stead-blvd
https://locations.tacobell.com/wv/oceana/state-route-971.html,wv,oceana,state-route-971
https://locations.tacobell.com/pa/pittsburgh/880-butler-st.html,pa,pittsburgh,880-butler-st
https://locations.tacobell.com/ky/morganfield/716-us-hwy-60-east.html,ky,morganfield,716-us-hwy-60-east
https://locations.tacobell.com/oh/columbus/620-georgesville-rd.html,oh,columbus,620-georgesville-rd
https://locations.tacobell.com/tx/quinlan/614-e--quinlan-parkway.html,tx,quinlan,614-e--quinlan-parkway
https://locations.tacobell.com/ia/coralville/2771-heartland-drive.html,ia,coralville,2771-heartland-drive
https://locations.tacobell.com/ma/springfield/2433-main-street.html,ma,springfield,2433-main-street
https://locations.tacobell.com/ok/hugo/2011-east-jackson-st.html,ok,hugo,2011-east-jackson-st
https://locations.tacobell.com/ny/potsdam/153-market-street.html,ny,potsdam,153-market-street
https://locations.tacobell.com/ri/providence/1304-broad-street.html,ri,providence,1304-broad-street
https://locations.tacobell.com/tx/leander/11940-hero-way-west.html,tx,leander,11940-hero-way-west
https://locations.tacobell.com/oh/carrollton/1154-canton-road-nw.html,oh,carrollton,1154-canton-road-nw
https://locations.tacobell.com/ca/san-bernardino/385-e--hospitality-lane.html,ca,san-bernardino,385-e--hospitality-lane
https://locations.tacobell.com/ia/grimes/2227-e-1st-street.html,ia,grimes,2227-e-1st-street
https://locations.tacobell.com/wv/mt--hope/5459-robert-c-byrd-drive.html,wv,mt--hope,5459-robert-c-byrd-drive
https://locations.tacobell.com/il/chicago/178-north-wabash-ave.html,il,chicago,178-north-wabash-ave
https://locations.tacobell.com/oh/mount-gilead/548-w--marion.html,oh,mount-gilead,548-w--marion
https://locations.tacobell.com/tx/aubrey/915-us-377.html,tx,aubrey,915-us-377
https://locations.tacobell.com/ca/sacramento/7310-w--stockton-blvd-.html,ca,sacramento,7310-w--stockton-blvd-
https://locations.tacobell.com/wa/milton/328-meridian-avenue-east.html,wa,milton,328-meridian-avenue-east
https://locations.tacobell.com/tx/san-antonio/11461-perrin-beitel.html,tx,san-antonio,11461-perrin-beitel
https://locations.tacobell.com/fl/kissimmee/3270-pleasant-hill-rd.html,fl,kissimmee,3270-pleasant-hill-rd
https://locations.tacobell.com/az/camp-verde/1602-w-highway-260.html,az,camp-verde,1602-w-highway-260
https://locations.tacobell.com/tx/dallas/10310-lake-june-rd.html,tx,dallas,10310-lake-june-rd
https://locations.tacobell.com/va/quinton/7330-cumberland-station-road.html,va,quinton,7330-cumberland-station-road
https://locations.tacobell.com/tx/irving/3255-regent-blvd.html,tx,irving,3255-regent-blvd
https://locations.tacobell.com/il/chicago/205-e-ohio-street.html,il,chicago,205-e-ohio-street
https://locations.tacobell.com/oh/willard/101-east-walton-street.html,oh,willard,101-east-walton-street
https://locations.tacobell.com/ks/atchison/937-main-st-.html,ks,atchison,937-main-st-
https://locations.tacobell.com/nm/shiprock/hwy-491.html,nm,shiprock,hwy-491
https://locations.tacobell.com/oh/austinburg/2807-sidley-court.html,oh,austinburg,2807-sidley-court
https://locations.tacobell.com/ut/lehi/2190-w--stockton-lane.html,ut,lehi,2190-w--stockton-lane
https://locations.tacobell.com/ny/corona/38-1-junction-blvd.html,ny,corona,38-1-junction-blvd
https://locations.tacobell.com/or/beaverton/14300-sw-allen-blvd.html,or,beaverton,14300-sw-allen-blvd
https://locations.tacobell.com/ok/broken-arrow/11081-so--oklahoma-state-highway-51.html,ok,broken-arrow,11081-so--oklahoma-state-highway-51
https://locations.tacobell.com/tx/san-antonio/5318-w-walzem-rd.html,tx,san-antonio,5318-w-walzem-rd
https://locations.tacobell.com/ga/fort-valley/201-n-camellia-blvd.html,ga,fort-valley,201-n-camellia-blvd
https://locations.tacobell.com/tx/brownfield/301-lubbock-road.html,tx,brownfield,301-lubbock-road
https://locations.tacobell.com/tx/houston/9601-westheimer-rd.html,tx,houston,9601-westheimer-rd
https://locations.tacobell.com/pa/punxsutawney/21874-route-119.html,pa,punxsutawney,21874-route-119
https://locations.tacobell.com/ny/baldwin/1180-grand-avenue.html,ny,baldwin,1180-grand-avenue
https://locations.tacobell.com/tx/new-caney/11771-north-grand-parkway-east.html,tx,new-caney,11771-north-grand-parkway-east
https://locations.tacobell.com/nc/troutman/1047-charlotte-highway.html,nc,troutman,1047-charlotte-highway
https://locations.tacobell.com/de/milford/649-n--dupont-blvd-.html,de,milford,649-n--dupont-blvd-
https://locations.tacobell.com/tx/ingleside/2494-hwy-361.html,tx,ingleside,2494-hwy-361
https://locations.tacobell.com/oh/swanton/14255-airport-hwy.html,oh,swanton,14255-airport-hwy
https://locations.tacobell.com/fl/groveland/7763-state-road-50.html,fl,groveland,7763-state-road-50
https://locations.tacobell.com/il/calumet-park/12716-ashland-ave-.html,il,calumet-park,12716-ashland-ave-
https://locations.tacobell.com/nj/paterson/156-market-st.html,nj,paterson,156-market-st
https://locations.tacobell.com/nv/las-vegas/2033-e--charleston-blvd.html,nv,las-vegas,2033-e--charleston-blvd
https://locations.tacobell.com/tn/hixson/8522-hixson-pike.html,tn,hixson,8522-hixson-pike
https://locations.tacobell.com/nm/albuquerque/1740-unser-blvd--nw.html,nm,albuquerque,1740-unser-blvd--nw
https://locations.tacobell.com/or/portland/8163-ne-air-cargo-rd.html,or,portland,8163-ne-air-cargo-rd
https://locations.tacobell.com/pa/muncy/155-muncy-creek-boulevard.html,pa,muncy,155-muncy-creek-boulevard
https://locations.tacobell.com/wv/smithers/route-60.html,wv,smithers,route-60
https://locations.tacobell.com/mi/grand-blanc/1058-e-hill-road.html,mi,grand-blanc,1058-e-hill-road
https://locations.tacobell.com/ct/new-haven/130-amity-road.html,ct,new-haven,130-amity-road
https://locations.tacobell.com/pa/walnutport/506-old-main-street.html,pa,walnutport,506-old-main-street
https://locations.tacobell.com/mi/linden/605-west-broad-street.html,mi,linden,605-west-broad-street
https://locations.tacobell.com/tn/athens/2535-decatur-pike.html,tn,athens,2535-decatur-pike
https://locations.tacobell.com/pa/pittsburgh/2603-freeport-road.html,pa,pittsburgh,2603-freeport-road
https://locations.tacobell.com/az/kayenta/us-160.html,az,kayenta,us-160
https://locations.tacobell.com/ca/hanford/2417-e--lacey-blvd.html,ca,hanford,2417-e--lacey-blvd
https://locations.tacobell.com/ca/newport-beach/2121-w--balboa-blvd-.html,ca,newport-beach,2121-w--balboa-blvd-
https://locations.tacobell.com/ar/centerton/1775-e--centerton-blvd-.html,ar,centerton,1775-e--centerton-blvd-
https://locations.tacobell.com/ga/claxton/7897-us-highway-301.html,ga,claxton,7897-us-highway-301
https://locations.tacobell.com/mt/bozeman/2505-catamount-street.html,mt,bozeman,2505-catamount-street
https://locations.tacobell.com/ky/louisville/6306-greenwood-road.html,ky,louisville,6306-greenwood-road
https://locations.tacobell.com/tx/san-antonio/6322-old-pearsall-road.html,tx,san-antonio,6322-old-pearsall-road
https://locations.tacobell.com/wa/clarkston/450-bridge-st.html,wa,clarkston,450-bridge-st
https://locations.tacobell.com/fl/perry/2159-byron-butler-parkway.html,fl,perry,2159-byron-butler-parkway
https://locations.tacobell.com/pa/enola/4300-market-place-way.html,pa,enola,4300-market-place-way
https://locations.tacobell.com/mi/lansing/310-n--clippert-street.html,mi,lansing,310-n--clippert-street
https://locations.tacobell.com/wi/madison/534-state-st.html,wi,madison,534-state-st
https://locations.tacobell.com/tx/san-antonio/11711-oconnor-road.html,tx,san-antonio,11711-oconnor-road
https://locations.tacobell.com/fl/saint-cloud/4899-e-irlo-bronson-mem-hwy.html,fl,saint-cloud,4899-e-irlo-bronson-mem-hwy
https://locations.tacobell.com/nj/irvington/1111-springfield-avenue.html,nj,irvington,1111-springfield-avenue
https://locations.tacobell.com/il/chicago/407-s--dearborn.html,il,chicago,407-s--dearborn
https://locations.tacobell.com/ar/farmington/331-w--main-st-.html,ar,farmington,331-w--main-st-
https://locations.tacobell.com/wi/holmen/129-hale-drive.html,wi,holmen,129-hale-drive
https://locations.tacobell.com/pa/springfield/835-west-sproul-rd.html,pa,springfield,835-west-sproul-rd
https://locations.tacobell.com/va/chesapeake/115-hillcrest-parkway.html,va,chesapeake,115-hillcrest-parkway
https://locations.tacobell.com/oh/ada/530-south-main-street.html,oh,ada,530-south-main-street
https://locations.tacobell.com/va/arlington/2039-wilson-boulevard.html,va,arlington,2039-wilson-boulevard
https://locations.tacobell.com/ky/louisville/6212-shephersdville-road.html,ky,louisville,6212-shephersdville-road
https://locations.tacobell.com/tx/socorro/1041-nuevo-hueco-tanks-road.html,tx,socorro,1041-nuevo-hueco-tanks-road
https://locations.tacobell.com/tx/clute/1025-dixie-drive.html,tx,clute,1025-dixie-drive
https://locations.tacobell.com/fl/palm-coast/5045-state-hwy-100-east.html,fl,palm-coast,5045-state-hwy-100-east
https://locations.tacobell.com/wy/green-river/82-uinta-drive.html,wy,green-river,82-uinta-drive
https://locations.tacobell.com/sc/summerville/10115-dorchester-road.html,sc,summerville,10115-dorchester-road
https://locations.tacobell.com/la/livingston/29170-frost-rd.html,la,livingston,29170-frost-rd
https://locations.tacobell.com/tx/san-antonio/11731-se-loop-410.html,tx,san-antonio,11731-se-loop-410
https://locations.tacobell.com/md/wheaton/2119-university-blvd-w.html,md,wheaton,2119-university-blvd-w
https://locations.tacobell.com/md/rockville/9910-key-west-avenue.html,md,rockville,9910-key-west-avenue
https://locations.tacobell.com/de/wilmington/1925-lancaster-ave.html,de,wilmington,1925-lancaster-ave
https://locations.tacobell.com/pa/brookhaven/3515-edgmont-ave-.html,pa,brookhaven,3515-edgmont-ave-
https://locations.tacobell.com/ca/wheatland/1916-state-route-(sr)-65.html,ca,wheatland,1916-state-route-(sr)-65
https://locations.tacobell.com/nj/carlstadt/675-paterson-ave-.html,nj,carlstadt,675-paterson-ave-
https://locations.tacobell.com/dc/washington/1400-defense-pentagon.html,dc,washington,1400-defense-pentagon
https://locations.tacobell.com/tn/blaine/128-eastland-park-dr-.html,tn,blaine,128-eastland-park-dr-
https://locations.tacobell.com/ny/bronx/3490-jerome-ave.html,ny,bronx,3490-jerome-ave
https://locations.tacobell.com/ny/syracuse/962-e--brighton-ave.html,ny,syracuse,962-e--brighton-ave
https://locations.tacobell.com/in/greenfield/5964-w-john-l-modglin-dr.html,in,greenfield,5964-w-john-l-modglin-dr
https://locations.tacobell.com/la/st-rose/10384-east-airline-hwy.html,la,st-rose,10384-east-airline-hwy
https://locations.tacobell.com/il/chicago/3365-s-martin-luther-king-drive.html,il,chicago,3365-s-martin-luther-king-drive
https://locations.tacobell.com/ca/corona/8602-cajalco-road.html,ca,corona,8602-cajalco-road
https://locations.tacobell.com/ms/diamondhead/4405-e--aloha-dr-.html,ms,diamondhead,4405-e--aloha-dr-
https://locations.tacobell.com/la/baton-rouge/9409-greenwell-springs-rd.html,la,baton-rouge,9409-greenwell-springs-rd
https://locations.tacobell.com/de/newark/2675-pulaski-highway.html,de,newark,2675-pulaski-highway
https://locations.tacobell.com/fl/homosassa/3763-south-suncoast-blvd-.html,fl,homosassa,3763-south-suncoast-blvd-
https://locations.tacobell.com/ct/waterbury/155-thomaston-avenue.html,ct,waterbury,155-thomaston-avenue
https://locations.tacobell.com/al/decatur/2928-point-mallard-pkwy.html,al,decatur,2928-point-mallard-pkwy
https://locations.tacobell.com/ny/new-york/321-1st-avenue.html,ny,new-york,321-1st-avenue
https://locations.tacobell.com/wi/suamico/2326-lineville-rd.html,wi,suamico,2326-lineville-rd
https://locations.tacobell.com/tx/league-city/2660-e-league-city-pkwy.html,tx,league-city,2660-e-league-city-pkwy
https://locations.tacobell.com/fl/ocoee/257-west-fountains-blvd.html,fl,ocoee,257-west-fountains-blvd
https://locations.tacobell.com/ut/saint-george/2725-red-cliffs-dr.html,ut,saint-george,2725-red-cliffs-dr
https://locations.tacobell.com/tx/ferris/314-n--interstate-45.html,tx,ferris,314-n--interstate-45
https://locations.tacobell.com/tn/old-hickory/1510-robinson-rd.html,tn,old-hickory,1510-robinson-rd
https://locations.tacobell.com/ar/little-rock/17116-chenal-parkway.html,ar,little-rock,17116-chenal-parkway
https://locations.tacobell.com/nm/ruidoso/26128-us-hwy-70-e.html,nm,ruidoso,26128-us-hwy-70-e
https://locations.tacobell.com/or/molalla/highway-213-and-highway-211.html,or,molalla,highway-213-and-highway-211
https://locations.tacobell.com/ar/gassville/44-cc-drive.html,ar,gassville,44-cc-drive
https://locations.tacobell.com/md/cambridge/707-cambridge-marketplace-blvd-.html,md,cambridge,707-cambridge-marketplace-blvd-
https://locations.tacobell.com/va/ashburn/43951-farmwell-hunt-plaza.html,va,ashburn,43951-farmwell-hunt-plaza
https://locations.tacobell.com/oh/belpre/613-washington-blvd.html,oh,belpre,613-washington-blvd
https://locations.tacobell.com/ms/olive-branch/7147-hacks-cross-road.html,ms,olive-branch,7147-hacks-cross-road
https://locations.tacobell.com/co/longmont/33-e--ken-pratt-blvd-.html,co,longmont,33-e--ken-pratt-blvd-
https://locations.tacobell.com/va/lynchburg/3270-old-forest-rd.html,va,lynchburg,3270-old-forest-rd
https://locations.tacobell.com/ca/elk-grove/10061-bruceville-road.html,ca,elk-grove,10061-bruceville-road
https://locations.tacobell.com/ny/brooklyn/491-nostrand-ave.html,ny,brooklyn,491-nostrand-ave
https://locations.tacobell.com/ok/checotah/1105-w-gentry-road.html,ok,checotah,1105-w-gentry-road
https://locations.tacobell.com/ny/bronx/880-river-avenue.html,ny,bronx,880-river-avenue
https://locations.tacobell.com/pa/titusville/219-e--central-avenue.html,pa,titusville,219-e--central-avenue
https://locations.tacobell.com/mi/corunna/2511-e-m-21.html,mi,corunna,2511-e-m-21
https://locations.tacobell.com/tn/sparta/230-mose-drive.html,tn,sparta,230-mose-drive
https://locations.tacobell.com/md/denton/615-legion-road.html,md,denton,615-legion-road
https://locations.tacobell.com/tx/mont-belvieu/9521-eagle-dr-.html,tx,mont-belvieu,9521-eagle-dr-
https://locations.tacobell.com/ks/wellington/1180-e--16th-street.html,ks,wellington,1180-e--16th-street
https://locations.tacobell.com/fl/port-saint-lucie/191-sw-port-st-lucie-blvd.html,fl,port-saint-lucie,191-sw-port-st-lucie-blvd
https://locations.tacobell.com/ut/kaysville/313-north-400-west.html,ut,kaysville,313-north-400-west
https://locations.tacobell.com/al/florence/503-s-court-street.html,al,florence,503-s-court-street
https://locations.tacobell.com/ca/castaic/31824-the-old-rd.html,ca,castaic,31824-the-old-rd
https://locations.tacobell.com/wa/vancouver/8605-ne-andreson.html,wa,vancouver,8605-ne-andreson
https://locations.tacobell.com/pa/exton/104-n--pottstown-pike.html,pa,exton,104-n--pottstown-pike
https://locations.tacobell.com/tx/nacogdoches/3805-south-street.html,tx,nacogdoches,3805-south-street
https://locations.tacobell.com/tn/chattanooga/3210-cummings-highway.html,tn,chattanooga,3210-cummings-highway
https://locations.tacobell.com/co/aurora/7480-s-gartrell-rd.html,co,aurora,7480-s-gartrell-rd
https://locations.tacobell.com/tx/houston/9406-cullen-boulevard.html,tx,houston,9406-cullen-boulevard
https://locations.tacobell.com/tx/burnet/1400-s-water-street.html,tx,burnet,1400-s-water-street
https://locations.tacobell.com/ak/anchorage/9000-lake-otis-parkway-units-6-and-7.html,ak,anchorage,9000-lake-otis-parkway-units-6-and-7
https://locations.tacobell.com/nj/forked-river/238-n-main-street.html,nj,forked-river,238-n-main-street
https://locations.tacobell.com/la/pearl-river/64113-hwy-1090.html,la,pearl-river,64113-hwy-1090
https://locations.tacobell.com/ny/ellenville/41-n-main-street.html,ny,ellenville,41-n-main-street
https://locations.tacobell.com/sc/kingstree/316-n-longstreet-st.html,sc,kingstree,316-n-longstreet-st
https://locations.tacobell.com/tx/jarrell/11900-ih-35.html,tx,jarrell,11900-ih-35
https://locations.tacobell.com/oh/cincinnati/5404-north-bend-road.html,oh,cincinnati,5404-north-bend-road
https://locations.tacobell.com/fl/winter-garden/5201-hamlin-groves-trail.html,fl,winter-garden,5201-hamlin-groves-trail
https://locations.tacobell.com/pa/philadelphia/3032-north-broad-st-.html,pa,philadelphia,3032-north-broad-st-
https://locations.tacobell.com/ms/canton/118-soldier-colony-rd.html,ms,canton,118-soldier-colony-rd
https://locations.tacobell.com/tn/murfreesboro/1414-n--rutherford-blvd.html,tn,murfreesboro,1414-n--rutherford-blvd
https://locations.tacobell.com/tx/spring/20232-champion-forest-drive.html,tx,spring,20232-champion-forest-drive
https://locations.tacobell.com/il/chicago/2432-n-milwaukee-ave.html,il,chicago,2432-n-milwaukee-ave
